time,commit,experiment,model,baseline,split,event,lead,subset,metric,value,baseline_value,skill,n_events,n_pixels,data_versions,notes
2026-09-27T10:11:46+00:00,b7260d8,model1,otsu (vs gfm),none,val,macro,map,all,brier,0.0088,,,1,3407022,dem=glo30-2021;ecmwf=open-0p25;generator=synthetic-1;gfm=V0M2R2;glofas=4.5;imerg=V07;sentinel1=synthetic,"step 1, no training: reference for the U-Net"
2026-09-27T10:11:46+00:00,b7260d8,model1,otsu (vs gfm),none,val,macro,map,all,ece,0.0453,,,1,3407022,dem=glo30-2021;ecmwf=open-0p25;generator=synthetic-1;gfm=V0M2R2;glofas=4.5;imerg=V07;sentinel1=synthetic,"step 1, no training: reference for the U-Net"
2026-09-27T10:11:46+00:00,b7260d8,model1,otsu (vs gfm),none,val,macro,map,all,f1,0.524,,,1,3407022,dem=glo30-2021;ecmwf=open-0p25;generator=synthetic-1;gfm=V0M2R2;glofas=4.5;imerg=V07;sentinel1=synthetic,"step 1, no training: reference for the U-Net"
2026-09-27T10:11:46+00:00,b7260d8,model1,otsu (vs gfm),none,val,macro,map,all,iou,0.3551,,,1,3407022,dem=glo30-2021;ecmwf=open-0p25;generator=synthetic-1;gfm=V0M2R2;glofas=4.5;imerg=V07;sentinel1=synthetic,"step 1, no training: reference for the U-Net"
2026-09-27T10:11:46+00:00,b7260d8,model1,otsu (vs gfm),none,val,macro,map,all,precision,0.4032,,,1,3407022,dem=glo30-2021;ecmwf=open-0p25;generator=synthetic-1;gfm=V0M2R2;glofas=4.5;imerg=V07;sentinel1=synthetic,"step 1, no training: reference for the U-Net"
2026-09-27T10:11:46+00:00,b7260d8,model1,otsu (vs gfm),none,val,macro,map,all,recall,0.7482,,,1,3407022,dem=glo30-2021;ecmwf=open-0p25;generator=synthetic-1;gfm=V0M2R2;glofas=4.5;imerg=V07;sentinel1=synthetic,"step 1, no training: reference for the U-Net"
2026-09-27T10:11:47+00:00,b7260d8,model1,unet (vs gfm),otsu,val,macro,map,all,brier,0.0016,0.0088,0.8217,1,3407022,dem=glo30-2021;ecmwf=open-0p25;generator=synthetic-1;gfm=V0M2R2;glofas=4.5;imerg=V07;sentinel1=synthetic,
2026-09-27T10:11:47+00:00,b7260d8,model1,unet (vs gfm),otsu,val,macro,map,all,ece,0.0011,0.0453,0.9752,1,3407022,dem=glo30-2021;ecmwf=open-0p25;generator=synthetic-1;gfm=V0M2R2;glofas=4.5;imerg=V07;sentinel1=synthetic,
2026-09-27T10:11:47+00:00,b7260d8,model1,unet (vs gfm),otsu,val,macro,map,all,f1,0.818,0.524,0.6176,1,3407022,dem=glo30-2021;ecmwf=open-0p25;generator=synthetic-1;gfm=V0M2R2;glofas=4.5;imerg=V07;sentinel1=synthetic,
2026-09-27T10:11:47+00:00,b7260d8,model1,unet (vs gfm),otsu,val,macro,map,all,iou,0.692,0.3551,0.5225,1,3407022,dem=glo30-2021;ecmwf=open-0p25;generator=synthetic-1;gfm=V0M2R2;glofas=4.5;imerg=V07;sentinel1=synthetic,
2026-09-27T10:11:47+00:00,b7260d8,model1,unet (vs gfm),otsu,val,macro,map,all,precision,0.8991,0.4032,0.831,1,3407022,dem=glo30-2021;ecmwf=open-0p25;generator=synthetic-1;gfm=V0M2R2;glofas=4.5;imerg=V07;sentinel1=synthetic,
2026-09-27T10:11:47+00:00,b7260d8,model1,unet (vs gfm),otsu,val,macro,map,all,recall,0.7503,0.7482,0.008,1,3407022,dem=glo30-2021;ecmwf=open-0p25;generator=synthetic-1;gfm=V0M2R2;glofas=4.5;imerg=V07;sentinel1=synthetic,
2026-09-27T10:11:47+00:00,b7260d8,model1,otsu (vs truth),none,val,macro,map,all,brier,0.0098,,,1,3407022,dem=glo30-2021;ecmwf=open-0p25;generator=synthetic-1;gfm=V0M2R2;glofas=4.5;imerg=V07;sentinel1=synthetic,"step 1, no training: reference for the U-Net"
2026-09-27T10:11:47+00:00,b7260d8,model1,otsu (vs truth),none,val,macro,map,all,ece,0.0435,,,1,3407022,dem=glo30-2021;ecmwf=open-0p25;generator=synthetic-1;gfm=V0M2R2;glofas=4.5;imerg=V07;sentinel1=synthetic,"step 1, no training: reference for the U-Net"
2026-09-27T10:11:47+00:00,b7260d8,model1,otsu (vs truth),none,val,macro,map,all,f1,0.5106,,,1,3407022,dem=glo30-2021;ecmwf=open-0p25;generator=synthetic-1;gfm=V0M2R2;glofas=4.5;imerg=V07;sentinel1=synthetic,"step 1, no training: reference for the U-Net"
2026-09-27T10:11:47+00:00,b7260d8,model1,otsu (vs truth),none,val,macro,map,all,iou,0.3428,,,1,3407022,dem=glo30-2021;ecmwf=open-0p25;generator=synthetic-1;gfm=V0M2R2;glofas=4.5;imerg=V07;sentinel1=synthetic,"step 1, no training: reference for the U-Net"
2026-09-27T10:11:47+00:00,b7260d8,model1,otsu (vs truth),none,val,macro,map,all,precision,0.4385,,,1,3407022,dem=glo30-2021;ecmwf=open-0p25;generator=synthetic-1;gfm=V0M2R2;glofas=4.5;imerg=V07;sentinel1=synthetic,"step 1, no training: reference for the U-Net"
2026-09-27T10:11:47+00:00,b7260d8,model1,otsu (vs truth),none,val,macro,map,all,recall,0.6109,,,1,3407022,dem=glo30-2021;ecmwf=open-0p25;generator=synthetic-1;gfm=V0M2R2;glofas=4.5;imerg=V07;sentinel1=synthetic,"step 1, no training: reference for the U-Net"
2026-09-27T10:11:47+00:00,b7260d8,model1,unet (vs truth),otsu,val,macro,map,all,brier,0.0027,0.0098,0.7246,1,3407022,dem=glo30-2021;ecmwf=open-0p25;generator=synthetic-1;gfm=V0M2R2;glofas=4.5;imerg=V07;sentinel1=synthetic,
2026-09-27T10:11:47+00:00,b7260d8,model1,unet (vs truth),otsu,val,macro,map,all,ece,0.0022,0.0435,0.9487,1,3407022,dem=glo30-2021;ecmwf=open-0p25;generator=synthetic-1;gfm=V0M2R2;glofas=4.5;imerg=V07;sentinel1=synthetic,
2026-09-27T10:11:47+00:00,b7260d8,model1,unet (vs truth),otsu,val,macro,map,all,f1,0.7506,0.5106,0.4904,1,3407022,dem=glo30-2021;ecmwf=open-0p25;generator=synthetic-1;gfm=V0M2R2;glofas=4.5;imerg=V07;sentinel1=synthetic,
2026-09-27T10:11:47+00:00,b7260d8,model1,unet (vs truth),otsu,val,macro,map,all,iou,0.6008,0.3428,0.3925,1,3407022,dem=glo30-2021;ecmwf=open-0p25;generator=synthetic-1;gfm=V0M2R2;glofas=4.5;imerg=V07;sentinel1=synthetic,
2026-09-27T10:11:47+00:00,b7260d8,model1,unet (vs truth),otsu,val,macro,map,all,precision,0.9743,0.4385,0.9543,1,3407022,dem=glo30-2021;ecmwf=open-0p25;generator=synthetic-1;gfm=V0M2R2;glofas=4.5;imerg=V07;sentinel1=synthetic,
2026-09-27T10:11:47+00:00,b7260d8,model1,unet (vs truth),otsu,val,macro,map,all,recall,0.6104,0.6109,-0.0013,1,3407022,dem=glo30-2021;ecmwf=open-0p25;generator=synthetic-1;gfm=V0M2R2;glofas=4.5;imerg=V07;sentinel1=synthetic,
2026-09-27T10:12:09+00:00,2e7b230,model1,otsu (vs gfm),none,test,macro,map,all,brier,0.0083,,,1,5286018,dem=glo30-2021;ecmwf=open-0p25;generator=synthetic-1;gfm=V0M2R2;glofas=4.5;imerg=V07;sentinel1=synthetic,"step 1, no training: reference for the U-Net"
2026-09-27T10:12:09+00:00,2e7b230,model1,otsu (vs gfm),none,test,macro,map,all,ece,0.0356,,,1,5286018,dem=glo30-2021;ecmwf=open-0p25;generator=synthetic-1;gfm=V0M2R2;glofas=4.5;imerg=V07;sentinel1=synthetic,"step 1, no training: reference for the U-Net"
2026-09-27T10:12:09+00:00,2e7b230,model1,otsu (vs gfm),none,test,macro,map,all,f1,0.8673,,,1,5286018,dem=glo30-2021;ecmwf=open-0p25;generator=synthetic-1;gfm=V0M2R2;glofas=4.5;imerg=V07;sentinel1=synthetic,"step 1, no training: reference for the U-Net"
2026-09-27T10:12:09+00:00,2e7b230,model1,otsu (vs gfm),none,test,macro,map,all,iou,0.7657,,,1,5286018,dem=glo30-2021;ecmwf=open-0p25;generator=synthetic-1;gfm=V0M2R2;glofas=4.5;imerg=V07;sentinel1=synthetic,"step 1, no training: reference for the U-Net"
2026-09-27T10:12:09+00:00,2e7b230,model1,otsu (vs gfm),none,test,macro,map,all,precision,0.8084,,,1,5286018,dem=glo30-2021;ecmwf=open-0p25;generator=synthetic-1;gfm=V0M2R2;glofas=4.5;imerg=V07;sentinel1=synthetic,"step 1, no training: reference for the U-Net"
2026-09-27T10:12:09+00:00,2e7b230,model1,otsu (vs gfm),none,test,macro,map,all,recall,0.9355,,,1,5286018,dem=glo30-2021;ecmwf=open-0p25;generator=synthetic-1;gfm=V0M2R2;glofas=4.5;imerg=V07;sentinel1=synthetic,"step 1, no training: reference for the U-Net"
2026-09-27T10:12:10+00:00,2e7b230,model1,unet (vs gfm),otsu,test,macro,map,all,brier,0.002,0.0083,0.755,1,5286018,dem=glo30-2021;ecmwf=open-0p25;generator=synthetic-1;gfm=V0M2R2;glofas=4.5;imerg=V07;sentinel1=synthetic,
2026-09-27T10:12:10+00:00,2e7b230,model1,unet (vs gfm),otsu,test,macro,map,all,ece,0.0013,0.0356,0.9629,1,5286018,dem=glo30-2021;ecmwf=open-0p25;generator=synthetic-1;gfm=V0M2R2;glofas=4.5;imerg=V07;sentinel1=synthetic,
2026-09-27T10:12:10+00:00,2e7b230,model1,unet (vs gfm),otsu,test,macro,map,all,f1,0.9548,0.8673,0.6595,1,5286018,dem=glo30-2021;ecmwf=open-0p25;generator=synthetic-1;gfm=V0M2R2;glofas=4.5;imerg=V07;sentinel1=synthetic,
2026-09-27T10:12:10+00:00,2e7b230,model1,unet (vs gfm),otsu,test,macro,map,all,iou,0.9135,0.7657,0.6309,1,5286018,dem=glo30-2021;ecmwf=open-0p25;generator=synthetic-1;gfm=V0M2R2;glofas=4.5;imerg=V07;sentinel1=synthetic,
2026-09-27T10:12:10+00:00,2e7b230,model1,unet (vs gfm),otsu,test,macro,map,all,precision,0.9645,0.8084,0.8147,1,5286018,dem=glo30-2021;ecmwf=open-0p25;generator=synthetic-1;gfm=V0M2R2;glofas=4.5;imerg=V07;sentinel1=synthetic,
2026-09-27T10:12:10+00:00,2e7b230,model1,unet (vs gfm),otsu,test,macro,map,all,recall,0.9453,0.9355,0.1522,1,5286018,dem=glo30-2021;ecmwf=open-0p25;generator=synthetic-1;gfm=V0M2R2;glofas=4.5;imerg=V07;sentinel1=synthetic,
2026-09-27T10:12:10+00:00,2e7b230,model1,otsu (vs truth),none,test,macro,map,all,brier,0.0133,,,1,5286018,dem=glo30-2021;ecmwf=open-0p25;generator=synthetic-1;gfm=V0M2R2;glofas=4.5;imerg=V07;sentinel1=synthetic,"step 1, no training: reference for the U-Net"
2026-09-27T10:12:10+00:00,2e7b230,model1,otsu (vs truth),none,test,macro,map,all,ece,0.028,,,1,5286018,dem=glo30-2021;ecmwf=open-0p25;generator=synthetic-1;gfm=V0M2R2;glofas=4.5;imerg=V07;sentinel1=synthetic,"step 1, no training: reference for the U-Net"
2026-09-27T10:12:10+00:00,2e7b230,model1,otsu (vs truth),none,test,macro,map,all,f1,0.8029,,,1,5286018,dem=glo30-2021;ecmwf=open-0p25;generator=synthetic-1;gfm=V0M2R2;glofas=4.5;imerg=V07;sentinel1=synthetic,"step 1, no training: reference for the U-Net"
2026-09-27T10:12:10+00:00,2e7b230,model1,otsu (vs truth),none,test,macro,map,all,iou,0.6707,,,1,5286018,dem=glo30-2021;ecmwf=open-0p25;generator=synthetic-1;gfm=V0M2R2;glofas=4.5;imerg=V07;sentinel1=synthetic,"step 1, no training: reference for the U-Net"
2026-09-27T10:12:10+00:00,2e7b230,model1,otsu (vs truth),none,test,macro,map,all,precision,0.8521,,,1,5286018,dem=glo30-2021;ecmwf=open-0p25;generator=synthetic-1;gfm=V0M2R2;glofas=4.5;imerg=V07;sentinel1=synthetic,"step 1, no training: reference for the U-Net"
2026-09-27T10:12:10+00:00,2e7b230,model1,otsu (vs truth),none,test,macro,map,all,recall,0.759,,,1,5286018,dem=glo30-2021;ecmwf=open-0p25;generator=synthetic-1;gfm=V0M2R2;glofas=4.5;imerg=V07;sentinel1=synthetic,"step 1, no training: reference for the U-Net"
2026-09-27T10:12:10+00:00,2e7b230,model1,unet (vs truth),otsu,test,macro,map,all,brier,0.0082,0.0133,0.3829,1,5286018,dem=glo30-2021;ecmwf=open-0p25;generator=synthetic-1;gfm=V0M2R2;glofas=4.5;imerg=V07;sentinel1=synthetic,
2026-09-27T10:12:10+00:00,2e7b230,model1,unet (vs truth),otsu,test,macro,map,all,ece,0.0079,0.028,0.7171,1,5286018,dem=glo30-2021;ecmwf=open-0p25;generator=synthetic-1;gfm=V0M2R2;glofas=4.5;imerg=V07;sentinel1=synthetic,
2026-09-27T10:12:10+00:00,2e7b230,model1,unet (vs truth),otsu,test,macro,map,all,f1,0.8537,0.8029,0.258,1,5286018,dem=glo30-2021;ecmwf=open-0p25;generator=synthetic-1;gfm=V0M2R2;glofas=4.5;imerg=V07;sentinel1=synthetic,
2026-09-27T10:12:10+00:00,2e7b230,model1,unet (vs truth),otsu,test,macro,map,all,iou,0.7448,0.6707,0.2251,1,5286018,dem=glo30-2021;ecmwf=open-0p25;generator=synthetic-1;gfm=V0M2R2;glofas=4.5;imerg=V07;sentinel1=synthetic,
2026-09-27T10:12:10+00:00,2e7b230,model1,unet (vs truth),otsu,test,macro,map,all,precision,0.9927,0.8521,0.9507,1,5286018,dem=glo30-2021;ecmwf=open-0p25;generator=synthetic-1;gfm=V0M2R2;glofas=4.5;imerg=V07;sentinel1=synthetic,
2026-09-27T10:12:10+00:00,2e7b230,model1,unet (vs truth),otsu,test,macro,map,all,recall,0.7489,0.759,-0.0421,1,5286018,dem=glo30-2021;ecmwf=open-0p25;generator=synthetic-1;gfm=V0M2R2;glofas=4.5;imerg=V07;sentinel1=synthetic,
2026-09-27T10:13:46+00:00,2e7b230,model2,persistence,none,val,macro,+1d,all,brier,0.0076,,,1,5212937,dem=glo30-2021;ecmwf=open-0p25;generator=synthetic-1;gfm=V0M2R2;glofas=4.5;imerg=V07;sentinel1=synthetic,"reference forecast (repeat the last map). IoU/F1 at each model's F1-best threshold per lead, tuned on this validation split"
2026-09-27T10:13:46+00:00,2e7b230,model2,persistence,none,val,macro,+1d,all,ece,0.0111,,,1,5212937,dem=glo30-2021;ecmwf=open-0p25;generator=synthetic-1;gfm=V0M2R2;glofas=4.5;imerg=V07;sentinel1=synthetic,"reference forecast (repeat the last map). IoU/F1 at each model's F1-best threshold per lead, tuned on this validation split"
2026-09-27T10:13:46+00:00,2e7b230,model2,persistence,none,val,macro,+1d,all,f1,0.269,,,1,5212937,dem=glo30-2021;ecmwf=open-0p25;generator=synthetic-1;gfm=V0M2R2;glofas=4.5;imerg=V07;sentinel1=synthetic,"reference forecast (repeat the last map). IoU/F1 at each model's F1-best threshold per lead, tuned on this validation split"
2026-09-27T10:13:46+00:00,2e7b230,model2,persistence,none,val,macro,+1d,all,iou,0.1554,,,1,5212937,dem=glo30-2021;ecmwf=open-0p25;generator=synthetic-1;gfm=V0M2R2;glofas=4.5;imerg=V07;sentinel1=synthetic,"reference forecast (repeat the last map). IoU/F1 at each model's F1-best threshold per lead, tuned on this validation split"
2026-09-27T10:13:46+00:00,2e7b230,model2,persistence,none,val,macro,+1d,all,precision,0.2392,,,1,5212937,dem=glo30-2021;ecmwf=open-0p25;generator=synthetic-1;gfm=V0M2R2;glofas=4.5;imerg=V07;sentinel1=synthetic,"reference forecast (repeat the last map). IoU/F1 at each model's F1-best threshold per lead, tuned on this validation split"
2026-09-27T10:13:46+00:00,2e7b230,model2,persistence,none,val,macro,+1d,all,recall,0.3073,,,1,5212937,dem=glo30-2021;ecmwf=open-0p25;generator=synthetic-1;gfm=V0M2R2;glofas=4.5;imerg=V07;sentinel1=synthetic,"reference forecast (repeat the last map). IoU/F1 at each model's F1-best threshold per lead, tuned on this validation split"
2026-09-27T10:13:46+00:00,2e7b230,model2,persistence,none,val,macro,+1d,drained,brier,0.7307,,,1,31083,dem=glo30-2021;ecmwf=open-0p25;generator=synthetic-1;gfm=V0M2R2;glofas=4.5;imerg=V07;sentinel1=synthetic,"reference forecast (repeat the last map). IoU/F1 at each model's F1-best threshold per lead, tuned on this validation split"
2026-09-27T10:13:46+00:00,2e7b230,model2,persistence,none,val,macro,+1d,drained,ece,0.7408,,,1,31083,dem=glo30-2021;ecmwf=open-0p25;generator=synthetic-1;gfm=V0M2R2;glofas=4.5;imerg=V07;sentinel1=synthetic,"reference forecast (repeat the last map). IoU/F1 at each model's F1-best threshold per lead, tuned on this validation split"
2026-09-27T10:13:46+00:00,2e7b230,model2,persistence,none,val,macro,+1d,drained,f1,0.0,,,1,31083,dem=glo30-2021;ecmwf=open-0p25;generator=synthetic-1;gfm=V0M2R2;glofas=4.5;imerg=V07;sentinel1=synthetic,"reference forecast (repeat the last map). IoU/F1 at each model's F1-best threshold per lead, tuned on this validation split"
2026-09-27T10:13:46+00:00,2e7b230,model2,persistence,none,val,macro,+1d,drained,iou,0.0,,,1,31083,dem=glo30-2021;ecmwf=open-0p25;generator=synthetic-1;gfm=V0M2R2;glofas=4.5;imerg=V07;sentinel1=synthetic,"reference forecast (repeat the last map). IoU/F1 at each model's F1-best threshold per lead, tuned on this validation split"
2026-09-27T10:13:46+00:00,2e7b230,model2,persistence,none,val,macro,+1d,drained,precision,,,,0,31083,dem=glo30-2021;ecmwf=open-0p25;generator=synthetic-1;gfm=V0M2R2;glofas=4.5;imerg=V07;sentinel1=synthetic,"reference forecast (repeat the last map). IoU/F1 at each model's F1-best threshold per lead, tuned on this validation split"
2026-09-27T10:13:46+00:00,2e7b230,model2,persistence,none,val,macro,+1d,drained,recall,0.0,,,1,31083,dem=glo30-2021;ecmwf=open-0p25;generator=synthetic-1;gfm=V0M2R2;glofas=4.5;imerg=V07;sentinel1=synthetic,"reference forecast (repeat the last map). IoU/F1 at each model's F1-best threshold per lead, tuned on this validation split"
2026-09-27T10:13:46+00:00,2e7b230,model2,persistence,none,val,macro,+1d,newly_flooded,brier,0.0033,,,1,5181854,dem=glo30-2021;ecmwf=open-0p25;generator=synthetic-1;gfm=V0M2R2;glofas=4.5;imerg=V07;sentinel1=synthetic,"reference forecast (repeat the last map). IoU/F1 at each model's F1-best threshold per lead, tuned on this validation split"
2026-09-27T10:13:46+00:00,2e7b230,model2,persistence,none,val,macro,+1d,newly_flooded,ece,0.0068,,,1,5181854,dem=glo30-2021;ecmwf=open-0p25;generator=synthetic-1;gfm=V0M2R2;glofas=4.5;imerg=V07;sentinel1=synthetic,"reference forecast (repeat the last map). IoU/F1 at each model's F1-best threshold per lead, tuned on this validation split"
2026-09-27T10:13:46+00:00,2e7b230,model2,persistence,none,val,macro,+1d,newly_flooded,f1,0.0,,,1,5181854,dem=glo30-2021;ecmwf=open-0p25;generator=synthetic-1;gfm=V0M2R2;glofas=4.5;imerg=V07;sentinel1=synthetic,"reference forecast (repeat the last map). IoU/F1 at each model's F1-best threshold per lead, tuned on this validation split"
2026-09-27T10:13:46+00:00,2e7b230,model2,persistence,none,val,macro,+1d,newly_flooded,iou,0.0,,,1,5181854,dem=glo30-2021;ecmwf=open-0p25;generator=synthetic-1;gfm=V0M2R2;glofas=4.5;imerg=V07;sentinel1=synthetic,"reference forecast (repeat the last map). IoU/F1 at each model's F1-best threshold per lead, tuned on this validation split"
2026-09-27T10:13:46+00:00,2e7b230,model2,persistence,none,val,macro,+1d,newly_flooded,precision,,,,0,5181854,dem=glo30-2021;ecmwf=open-0p25;generator=synthetic-1;gfm=V0M2R2;glofas=4.5;imerg=V07;sentinel1=synthetic,"reference forecast (repeat the last map). IoU/F1 at each model's F1-best threshold per lead, tuned on this validation split"
2026-09-27T10:13:46+00:00,2e7b230,model2,persistence,none,val,macro,+1d,newly_flooded,recall,0.0,,,1,5181854,dem=glo30-2021;ecmwf=open-0p25;generator=synthetic-1;gfm=V0M2R2;glofas=4.5;imerg=V07;sentinel1=synthetic,"reference forecast (repeat the last map). IoU/F1 at each model's F1-best threshold per lead, tuned on this validation split"
2026-09-27T10:13:46+00:00,2e7b230,model2,persistence,none,val,macro,+2d,all,brier,0.0077,,,1,3407022,dem=glo30-2021;ecmwf=open-0p25;generator=synthetic-1;gfm=V0M2R2;glofas=4.5;imerg=V07;sentinel1=synthetic,"reference forecast (repeat the last map). IoU/F1 at each model's F1-best threshold per lead, tuned on this validation split"
2026-09-27T10:13:46+00:00,2e7b230,model2,persistence,none,val,macro,+2d,all,ece,0.0101,,,1,3407022,dem=glo30-2021;ecmwf=open-0p25;generator=synthetic-1;gfm=V0M2R2;glofas=4.5;imerg=V07;sentinel1=synthetic,"reference forecast (repeat the last map). IoU/F1 at each model's F1-best threshold per lead, tuned on this validation split"
2026-09-27T10:13:46+00:00,2e7b230,model2,persistence,none,val,macro,+2d,all,f1,0.2688,,,1,3407022,dem=glo30-2021;ecmwf=open-0p25;generator=synthetic-1;gfm=V0M2R2;glofas=4.5;imerg=V07;sentinel1=synthetic,"reference forecast (repeat the last map). IoU/F1 at each model's F1-best threshold per lead, tuned on this validation split"
2026-09-27T10:13:46+00:00,2e7b230,model2,persistence,none,val,macro,+2d,all,iou,0.1553,,,1,3407022,dem=glo30-2021;ecmwf=open-0p25;generator=synthetic-1;gfm=V0M2R2;glofas=4.5;imerg=V07;sentinel1=synthetic,"reference forecast (repeat the last map). IoU/F1 at each model's F1-best threshold per lead, tuned on this validation split"
2026-09-27T10:13:46+00:00,2e7b230,model2,persistence,none,val,macro,+2d,all,precision,0.2631,,,1,3407022,dem=glo30-2021;ecmwf=open-0p25;generator=synthetic-1;gfm=V0M2R2;glofas=4.5;imerg=V07;sentinel1=synthetic,"reference forecast (repeat the last map). IoU/F1 at each model's F1-best threshold per lead, tuned on this validation split"
2026-09-27T10:13:46+00:00,2e7b230,model2,persistence,none,val,macro,+2d,all,recall,0.2747,,,1,3407022,dem=glo30-2021;ecmwf=open-0p25;generator=synthetic-1;gfm=V0M2R2;glofas=4.5;imerg=V07;sentinel1=synthetic,"reference forecast (repeat the last map). IoU/F1 at each model's F1-best threshold per lead, tuned on this validation split"
2026-09-27T10:13:46+00:00,2e7b230,model2,persistence,none,val,macro,+2d,drained,brier,0.7078,,,1,18575,dem=glo30-2021;ecmwf=open-0p25;generator=synthetic-1;gfm=V0M2R2;glofas=4.5;imerg=V07;sentinel1=synthetic,"reference forecast (repeat the last map). IoU/F1 at each model's F1-best threshold per lead, tuned on this validation split"
2026-09-27T10:13:46+00:00,2e7b230,model2,persistence,none,val,macro,+2d,drained,ece,0.7169,,,1,18575,dem=glo30-2021;ecmwf=open-0p25;generator=synthetic-1;gfm=V0M2R2;glofas=4.5;imerg=V07;sentinel1=synthetic,"reference forecast (repeat the last map). IoU/F1 at each model's F1-best threshold per lead, tuned on this validation split"
2026-09-27T10:13:46+00:00,2e7b230,model2,persistence,none,val,macro,+2d,drained,f1,0.0,,,1,18575,dem=glo30-2021;ecmwf=open-0p25;generator=synthetic-1;gfm=V0M2R2;glofas=4.5;imerg=V07;sentinel1=synthetic,"reference forecast (repeat the last map). IoU/F1 at each model's F1-best threshold per lead, tuned on this validation split"
2026-09-27T10:13:46+00:00,2e7b230,model2,persistence,none,val,macro,+2d,drained,iou,0.0,,,1,18575,dem=glo30-2021;ecmwf=open-0p25;generator=synthetic-1;gfm=V0M2R2;glofas=4.5;imerg=V07;sentinel1=synthetic,"reference forecast (repeat the last map). IoU/F1 at each model's F1-best threshold per lead, tuned on this validation split"
2026-09-27T10:13:46+00:00,2e7b230,model2,persistence,none,val,macro,+2d,drained,precision,,,,0,18575,dem=glo30-2021;ecmwf=open-0p25;generator=synthetic-1;gfm=V0M2R2;glofas=4.5;imerg=V07;sentinel1=synthetic,"reference forecast (repeat the last map). IoU/F1 at each model's F1-best threshold per lead, tuned on this validation split"
2026-09-27T10:13:46+00:00,2e7b230,model2,persistence,none,val,macro,+2d,drained,recall,0.0,,,1,18575,dem=glo30-2021;ecmwf=open-0p25;generator=synthetic-1;gfm=V0M2R2;glofas=4.5;imerg=V07;sentinel1=synthetic,"reference forecast (repeat the last map). IoU/F1 at each model's F1-best threshold per lead, tuned on this validation split"
2026-09-27T10:13:46+00:00,2e7b230,model2,persistence,none,val,macro,+2d,newly_flooded,brier,0.0038,,,1,3388447,dem=glo30-2021;ecmwf=open-0p25;generator=synthetic-1;gfm=V0M2R2;glofas=4.5;imerg=V07;sentinel1=synthetic,"reference forecast (repeat the last map). IoU/F1 at each model's F1-best threshold per lead, tuned on this validation split"
2026-09-27T10:13:46+00:00,2e7b230,model2,persistence,none,val,macro,+2d,newly_flooded,ece,0.0062,,,1,3388447,dem=glo30-2021;ecmwf=open-0p25;generator=synthetic-1;gfm=V0M2R2;glofas=4.5;imerg=V07;sentinel1=synthetic,"reference forecast (repeat the last map). IoU/F1 at each model's F1-best threshold per lead, tuned on this validation split"
2026-09-27T10:13:46+00:00,2e7b230,model2,persistence,none,val,macro,+2d,newly_flooded,f1,0.0,,,1,3388447,dem=glo30-2021;ecmwf=open-0p25;generator=synthetic-1;gfm=V0M2R2;glofas=4.5;imerg=V07;sentinel1=synthetic,"reference forecast (repeat the last map). IoU/F1 at each model's F1-best threshold per lead, tuned on this validation split"
2026-09-27T10:13:46+00:00,2e7b230,model2,persistence,none,val,macro,+2d,newly_flooded,iou,0.0,,,1,3388447,dem=glo30-2021;ecmwf=open-0p25;generator=synthetic-1;gfm=V0M2R2;glofas=4.5;imerg=V07;sentinel1=synthetic,"reference forecast (repeat the last map). IoU/F1 at each model's F1-best threshold per lead, tuned on this validation split"
2026-09-27T10:13:46+00:00,2e7b230,model2,persistence,none,val,macro,+2d,newly_flooded,precision,,,,0,3388447,dem=glo30-2021;ecmwf=open-0p25;generator=synthetic-1;gfm=V0M2R2;glofas=4.5;imerg=V07;sentinel1=synthetic,"reference forecast (repeat the last map). IoU/F1 at each model's F1-best threshold per lead, tuned on this validation split"
2026-09-27T10:13:46+00:00,2e7b230,model2,persistence,none,val,macro,+2d,newly_flooded,recall,0.0,,,1,3388447,dem=glo30-2021;ecmwf=open-0p25;generator=synthetic-1;gfm=V0M2R2;glofas=4.5;imerg=V07;sentinel1=synthetic,"reference forecast (repeat the last map). IoU/F1 at each model's F1-best threshold per lead, tuned on this validation split"
2026-09-27T10:13:46+00:00,2e7b230,model2,persistence,none,val,macro,+3d,all,brier,0.0077,,,1,3407022,dem=glo30-2021;ecmwf=open-0p25;generator=synthetic-1;gfm=V0M2R2;glofas=4.5;imerg=V07;sentinel1=synthetic,"reference forecast (repeat the last map). IoU/F1 at each model's F1-best threshold per lead, tuned on this validation split"
2026-09-27T10:13:46+00:00,2e7b230,model2,persistence,none,val,macro,+3d,all,ece,0.0101,,,1,3407022,dem=glo30-2021;ecmwf=open-0p25;generator=synthetic-1;gfm=V0M2R2;glofas=4.5;imerg=V07;sentinel1=synthetic,"reference forecast (repeat the last map). IoU/F1 at each model's F1-best threshold per lead, tuned on this validation split"
2026-09-27T10:13:46+00:00,2e7b230,model2,persistence,none,val,macro,+3d,all,f1,0.2688,,,1,3407022,dem=glo30-2021;ecmwf=open-0p25;generator=synthetic-1;gfm=V0M2R2;glofas=4.5;imerg=V07;sentinel1=synthetic,"reference forecast (repeat the last map). IoU/F1 at each model's F1-best threshold per lead, tuned on this validation split"
2026-09-27T10:13:46+00:00,2e7b230,model2,persistence,none,val,macro,+3d,all,iou,0.1553,,,1,3407022,dem=glo30-2021;ecmwf=open-0p25;generator=synthetic-1;gfm=V0M2R2;glofas=4.5;imerg=V07;sentinel1=synthetic,"reference forecast (repeat the last map). IoU/F1 at each model's F1-best threshold per lead, tuned on this validation split"
2026-09-27T10:13:46+00:00,2e7b230,model2,persistence,none,val,macro,+3d,all,precision,0.2631,,,1,3407022,dem=glo30-2021;ecmwf=open-0p25;generator=synthetic-1;gfm=V0M2R2;glofas=4.5;imerg=V07;sentinel1=synthetic,"reference forecast (repeat the last map). IoU/F1 at each model's F1-best threshold per lead, tuned on this validation split"
2026-09-27T10:13:46+00:00,2e7b230,model2,persistence,none,val,macro,+3d,all,recall,0.2747,,,1,3407022,dem=glo30-2021;ecmwf=open-0p25;generator=synthetic-1;gfm=V0M2R2;glofas=4.5;imerg=V07;sentinel1=synthetic,"reference forecast (repeat the last map). IoU/F1 at each model's F1-best threshold per lead, tuned on this validation split"
2026-09-27T10:13:46+00:00,2e7b230,model2,persistence,none,val,macro,+3d,drained,brier,0.7078,,,1,18575,dem=glo30-2021;ecmwf=open-0p25;generator=synthetic-1;gfm=V0M2R2;glofas=4.5;imerg=V07;sentinel1=synthetic,"reference forecast (repeat the last map). IoU/F1 at each model's F1-best threshold per lead, tuned on this validation split"
2026-09-27T10:13:46+00:00,2e7b230,model2,persistence,none,val,macro,+3d,drained,ece,0.7169,,,1,18575,dem=glo30-2021;ecmwf=open-0p25;generator=synthetic-1;gfm=V0M2R2;glofas=4.5;imerg=V07;sentinel1=synthetic,"reference forecast (repeat the last map). IoU/F1 at each model's F1-best threshold per lead, tuned on this validation split"
2026-09-27T10:13:46+00:00,2e7b230,model2,persistence,none,val,macro,+3d,drained,f1,0.0,,,1,18575,dem=glo30-2021;ecmwf=open-0p25;generator=synthetic-1;gfm=V0M2R2;glofas=4.5;imerg=V07;sentinel1=synthetic,"reference forecast (repeat the last map). IoU/F1 at each model's F1-best threshold per lead, tuned on this validation split"
2026-09-27T10:13:46+00:00,2e7b230,model2,persistence,none,val,macro,+3d,drained,iou,0.0,,,1,18575,dem=glo30-2021;ecmwf=open-0p25;generator=synthetic-1;gfm=V0M2R2;glofas=4.5;imerg=V07;sentinel1=synthetic,"reference forecast (repeat the last map). IoU/F1 at each model's F1-best threshold per lead, tuned on this validation split"
2026-09-27T10:13:46+00:00,2e7b230,model2,persistence,none,val,macro,+3d,drained,precision,,,,0,18575,dem=glo30-2021;ecmwf=open-0p25;generator=synthetic-1;gfm=V0M2R2;glofas=4.5;imerg=V07;sentinel1=synthetic,"reference forecast (repeat the last map). IoU/F1 at each model's F1-best threshold per lead, tuned on this validation split"
2026-09-27T10:13:46+00:00,2e7b230,model2,persistence,none,val,macro,+3d,drained,recall,0.0,,,1,18575,dem=glo30-2021;ecmwf=open-0p25;generator=synthetic-1;gfm=V0M2R2;glofas=4.5;imerg=V07;sentinel1=synthetic,"reference forecast (repeat the last map). IoU/F1 at each model's F1-best threshold per lead, tuned on this validation split"
2026-09-27T10:13:46+00:00,2e7b230,model2,persistence,none,val,macro,+3d,newly_flooded,brier,0.0038,,,1,3388447,dem=glo30-2021;ecmwf=open-0p25;generator=synthetic-1;gfm=V0M2R2;glofas=4.5;imerg=V07;sentinel1=synthetic,"reference forecast (repeat the last map). IoU/F1 at each model's F1-best threshold per lead, tuned on this validation split"
2026-09-27T10:13:46+00:00,2e7b230,model2,persistence,none,val,macro,+3d,newly_flooded,ece,0.0062,,,1,3388447,dem=glo30-2021;ecmwf=open-0p25;generator=synthetic-1;gfm=V0M2R2;glofas=4.5;imerg=V07;sentinel1=synthetic,"reference forecast (repeat the last map). IoU/F1 at each model's F1-best threshold per lead, tuned on this validation split"
2026-09-27T10:13:46+00:00,2e7b230,model2,persistence,none,val,macro,+3d,newly_flooded,f1,0.0,,,1,3388447,dem=glo30-2021;ecmwf=open-0p25;generator=synthetic-1;gfm=V0M2R2;glofas=4.5;imerg=V07;sentinel1=synthetic,"reference forecast (repeat the last map). IoU/F1 at each model's F1-best threshold per lead, tuned on this validation split"
2026-09-27T10:13:46+00:00,2e7b230,model2,persistence,none,val,macro,+3d,newly_flooded,iou,0.0,,,1,3388447,dem=glo30-2021;ecmwf=open-0p25;generator=synthetic-1;gfm=V0M2R2;glofas=4.5;imerg=V07;sentinel1=synthetic,"reference forecast (repeat the last map). IoU/F1 at each model's F1-best threshold per lead, tuned on this validation split"
2026-09-27T10:13:46+00:00,2e7b230,model2,persistence,none,val,macro,+3d,newly_flooded,precision,,,,0,3388447,dem=glo30-2021;ecmwf=open-0p25;generator=synthetic-1;gfm=V0M2R2;glofas=4.5;imerg=V07;sentinel1=synthetic,"reference forecast (repeat the last map). IoU/F1 at each model's F1-best threshold per lead, tuned on this validation split"
2026-09-27T10:13:46+00:00,2e7b230,model2,persistence,none,val,macro,+3d,newly_flooded,recall,0.0,,,1,3388447,dem=glo30-2021;ecmwf=open-0p25;generator=synthetic-1;gfm=V0M2R2;glofas=4.5;imerg=V07;sentinel1=synthetic,"reference forecast (repeat the last map). IoU/F1 at each model's F1-best threshold per lead, tuned on this validation split"
2026-09-27T10:13:46+00:00,2e7b230,model2,persistence,none,val,macro,+4d,all,brier,0.0077,,,1,3407022,dem=glo30-2021;ecmwf=open-0p25;generator=synthetic-1;gfm=V0M2R2;glofas=4.5;imerg=V07;sentinel1=synthetic,"reference forecast (repeat the last map). IoU/F1 at each model's F1-best threshold per lead, tuned on this validation split"
2026-09-27T10:13:46+00:00,2e7b230,model2,persistence,none,val,macro,+4d,all,ece,0.0101,,,1,3407022,dem=glo30-2021;ecmwf=open-0p25;generator=synthetic-1;gfm=V0M2R2;glofas=4.5;imerg=V07;sentinel1=synthetic,"reference forecast (repeat the last map). IoU/F1 at each model's F1-best threshold per lead, tuned on this validation split"
2026-09-27T10:13:46+00:00,2e7b230,model2,persistence,none,val,macro,+4d,all,f1,0.2688,,,1,3407022,dem=glo30-2021;ecmwf=open-0p25;generator=synthetic-1;gfm=V0M2R2;glofas=4.5;imerg=V07;sentinel1=synthetic,"reference forecast (repeat the last map). IoU/F1 at each model's F1-best threshold per lead, tuned on this validation split"
2026-09-27T10:13:46+00:00,2e7b230,model2,persistence,none,val,macro,+4d,all,iou,0.1553,,,1,3407022,dem=glo30-2021;ecmwf=open-0p25;generator=synthetic-1;gfm=V0M2R2;glofas=4.5;imerg=V07;sentinel1=synthetic,"reference forecast (repeat the last map). IoU/F1 at each model's F1-best threshold per lead, tuned on this validation split"
2026-09-27T10:13:46+00:00,2e7b230,model2,persistence,none,val,macro,+4d,all,precision,0.2631,,,1,3407022,dem=glo30-2021;ecmwf=open-0p25;generator=synthetic-1;gfm=V0M2R2;glofas=4.5;imerg=V07;sentinel1=synthetic,"reference forecast (repeat the last map). IoU/F1 at each model's F1-best threshold per lead, tuned on this validation split"
2026-09-27T10:13:46+00:00,2e7b230,model2,persistence,none,val,macro,+4d,all,recall,0.2747,,,1,3407022,dem=glo30-2021;ecmwf=open-0p25;generator=synthetic-1;gfm=V0M2R2;glofas=4.5;imerg=V07;sentinel1=synthetic,"reference forecast (repeat the last map). IoU/F1 at each model's F1-best threshold per lead, tuned on this validation split"
2026-09-27T10:13:46+00:00,2e7b230,model2,persistence,none,val,macro,+4d,drained,brier,0.7078,,,1,18575,dem=glo30-2021;ecmwf=open-0p25;generator=synthetic-1;gfm=V0M2R2;glofas=4.5;imerg=V07;sentinel1=synthetic,"reference forecast (repeat the last map). IoU/F1 at each model's F1-best threshold per lead, tuned on this validation split"
2026-09-27T10:13:46+00:00,2e7b230,model2,persistence,none,val,macro,+4d,drained,ece,0.7169,,,1,18575,dem=glo30-2021;ecmwf=open-0p25;generator=synthetic-1;gfm=V0M2R2;glofas=4.5;imerg=V07;sentinel1=synthetic,"reference forecast (repeat the last map). IoU/F1 at each model's F1-best threshold per lead, tuned on this validation split"
2026-09-27T10:13:46+00:00,2e7b230,model2,persistence,none,val,macro,+4d,drained,f1,0.0,,,1,18575,dem=glo30-2021;ecmwf=open-0p25;generator=synthetic-1;gfm=V0M2R2;glofas=4.5;imerg=V07;sentinel1=synthetic,"reference forecast (repeat the last map). IoU/F1 at each model's F1-best threshold per lead, tuned on this validation split"
2026-09-27T10:13:46+00:00,2e7b230,model2,persistence,none,val,macro,+4d,drained,iou,0.0,,,1,18575,dem=glo30-2021;ecmwf=open-0p25;generator=synthetic-1;gfm=V0M2R2;glofas=4.5;imerg=V07;sentinel1=synthetic,"reference forecast (repeat the last map). IoU/F1 at each model's F1-best threshold per lead, tuned on this validation split"
2026-09-27T10:13:46+00:00,2e7b230,model2,persistence,none,val,macro,+4d,drained,precision,,,,0,18575,dem=glo30-2021;ecmwf=open-0p25;generator=synthetic-1;gfm=V0M2R2;glofas=4.5;imerg=V07;sentinel1=synthetic,"reference forecast (repeat the last map). IoU/F1 at each model's F1-best threshold per lead, tuned on this validation split"
2026-09-27T10:13:46+00:00,2e7b230,model2,persistence,none,val,macro,+4d,drained,recall,0.0,,,1,18575,dem=glo30-2021;ecmwf=open-0p25;generator=synthetic-1;gfm=V0M2R2;glofas=4.5;imerg=V07;sentinel1=synthetic,"reference forecast (repeat the last map). IoU/F1 at each model's F1-best threshold per lead, tuned on this validation split"
2026-09-27T10:13:46+00:00,2e7b230,model2,persistence,none,val,macro,+4d,newly_flooded,brier,0.0038,,,1,3388447,dem=glo30-2021;ecmwf=open-0p25;generator=synthetic-1;gfm=V0M2R2;glofas=4.5;imerg=V07;sentinel1=synthetic,"reference forecast (repeat the last map). IoU/F1 at each model's F1-best threshold per lead, tuned on this validation split"
2026-09-27T10:13:46+00:00,2e7b230,model2,persistence,none,val,macro,+4d,newly_flooded,ece,0.0062,,,1,3388447,dem=glo30-2021;ecmwf=open-0p25;generator=synthetic-1;gfm=V0M2R2;glofas=4.5;imerg=V07;sentinel1=synthetic,"reference forecast (repeat the last map). IoU/F1 at each model's F1-best threshold per lead, tuned on this validation split"
2026-09-27T10:13:46+00:00,2e7b230,model2,persistence,none,val,macro,+4d,newly_flooded,f1,0.0,,,1,3388447,dem=glo30-2021;ecmwf=open-0p25;generator=synthetic-1;gfm=V0M2R2;glofas=4.5;imerg=V07;sentinel1=synthetic,"reference forecast (repeat the last map). IoU/F1 at each model's F1-best threshold per lead, tuned on this validation split"
2026-09-27T10:13:46+00:00,2e7b230,model2,persistence,none,val,macro,+4d,newly_flooded,iou,0.0,,,1,3388447,dem=glo30-2021;ecmwf=open-0p25;generator=synthetic-1;gfm=V0M2R2;glofas=4.5;imerg=V07;sentinel1=synthetic,"reference forecast (repeat the last map). IoU/F1 at each model's F1-best threshold per lead, tuned on this validation split"
2026-09-27T10:13:46+00:00,2e7b230,model2,persistence,none,val,macro,+4d,newly_flooded,precision,,,,0,3388447,dem=glo30-2021;ecmwf=open-0p25;generator=synthetic-1;gfm=V0M2R2;glofas=4.5;imerg=V07;sentinel1=synthetic,"reference forecast (repeat the last map). IoU/F1 at each model's F1-best threshold per lead, tuned on this validation split"
2026-09-27T10:13:46+00:00,2e7b230,model2,persistence,none,val,macro,+4d,newly_flooded,recall,0.0,,,1,3388447,dem=glo30-2021;ecmwf=open-0p25;generator=synthetic-1;gfm=V0M2R2;glofas=4.5;imerg=V07;sentinel1=synthetic,"reference forecast (repeat the last map). IoU/F1 at each model's F1-best threshold per lead, tuned on this validation split"
2026-09-27T10:13:46+00:00,2e7b230,model2,persistence,none,val,macro,+5d,all,brier,0.0084,,,1,3407022,dem=glo30-2021;ecmwf=open-0p25;generator=synthetic-1;gfm=V0M2R2;glofas=4.5;imerg=V07;sentinel1=synthetic,"reference forecast (repeat the last map). IoU/F1 at each model's F1-best threshold per lead, tuned on this validation split"
2026-09-27T10:13:46+00:00,2e7b230,model2,persistence,none,val,macro,+5d,all,ece,0.0108,,,1,3407022,dem=glo30-2021;ecmwf=open-0p25;generator=synthetic-1;gfm=V0M2R2;glofas=4.5;imerg=V07;sentinel1=synthetic,"reference forecast (repeat the last map). IoU/F1 at each model's F1-best threshold per lead, tuned on this validation split"
2026-09-27T10:13:46+00:00,2e7b230,model2,persistence,none,val,macro,+5d,all,f1,0.2526,,,1,3407022,dem=glo30-2021;ecmwf=open-0p25;generator=synthetic-1;gfm=V0M2R2;glofas=4.5;imerg=V07;sentinel1=synthetic,"reference forecast (repeat the last map). IoU/F1 at each model's F1-best threshold per lead, tuned on this validation split"
2026-09-27T10:13:46+00:00,2e7b230,model2,persistence,none,val,macro,+5d,all,iou,0.1446,,,1,3407022,dem=glo30-2021;ecmwf=open-0p25;generator=synthetic-1;gfm=V0M2R2;glofas=4.5;imerg=V07;sentinel1=synthetic,"reference forecast (repeat the last map). IoU/F1 at each model's F1-best threshold per lead, tuned on this validation split"
2026-09-27T10:13:46+00:00,2e7b230,model2,persistence,none,val,macro,+5d,all,precision,0.2321,,,1,3407022,dem=glo30-2021;ecmwf=open-0p25;generator=synthetic-1;gfm=V0M2R2;glofas=4.5;imerg=V07;sentinel1=synthetic,"reference forecast (repeat the last map). IoU/F1 at each model's F1-best threshold per lead, tuned on this validation split"
2026-09-27T10:13:46+00:00,2e7b230,model2,persistence,none,val,macro,+5d,all,recall,0.2772,,,1,3407022,dem=glo30-2021;ecmwf=open-0p25;generator=synthetic-1;gfm=V0M2R2;glofas=4.5;imerg=V07;sentinel1=synthetic,"reference forecast (repeat the last map). IoU/F1 at each model's F1-best threshold per lead, tuned on this validation split"
2026-09-27T10:13:46+00:00,2e7b230,model2,persistence,none,val,macro,+5d,drained,brier,0.7376,,,1,21251,dem=glo30-2021;ecmwf=open-0p25;generator=synthetic-1;gfm=V0M2R2;glofas=4.5;imerg=V07;sentinel1=synthetic,"reference forecast (repeat the last map). IoU/F1 at each model's F1-best threshold per lead, tuned on this validation split"
2026-09-27T10:13:46+00:00,2e7b230,model2,persistence,none,val,macro,+5d,drained,ece,0.7479,,,1,21251,dem=glo30-2021;ecmwf=open-0p25;generator=synthetic-1;gfm=V0M2R2;glofas=4.5;imerg=V07;sentinel1=synthetic,"reference forecast (repeat the last map). IoU/F1 at each model's F1-best threshold per lead, tuned on this validation split"
2026-09-27T10:13:46+00:00,2e7b230,model2,persistence,none,val,macro,+5d,drained,f1,0.0,,,1,21251,dem=glo30-2021;ecmwf=open-0p25;generator=synthetic-1;gfm=V0M2R2;glofas=4.5;imerg=V07;sentinel1=synthetic,"reference forecast (repeat the last map). IoU/F1 at each model's F1-best threshold per lead, tuned on this validation split"
2026-09-27T10:13:46+00:00,2e7b230,model2,persistence,none,val,macro,+5d,drained,iou,0.0,,,1,21251,dem=glo30-2021;ecmwf=open-0p25;generator=synthetic-1;gfm=V0M2R2;glofas=4.5;imerg=V07;sentinel1=synthetic,"reference forecast (repeat the last map). IoU/F1 at each model's F1-best threshold per lead, tuned on this validation split"
2026-09-27T10:13:46+00:00,2e7b230,model2,persistence,none,val,macro,+5d,drained,precision,,,,0,21251,dem=glo30-2021;ecmwf=open-0p25;generator=synthetic-1;gfm=V0M2R2;glofas=4.5;imerg=V07;sentinel1=synthetic,"reference forecast (repeat the last map). IoU/F1 at each model's F1-best threshold per lead, tuned on this validation split"
2026-09-27T10:13:46+00:00,2e7b230,model2,persistence,none,val,macro,+5d,drained,recall,0.0,,,1,21251,dem=glo30-2021;ecmwf=open-0p25;generator=synthetic-1;gfm=V0M2R2;glofas=4.5;imerg=V07;sentinel1=synthetic,"reference forecast (repeat the last map). IoU/F1 at each model's F1-best threshold per lead, tuned on this validation split"
2026-09-27T10:13:46+00:00,2e7b230,model2,persistence,none,val,macro,+5d,newly_flooded,brier,0.0038,,,1,3385771,dem=glo30-2021;ecmwf=open-0p25;generator=synthetic-1;gfm=V0M2R2;glofas=4.5;imerg=V07;sentinel1=synthetic,"reference forecast (repeat the last map). IoU/F1 at each model's F1-best threshold per lead, tuned on this validation split"
2026-09-27T10:13:46+00:00,2e7b230,model2,persistence,none,val,macro,+5d,newly_flooded,ece,0.0062,,,1,3385771,dem=glo30-2021;ecmwf=open-0p25;generator=synthetic-1;gfm=V0M2R2;glofas=4.5;imerg=V07;sentinel1=synthetic,"reference forecast (repeat the last map). IoU/F1 at each model's F1-best threshold per lead, tuned on this validation split"
2026-09-27T10:13:46+00:00,2e7b230,model2,persistence,none,val,macro,+5d,newly_flooded,f1,0.0,,,1,3385771,dem=glo30-2021;ecmwf=open-0p25;generator=synthetic-1;gfm=V0M2R2;glofas=4.5;imerg=V07;sentinel1=synthetic,"reference forecast (repeat the last map). IoU/F1 at each model's F1-best threshold per lead, tuned on this validation split"
2026-09-27T10:13:46+00:00,2e7b230,model2,persistence,none,val,macro,+5d,newly_flooded,iou,0.0,,,1,3385771,dem=glo30-2021;ecmwf=open-0p25;generator=synthetic-1;gfm=V0M2R2;glofas=4.5;imerg=V07;sentinel1=synthetic,"reference forecast (repeat the last map). IoU/F1 at each model's F1-best threshold per lead, tuned on this validation split"
2026-09-27T10:13:46+00:00,2e7b230,model2,persistence,none,val,macro,+5d,newly_flooded,precision,,,,0,3385771,dem=glo30-2021;ecmwf=open-0p25;generator=synthetic-1;gfm=V0M2R2;glofas=4.5;imerg=V07;sentinel1=synthetic,"reference forecast (repeat the last map). IoU/F1 at each model's F1-best threshold per lead, tuned on this validation split"
2026-09-27T10:13:46+00:00,2e7b230,model2,persistence,none,val,macro,+5d,newly_flooded,recall,0.0,,,1,3385771,dem=glo30-2021;ecmwf=open-0p25;generator=synthetic-1;gfm=V0M2R2;glofas=4.5;imerg=V07;sentinel1=synthetic,"reference forecast (repeat the last map). IoU/F1 at each model's F1-best threshold per lead, tuned on this validation split"
2026-09-27T10:13:46+00:00,2e7b230,model2,persistence,none,val,macro,+6d,all,brier,0.0078,,,1,3407022,dem=glo30-2021;ecmwf=open-0p25;generator=synthetic-1;gfm=V0M2R2;glofas=4.5;imerg=V07;sentinel1=synthetic,"reference forecast (repeat the last map). IoU/F1 at each model's F1-best threshold per lead, tuned on this validation split"
2026-09-27T10:13:46+00:00,2e7b230,model2,persistence,none,val,macro,+6d,all,ece,0.0101,,,1,3407022,dem=glo30-2021;ecmwf=open-0p25;generator=synthetic-1;gfm=V0M2R2;glofas=4.5;imerg=V07;sentinel1=synthetic,"reference forecast (repeat the last map). IoU/F1 at each model's F1-best threshold per lead, tuned on this validation split"
2026-09-27T10:13:46+00:00,2e7b230,model2,persistence,none,val,macro,+6d,all,f1,0.2592,,,1,3407022,dem=glo30-2021;ecmwf=open-0p25;generator=synthetic-1;gfm=V0M2R2;glofas=4.5;imerg=V07;sentinel1=synthetic,"reference forecast (repeat the last map). IoU/F1 at each model's F1-best threshold per lead, tuned on this validation split"
2026-09-27T10:13:46+00:00,2e7b230,model2,persistence,none,val,macro,+6d,all,iou,0.1489,,,1,3407022,dem=glo30-2021;ecmwf=open-0p25;generator=synthetic-1;gfm=V0M2R2;glofas=4.5;imerg=V07;sentinel1=synthetic,"reference forecast (repeat the last map). IoU/F1 at each model's F1-best threshold per lead, tuned on this validation split"
2026-09-27T10:13:46+00:00,2e7b230,model2,persistence,none,val,macro,+6d,all,precision,0.2522,,,1,3407022,dem=glo30-2021;ecmwf=open-0p25;generator=synthetic-1;gfm=V0M2R2;glofas=4.5;imerg=V07;sentinel1=synthetic,"reference forecast (repeat the last map). IoU/F1 at each model's F1-best threshold per lead, tuned on this validation split"
2026-09-27T10:13:46+00:00,2e7b230,model2,persistence,none,val,macro,+6d,all,recall,0.2666,,,1,3407022,dem=glo30-2021;ecmwf=open-0p25;generator=synthetic-1;gfm=V0M2R2;glofas=4.5;imerg=V07;sentinel1=synthetic,"reference forecast (repeat the last map). IoU/F1 at each model's F1-best threshold per lead, tuned on this validation split"
2026-09-27T10:13:46+00:00,2e7b230,model2,persistence,none,val,macro,+6d,drained,brier,0.7183,,,1,18814,dem=glo30-2021;ecmwf=open-0p25;generator=synthetic-1;gfm=V0M2R2;glofas=4.5;imerg=V07;sentinel1=synthetic,"reference forecast (repeat the last map). IoU/F1 at each model's F1-best threshold per lead, tuned on this validation split"
2026-09-27T10:13:46+00:00,2e7b230,model2,persistence,none,val,macro,+6d,drained,ece,0.7278,,,1,18814,dem=glo30-2021;ecmwf=open-0p25;generator=synthetic-1;gfm=V0M2R2;glofas=4.5;imerg=V07;sentinel1=synthetic,"reference forecast (repeat the last map). IoU/F1 at each model's F1-best threshold per lead, tuned on this validation split"
2026-09-27T10:13:46+00:00,2e7b230,model2,persistence,none,val,macro,+6d,drained,f1,0.0,,,1,18814,dem=glo30-2021;ecmwf=open-0p25;generator=synthetic-1;gfm=V0M2R2;glofas=4.5;imerg=V07;sentinel1=synthetic,"reference forecast (repeat the last map). IoU/F1 at each model's F1-best threshold per lead, tuned on this validation split"
2026-09-27T10:13:46+00:00,2e7b230,model2,persistence,none,val,macro,+6d,drained,iou,0.0,,,1,18814,dem=glo30-2021;ecmwf=open-0p25;generator=synthetic-1;gfm=V0M2R2;glofas=4.5;imerg=V07;sentinel1=synthetic,"reference forecast (repeat the last map). IoU/F1 at each model's F1-best threshold per lead, tuned on this validation split"
2026-09-27T10:13:46+00:00,2e7b230,model2,persistence,none,val,macro,+6d,drained,precision,,,,0,18814,dem=glo30-2021;ecmwf=open-0p25;generator=synthetic-1;gfm=V0M2R2;glofas=4.5;imerg=V07;sentinel1=synthetic,"reference forecast (repeat the last map). IoU/F1 at each model's F1-best threshold per lead, tuned on this validation split"
2026-09-27T10:13:46+00:00,2e7b230,model2,persistence,none,val,macro,+6d,drained,recall,0.0,,,1,18814,dem=glo30-2021;ecmwf=open-0p25;generator=synthetic-1;gfm=V0M2R2;glofas=4.5;imerg=V07;sentinel1=synthetic,"reference forecast (repeat the last map). IoU/F1 at each model's F1-best threshold per lead, tuned on this validation split"
2026-09-27T10:13:46+00:00,2e7b230,model2,persistence,none,val,macro,+6d,newly_flooded,brier,0.0039,,,1,3388208,dem=glo30-2021;ecmwf=open-0p25;generator=synthetic-1;gfm=V0M2R2;glofas=4.5;imerg=V07;sentinel1=synthetic,"reference forecast (repeat the last map). IoU/F1 at each model's F1-best threshold per lead, tuned on this validation split"
2026-09-27T10:13:46+00:00,2e7b230,model2,persistence,none,val,macro,+6d,newly_flooded,ece,0.0061,,,1,3388208,dem=glo30-2021;ecmwf=open-0p25;generator=synthetic-1;gfm=V0M2R2;glofas=4.5;imerg=V07;sentinel1=synthetic,"reference forecast (repeat the last map). IoU/F1 at each model's F1-best threshold per lead, tuned on this validation split"
2026-09-27T10:13:46+00:00,2e7b230,model2,persistence,none,val,macro,+6d,newly_flooded,f1,0.0,,,1,3388208,dem=glo30-2021;ecmwf=open-0p25;generator=synthetic-1;gfm=V0M2R2;glofas=4.5;imerg=V07;sentinel1=synthetic,"reference forecast (repeat the last map). IoU/F1 at each model's F1-best threshold per lead, tuned on this validation split"
2026-09-27T10:13:46+00:00,2e7b230,model2,persistence,none,val,macro,+6d,newly_flooded,iou,0.0,,,1,3388208,dem=glo30-2021;ecmwf=open-0p25;generator=synthetic-1;gfm=V0M2R2;glofas=4.5;imerg=V07;sentinel1=synthetic,"reference forecast (repeat the last map). IoU/F1 at each model's F1-best threshold per lead, tuned on this validation split"
2026-09-27T10:13:46+00:00,2e7b230,model2,persistence,none,val,macro,+6d,newly_flooded,precision,,,,0,3388208,dem=glo30-2021;ecmwf=open-0p25;generator=synthetic-1;gfm=V0M2R2;glofas=4.5;imerg=V07;sentinel1=synthetic,"reference forecast (repeat the last map). IoU/F1 at each model's F1-best threshold per lead, tuned on this validation split"
2026-09-27T10:13:46+00:00,2e7b230,model2,persistence,none,val,macro,+6d,newly_flooded,recall,0.0,,,1,3388208,dem=glo30-2021;ecmwf=open-0p25;generator=synthetic-1;gfm=V0M2R2;glofas=4.5;imerg=V07;sentinel1=synthetic,"reference forecast (repeat the last map). IoU/F1 at each model's F1-best threshold per lead, tuned on this validation split"
2026-09-27T10:13:46+00:00,2e7b230,model2,persistence,none,val,macro,+7d,all,brier,0.0081,,,1,3407022,dem=glo30-2021;ecmwf=open-0p25;generator=synthetic-1;gfm=V0M2R2;glofas=4.5;imerg=V07;sentinel1=synthetic,"reference forecast (repeat the last map). IoU/F1 at each model's F1-best threshold per lead, tuned on this validation split"
2026-09-27T10:13:46+00:00,2e7b230,model2,persistence,none,val,macro,+7d,all,ece,0.0103,,,1,3407022,dem=glo30-2021;ecmwf=open-0p25;generator=synthetic-1;gfm=V0M2R2;glofas=4.5;imerg=V07;sentinel1=synthetic,"reference forecast (repeat the last map). IoU/F1 at each model's F1-best threshold per lead, tuned on this validation split"
2026-09-27T10:13:46+00:00,2e7b230,model2,persistence,none,val,macro,+7d,all,f1,0.242,,,1,3407022,dem=glo30-2021;ecmwf=open-0p25;generator=synthetic-1;gfm=V0M2R2;glofas=4.5;imerg=V07;sentinel1=synthetic,"reference forecast (repeat the last map). IoU/F1 at each model's F1-best threshold per lead, tuned on this validation split"
2026-09-27T10:13:46+00:00,2e7b230,model2,persistence,none,val,macro,+7d,all,iou,0.1376,,,1,3407022,dem=glo30-2021;ecmwf=open-0p25;generator=synthetic-1;gfm=V0M2R2;glofas=4.5;imerg=V07;sentinel1=synthetic,"reference forecast (repeat the last map). IoU/F1 at each model's F1-best threshold per lead, tuned on this validation split"
2026-09-27T10:13:46+00:00,2e7b230,model2,persistence,none,val,macro,+7d,all,precision,0.2318,,,1,3407022,dem=glo30-2021;ecmwf=open-0p25;generator=synthetic-1;gfm=V0M2R2;glofas=4.5;imerg=V07;sentinel1=synthetic,"reference forecast (repeat the last map). IoU/F1 at each model's F1-best threshold per lead, tuned on this validation split"
2026-09-27T10:13:46+00:00,2e7b230,model2,persistence,none,val,macro,+7d,all,recall,0.2531,,,1,3407022,dem=glo30-2021;ecmwf=open-0p25;generator=synthetic-1;gfm=V0M2R2;glofas=4.5;imerg=V07;sentinel1=synthetic,"reference forecast (repeat the last map). IoU/F1 at each model's F1-best threshold per lead, tuned on this validation split"
2026-09-27T10:13:46+00:00,2e7b230,model2,persistence,none,val,macro,+7d,drained,brier,0.7379,,,1,19434,dem=glo30-2021;ecmwf=open-0p25;generator=synthetic-1;gfm=V0M2R2;glofas=4.5;imerg=V07;sentinel1=synthetic,"reference forecast (repeat the last map). IoU/F1 at each model's F1-best threshold per lead, tuned on this validation split"
2026-09-27T10:13:46+00:00,2e7b230,model2,persistence,none,val,macro,+7d,drained,ece,0.7482,,,1,19434,dem=glo30-2021;ecmwf=open-0p25;generator=synthetic-1;gfm=V0M2R2;glofas=4.5;imerg=V07;sentinel1=synthetic,"reference forecast (repeat the last map). IoU/F1 at each model's F1-best threshold per lead, tuned on this validation split"
2026-09-27T10:13:46+00:00,2e7b230,model2,persistence,none,val,macro,+7d,drained,f1,0.0,,,1,19434,dem=glo30-2021;ecmwf=open-0p25;generator=synthetic-1;gfm=V0M2R2;glofas=4.5;imerg=V07;sentinel1=synthetic,"reference forecast (repeat the last map). IoU/F1 at each model's F1-best threshold per lead, tuned on this validation split"
2026-09-27T10:13:46+00:00,2e7b230,model2,persistence,none,val,macro,+7d,drained,iou,0.0,,,1,19434,dem=glo30-2021;ecmwf=open-0p25;generator=synthetic-1;gfm=V0M2R2;glofas=4.5;imerg=V07;sentinel1=synthetic,"reference forecast (repeat the last map). IoU/F1 at each model's F1-best threshold per lead, tuned on this validation split"
2026-09-27T10:13:46+00:00,2e7b230,model2,persistence,none,val,macro,+7d,drained,precision,,,,0,19434,dem=glo30-2021;ecmwf=open-0p25;generator=synthetic-1;gfm=V0M2R2;glofas=4.5;imerg=V07;sentinel1=synthetic,"reference forecast (repeat the last map). IoU/F1 at each model's F1-best threshold per lead, tuned on this validation split"
2026-09-27T10:13:46+00:00,2e7b230,model2,persistence,none,val,macro,+7d,drained,recall,0.0,,,1,19434,dem=glo30-2021;ecmwf=open-0p25;generator=synthetic-1;gfm=V0M2R2;glofas=4.5;imerg=V07;sentinel1=synthetic,"reference forecast (repeat the last map). IoU/F1 at each model's F1-best threshold per lead, tuned on this validation split"
2026-09-27T10:13:46+00:00,2e7b230,model2,persistence,none,val,macro,+7d,newly_flooded,brier,0.0039,,,1,3387588,dem=glo30-2021;ecmwf=open-0p25;generator=synthetic-1;gfm=V0M2R2;glofas=4.5;imerg=V07;sentinel1=synthetic,"reference forecast (repeat the last map). IoU/F1 at each model's F1-best threshold per lead, tuned on this validation split"
2026-09-27T10:13:46+00:00,2e7b230,model2,persistence,none,val,macro,+7d,newly_flooded,ece,0.0061,,,1,3387588,dem=glo30-2021;ecmwf=open-0p25;generator=synthetic-1;gfm=V0M2R2;glofas=4.5;imerg=V07;sentinel1=synthetic,"reference forecast (repeat the last map). IoU/F1 at each model's F1-best threshold per lead, tuned on this validation split"
2026-09-27T10:13:46+00:00,2e7b230,model2,persistence,none,val,macro,+7d,newly_flooded,f1,0.0,,,1,3387588,dem=glo30-2021;ecmwf=open-0p25;generator=synthetic-1;gfm=V0M2R2;glofas=4.5;imerg=V07;sentinel1=synthetic,"reference forecast (repeat the last map). IoU/F1 at each model's F1-best threshold per lead, tuned on this validation split"
2026-09-27T10:13:46+00:00,2e7b230,model2,persistence,none,val,macro,+7d,newly_flooded,iou,0.0,,,1,3387588,dem=glo30-2021;ecmwf=open-0p25;generator=synthetic-1;gfm=V0M2R2;glofas=4.5;imerg=V07;sentinel1=synthetic,"reference forecast (repeat the last map). IoU/F1 at each model's F1-best threshold per lead, tuned on this validation split"
2026-09-27T10:13:46+00:00,2e7b230,model2,persistence,none,val,macro,+7d,newly_flooded,precision,,,,0,3387588,dem=glo30-2021;ecmwf=open-0p25;generator=synthetic-1;gfm=V0M2R2;glofas=4.5;imerg=V07;sentinel1=synthetic,"reference forecast (repeat the last map). IoU/F1 at each model's F1-best threshold per lead, tuned on this validation split"
2026-09-27T10:13:46+00:00,2e7b230,model2,persistence,none,val,macro,+7d,newly_flooded,recall,0.0,,,1,3387588,dem=glo30-2021;ecmwf=open-0p25;generator=synthetic-1;gfm=V0M2R2;glofas=4.5;imerg=V07;sentinel1=synthetic,"reference forecast (repeat the last map). IoU/F1 at each model's F1-best threshold per lead, tuned on this validation split"
2026-09-27T10:13:46+00:00,2e7b230,model2,historical_frequency,persistence,val,macro,+1d,all,brier,0.0046,0.0076,0.3968,1,5212937,dem=glo30-2021;ecmwf=open-0p25;generator=synthetic-1;gfm=V0M2R2;glofas=4.5;imerg=V07;sentinel1=synthetic,"IoU/F1 at each model's F1-best threshold per lead, tuned on this validation split"
2026-09-27T10:13:46+00:00,2e7b230,model2,historical_frequency,persistence,val,macro,+1d,all,ece,0.0042,0.0111,0.6216,1,5212937,dem=glo30-2021;ecmwf=open-0p25;generator=synthetic-1;gfm=V0M2R2;glofas=4.5;imerg=V07;sentinel1=synthetic,"IoU/F1 at each model's F1-best threshold per lead, tuned on this validation split"
2026-09-27T10:13:46+00:00,2e7b230,model2,historical_frequency,persistence,val,macro,+1d,all,f1,0.3229,0.269,0.0737,1,5212937,dem=glo30-2021;ecmwf=open-0p25;generator=synthetic-1;gfm=V0M2R2;glofas=4.5;imerg=V07;sentinel1=synthetic,"IoU/F1 at each model's F1-best threshold per lead, tuned on this validation split"
2026-09-27T10:13:46+00:00,2e7b230,model2,historical_frequency,persistence,val,macro,+1d,all,iou,0.1925,0.1554,0.0439,1,5212937,dem=glo30-2021;ecmwf=open-0p25;generator=synthetic-1;gfm=V0M2R2;glofas=4.5;imerg=V07;sentinel1=synthetic,"IoU/F1 at each model's F1-best threshold per lead, tuned on this validation split"
2026-09-27T10:13:46+00:00,2e7b230,model2,historical_frequency,persistence,val,macro,+1d,all,precision,0.4196,0.2392,0.237,1,5212937,dem=glo30-2021;ecmwf=open-0p25;generator=synthetic-1;gfm=V0M2R2;glofas=4.5;imerg=V07;sentinel1=synthetic,"IoU/F1 at each model's F1-best threshold per lead, tuned on this validation split"
2026-09-27T10:13:46+00:00,2e7b230,model2,historical_frequency,persistence,val,macro,+1d,all,recall,0.2624,0.3073,-0.0648,1,5212937,dem=glo30-2021;ecmwf=open-0p25;generator=synthetic-1;gfm=V0M2R2;glofas=4.5;imerg=V07;sentinel1=synthetic,"IoU/F1 at each model's F1-best threshold per lead, tuned on this validation split"
2026-09-27T10:13:46+00:00,2e7b230,model2,historical_frequency,persistence,val,macro,+1d,drained,brier,0.218,0.7307,0.7017,1,31083,dem=glo30-2021;ecmwf=open-0p25;generator=synthetic-1;gfm=V0M2R2;glofas=4.5;imerg=V07;sentinel1=synthetic,"IoU/F1 at each model's F1-best threshold per lead, tuned on this validation split"
2026-09-27T10:13:46+00:00,2e7b230,model2,historical_frequency,persistence,val,macro,+1d,drained,ece,0.2062,0.7408,0.7216,1,31083,dem=glo30-2021;ecmwf=open-0p25;generator=synthetic-1;gfm=V0M2R2;glofas=4.5;imerg=V07;sentinel1=synthetic,"IoU/F1 at each model's F1-best threshold per lead, tuned on this validation split"
2026-09-27T10:13:46+00:00,2e7b230,model2,historical_frequency,persistence,val,macro,+1d,drained,f1,0.8511,0.0,0.8511,1,31083,dem=glo30-2021;ecmwf=open-0p25;generator=synthetic-1;gfm=V0M2R2;glofas=4.5;imerg=V07;sentinel1=synthetic,"IoU/F1 at each model's F1-best threshold per lead, tuned on this validation split"
2026-09-27T10:13:46+00:00,2e7b230,model2,historical_frequency,persistence,val,macro,+1d,drained,iou,0.7409,0.0,0.7409,1,31083,dem=glo30-2021;ecmwf=open-0p25;generator=synthetic-1;gfm=V0M2R2;glofas=4.5;imerg=V07;sentinel1=synthetic,"IoU/F1 at each model's F1-best threshold per lead, tuned on this validation split"
2026-09-27T10:13:46+00:00,2e7b230,model2,historical_frequency,persistence,val,macro,+1d,drained,precision,0.7683,,,1,31083,dem=glo30-2021;ecmwf=open-0p25;generator=synthetic-1;gfm=V0M2R2;glofas=4.5;imerg=V07;sentinel1=synthetic,"IoU/F1 at each model's F1-best threshold per lead, tuned on this validation split"
2026-09-27T10:13:46+00:00,2e7b230,model2,historical_frequency,persistence,val,macro,+1d,drained,recall,0.954,0.0,0.954,1,31083,dem=glo30-2021;ecmwf=open-0p25;generator=synthetic-1;gfm=V0M2R2;glofas=4.5;imerg=V07;sentinel1=synthetic,"IoU/F1 at each model's F1-best threshold per lead, tuned on this validation split"
2026-09-27T10:13:46+00:00,2e7b230,model2,historical_frequency,persistence,val,macro,+1d,newly_flooded,brier,0.0033,0.0033,-0.0119,1,5181854,dem=glo30-2021;ecmwf=open-0p25;generator=synthetic-1;gfm=V0M2R2;glofas=4.5;imerg=V07;sentinel1=synthetic,"IoU/F1 at each model's F1-best threshold per lead, tuned on this validation split"
2026-09-27T10:13:46+00:00,2e7b230,model2,historical_frequency,persistence,val,macro,+1d,newly_flooded,ece,0.0033,0.0068,0.5142,1,5181854,dem=glo30-2021;ecmwf=open-0p25;generator=synthetic-1;gfm=V0M2R2;glofas=4.5;imerg=V07;sentinel1=synthetic,"IoU/F1 at each model's F1-best threshold per lead, tuned on this validation split"
2026-09-27T10:13:46+00:00,2e7b230,model2,historical_frequency,persistence,val,macro,+1d,newly_flooded,f1,0.3789,0.0,0.3789,1,5181854,dem=glo30-2021;ecmwf=open-0p25;generator=synthetic-1;gfm=V0M2R2;glofas=4.5;imerg=V07;sentinel1=synthetic,"IoU/F1 at each model's F1-best threshold per lead, tuned on this validation split"
2026-09-27T10:13:46+00:00,2e7b230,model2,historical_frequency,persistence,val,macro,+1d,newly_flooded,iou,0.2337,0.0,0.2337,1,5181854,dem=glo30-2021;ecmwf=open-0p25;generator=synthetic-1;gfm=V0M2R2;glofas=4.5;imerg=V07;sentinel1=synthetic,"IoU/F1 at each model's F1-best threshold per lead, tuned on this validation split"
2026-09-27T10:13:46+00:00,2e7b230,model2,historical_frequency,persistence,val,macro,+1d,newly_flooded,precision,0.4262,,,1,5181854,dem=glo30-2021;ecmwf=open-0p25;generator=synthetic-1;gfm=V0M2R2;glofas=4.5;imerg=V07;sentinel1=synthetic,"IoU/F1 at each model's F1-best threshold per lead, tuned on this validation split"
2026-09-27T10:13:46+00:00,2e7b230,model2,historical_frequency,persistence,val,macro,+1d,newly_flooded,recall,0.3411,0.0,0.3411,1,5181854,dem=glo30-2021;ecmwf=open-0p25;generator=synthetic-1;gfm=V0M2R2;glofas=4.5;imerg=V07;sentinel1=synthetic,"IoU/F1 at each model's F1-best threshold per lead, tuned on this validation split"
2026-09-27T10:13:46+00:00,2e7b230,model2,historical_frequency,persistence,val,macro,+2d,all,brier,0.0051,0.0077,0.3379,1,3407022,dem=glo30-2021;ecmwf=open-0p25;generator=synthetic-1;gfm=V0M2R2;glofas=4.5;imerg=V07;sentinel1=synthetic,"IoU/F1 at each model's F1-best threshold per lead, tuned on this validation split"
2026-09-27T10:13:46+00:00,2e7b230,model2,historical_frequency,persistence,val,macro,+2d,all,ece,0.0048,0.0101,0.5227,1,3407022,dem=glo30-2021;ecmwf=open-0p25;generator=synthetic-1;gfm=V0M2R2;glofas=4.5;imerg=V07;sentinel1=synthetic,"IoU/F1 at each model's F1-best threshold per lead, tuned on this validation split"
2026-09-27T10:13:46+00:00,2e7b230,model2,historical_frequency,persistence,val,macro,+2d,all,f1,0.3382,0.2688,0.0949,1,3407022,dem=glo30-2021;ecmwf=open-0p25;generator=synthetic-1;gfm=V0M2R2;glofas=4.5;imerg=V07;sentinel1=synthetic,"IoU/F1 at each model's F1-best threshold per lead, tuned on this validation split"
2026-09-27T10:13:46+00:00,2e7b230,model2,historical_frequency,persistence,val,macro,+2d,all,iou,0.2035,0.1553,0.0571,1,3407022,dem=glo30-2021;ecmwf=open-0p25;generator=synthetic-1;gfm=V0M2R2;glofas=4.5;imerg=V07;sentinel1=synthetic,"IoU/F1 at each model's F1-best threshold per lead, tuned on this validation split"
2026-09-27T10:13:46+00:00,2e7b230,model2,historical_frequency,persistence,val,macro,+2d,all,precision,0.4412,0.2631,0.2416,1,3407022,dem=glo30-2021;ecmwf=open-0p25;generator=synthetic-1;gfm=V0M2R2;glofas=4.5;imerg=V07;sentinel1=synthetic,"IoU/F1 at each model's F1-best threshold per lead, tuned on this validation split"
2026-09-27T10:13:46+00:00,2e7b230,model2,historical_frequency,persistence,val,macro,+2d,all,recall,0.2742,0.2747,-0.0007,1,3407022,dem=glo30-2021;ecmwf=open-0p25;generator=synthetic-1;gfm=V0M2R2;glofas=4.5;imerg=V07;sentinel1=synthetic,"IoU/F1 at each model's F1-best threshold per lead, tuned on this validation split"
2026-09-27T10:13:46+00:00,2e7b230,model2,historical_frequency,persistence,val,macro,+2d,drained,brier,0.2423,0.7078,0.6576,1,18575,dem=glo30-2021;ecmwf=open-0p25;generator=synthetic-1;gfm=V0M2R2;glofas=4.5;imerg=V07;sentinel1=synthetic,"IoU/F1 at each model's F1-best threshold per lead, tuned on this validation split"
2026-09-27T10:13:46+00:00,2e7b230,model2,historical_frequency,persistence,val,macro,+2d,drained,ece,0.2315,0.7169,0.6771,1,18575,dem=glo30-2021;ecmwf=open-0p25;generator=synthetic-1;gfm=V0M2R2;glofas=4.5;imerg=V07;sentinel1=synthetic,"IoU/F1 at each model's F1-best threshold per lead, tuned on this validation split"
2026-09-27T10:13:46+00:00,2e7b230,model2,historical_frequency,persistence,val,macro,+2d,drained,f1,0.8312,0.0,0.8312,1,18575,dem=glo30-2021;ecmwf=open-0p25;generator=synthetic-1;gfm=V0M2R2;glofas=4.5;imerg=V07;sentinel1=synthetic,"IoU/F1 at each model's F1-best threshold per lead, tuned on this validation split"
2026-09-27T10:13:46+00:00,2e7b230,model2,historical_frequency,persistence,val,macro,+2d,drained,iou,0.7112,0.0,0.7112,1,18575,dem=glo30-2021;ecmwf=open-0p25;generator=synthetic-1;gfm=V0M2R2;glofas=4.5;imerg=V07;sentinel1=synthetic,"IoU/F1 at each model's F1-best threshold per lead, tuned on this validation split"
2026-09-27T10:13:46+00:00,2e7b230,model2,historical_frequency,persistence,val,macro,+2d,drained,precision,0.7454,,,1,18575,dem=glo30-2021;ecmwf=open-0p25;generator=synthetic-1;gfm=V0M2R2;glofas=4.5;imerg=V07;sentinel1=synthetic,"IoU/F1 at each model's F1-best threshold per lead, tuned on this validation split"
2026-09-27T10:13:46+00:00,2e7b230,model2,historical_frequency,persistence,val,macro,+2d,drained,recall,0.9394,0.0,0.9394,1,18575,dem=glo30-2021;ecmwf=open-0p25;generator=synthetic-1;gfm=V0M2R2;glofas=4.5;imerg=V07;sentinel1=synthetic,"IoU/F1 at each model's F1-best threshold per lead, tuned on this validation split"
2026-09-27T10:13:46+00:00,2e7b230,model2,historical_frequency,persistence,val,macro,+2d,newly_flooded,brier,0.0038,0.0038,0.0144,1,3388447,dem=glo30-2021;ecmwf=open-0p25;generator=synthetic-1;gfm=V0M2R2;glofas=4.5;imerg=V07;sentinel1=synthetic,"IoU/F1 at each model's F1-best threshold per lead, tuned on this validation split"
2026-09-27T10:13:46+00:00,2e7b230,model2,historical_frequency,persistence,val,macro,+2d,newly_flooded,ece,0.0038,0.0062,0.388,1,3388447,dem=glo30-2021;ecmwf=open-0p25;generator=synthetic-1;gfm=V0M2R2;glofas=4.5;imerg=V07;sentinel1=synthetic,"IoU/F1 at each model's F1-best threshold per lead, tuned on this validation split"
2026-09-27T10:13:46+00:00,2e7b230,model2,historical_frequency,persistence,val,macro,+2d,newly_flooded,f1,0.3872,0.0,0.3872,1,3388447,dem=glo30-2021;ecmwf=open-0p25;generator=synthetic-1;gfm=V0M2R2;glofas=4.5;imerg=V07;sentinel1=synthetic,"IoU/F1 at each model's F1-best threshold per lead, tuned on this validation split"
2026-09-27T10:13:46+00:00,2e7b230,model2,historical_frequency,persistence,val,macro,+2d,newly_flooded,iou,0.2401,0.0,0.2401,1,3388447,dem=glo30-2021;ecmwf=open-0p25;generator=synthetic-1;gfm=V0M2R2;glofas=4.5;imerg=V07;sentinel1=synthetic,"IoU/F1 at each model's F1-best threshold per lead, tuned on this validation split"
2026-09-27T10:13:46+00:00,2e7b230,model2,historical_frequency,persistence,val,macro,+2d,newly_flooded,precision,0.4503,,,1,3388447,dem=glo30-2021;ecmwf=open-0p25;generator=synthetic-1;gfm=V0M2R2;glofas=4.5;imerg=V07;sentinel1=synthetic,"IoU/F1 at each model's F1-best threshold per lead, tuned on this validation split"
2026-09-27T10:13:46+00:00,2e7b230,model2,historical_frequency,persistence,val,macro,+2d,newly_flooded,recall,0.3396,0.0,0.3396,1,3388447,dem=glo30-2021;ecmwf=open-0p25;generator=synthetic-1;gfm=V0M2R2;glofas=4.5;imerg=V07;sentinel1=synthetic,"IoU/F1 at each model's F1-best threshold per lead, tuned on this validation split"
2026-09-27T10:13:46+00:00,2e7b230,model2,historical_frequency,persistence,val,macro,+3d,all,brier,0.0051,0.0077,0.3375,1,3407022,dem=glo30-2021;ecmwf=open-0p25;generator=synthetic-1;gfm=V0M2R2;glofas=4.5;imerg=V07;sentinel1=synthetic,"IoU/F1 at each model's F1-best threshold per lead, tuned on this validation split"
2026-09-27T10:13:46+00:00,2e7b230,model2,historical_frequency,persistence,val,macro,+3d,all,ece,0.0048,0.0101,0.523,1,3407022,dem=glo30-2021;ecmwf=open-0p25;generator=synthetic-1;gfm=V0M2R2;glofas=4.5;imerg=V07;sentinel1=synthetic,"IoU/F1 at each model's F1-best threshold per lead, tuned on this validation split"
2026-09-27T10:13:46+00:00,2e7b230,model2,historical_frequency,persistence,val,macro,+3d,all,f1,0.3382,0.2688,0.0949,1,3407022,dem=glo30-2021;ecmwf=open-0p25;generator=synthetic-1;gfm=V0M2R2;glofas=4.5;imerg=V07;sentinel1=synthetic,"IoU/F1 at each model's F1-best threshold per lead, tuned on this validation split"
2026-09-27T10:13:46+00:00,2e7b230,model2,historical_frequency,persistence,val,macro,+3d,all,iou,0.2035,0.1553,0.0571,1,3407022,dem=glo30-2021;ecmwf=open-0p25;generator=synthetic-1;gfm=V0M2R2;glofas=4.5;imerg=V07;sentinel1=synthetic,"IoU/F1 at each model's F1-best threshold per lead, tuned on this validation split"
2026-09-27T10:13:46+00:00,2e7b230,model2,historical_frequency,persistence,val,macro,+3d,all,precision,0.4412,0.2631,0.2416,1,3407022,dem=glo30-2021;ecmwf=open-0p25;generator=synthetic-1;gfm=V0M2R2;glofas=4.5;imerg=V07;sentinel1=synthetic,"IoU/F1 at each model's F1-best threshold per lead, tuned on this validation split"
2026-09-27T10:13:46+00:00,2e7b230,model2,historical_frequency,persistence,val,macro,+3d,all,recall,0.2742,0.2747,-0.0007,1,3407022,dem=glo30-2021;ecmwf=open-0p25;generator=synthetic-1;gfm=V0M2R2;glofas=4.5;imerg=V07;sentinel1=synthetic,"IoU/F1 at each model's F1-best threshold per lead, tuned on this validation split"
2026-09-27T10:13:46+00:00,2e7b230,model2,historical_frequency,persistence,val,macro,+3d,drained,brier,0.2427,0.7078,0.6571,1,18575,dem=glo30-2021;ecmwf=open-0p25;generator=synthetic-1;gfm=V0M2R2;glofas=4.5;imerg=V07;sentinel1=synthetic,"IoU/F1 at each model's F1-best threshold per lead, tuned on this validation split"
2026-09-27T10:13:46+00:00,2e7b230,model2,historical_frequency,persistence,val,macro,+3d,drained,ece,0.2317,0.7169,0.6768,1,18575,dem=glo30-2021;ecmwf=open-0p25;generator=synthetic-1;gfm=V0M2R2;glofas=4.5;imerg=V07;sentinel1=synthetic,"IoU/F1 at each model's F1-best threshold per lead, tuned on this validation split"
2026-09-27T10:13:46+00:00,2e7b230,model2,historical_frequency,persistence,val,macro,+3d,drained,f1,0.8312,0.0,0.8312,1,18575,dem=glo30-2021;ecmwf=open-0p25;generator=synthetic-1;gfm=V0M2R2;glofas=4.5;imerg=V07;sentinel1=synthetic,"IoU/F1 at each model's F1-best threshold per lead, tuned on this validation split"
2026-09-27T10:13:46+00:00,2e7b230,model2,historical_frequency,persistence,val,macro,+3d,drained,iou,0.7112,0.0,0.7112,1,18575,dem=glo30-2021;ecmwf=open-0p25;generator=synthetic-1;gfm=V0M2R2;glofas=4.5;imerg=V07;sentinel1=synthetic,"IoU/F1 at each model's F1-best threshold per lead, tuned on this validation split"
2026-09-27T10:13:46+00:00,2e7b230,model2,historical_frequency,persistence,val,macro,+3d,drained,precision,0.7454,,,1,18575,dem=glo30-2021;ecmwf=open-0p25;generator=synthetic-1;gfm=V0M2R2;glofas=4.5;imerg=V07;sentinel1=synthetic,"IoU/F1 at each model's F1-best threshold per lead, tuned on this validation split"
2026-09-27T10:13:46+00:00,2e7b230,model2,historical_frequency,persistence,val,macro,+3d,drained,recall,0.9394,0.0,0.9394,1,18575,dem=glo30-2021;ecmwf=open-0p25;generator=synthetic-1;gfm=V0M2R2;glofas=4.5;imerg=V07;sentinel1=synthetic,"IoU/F1 at each model's F1-best threshold per lead, tuned on this validation split"
2026-09-27T10:13:46+00:00,2e7b230,model2,historical_frequency,persistence,val,macro,+3d,newly_flooded,brier,0.0038,0.0038,0.014,1,3388447,dem=glo30-2021;ecmwf=open-0p25;generator=synthetic-1;gfm=V0M2R2;glofas=4.5;imerg=V07;sentinel1=synthetic,"IoU/F1 at each model's F1-best threshold per lead, tuned on this validation split"
2026-09-27T10:13:46+00:00,2e7b230,model2,historical_frequency,persistence,val,macro,+3d,newly_flooded,ece,0.0038,0.0062,0.3898,1,3388447,dem=glo30-2021;ecmwf=open-0p25;generator=synthetic-1;gfm=V0M2R2;glofas=4.5;imerg=V07;sentinel1=synthetic,"IoU/F1 at each model's F1-best threshold per lead, tuned on this validation split"
2026-09-27T10:13:46+00:00,2e7b230,model2,historical_frequency,persistence,val,macro,+3d,newly_flooded,f1,0.3872,0.0,0.3872,1,3388447,dem=glo30-2021;ecmwf=open-0p25;generator=synthetic-1;gfm=V0M2R2;glofas=4.5;imerg=V07;sentinel1=synthetic,"IoU/F1 at each model's F1-best threshold per lead, tuned on this validation split"
2026-09-27T10:13:46+00:00,2e7b230,model2,historical_frequency,persistence,val,macro,+3d,newly_flooded,iou,0.2401,0.0,0.2401,1,3388447,dem=glo30-2021;ecmwf=open-0p25;generator=synthetic-1;gfm=V0M2R2;glofas=4.5;imerg=V07;sentinel1=synthetic,"IoU/F1 at each model's F1-best threshold per lead, tuned on this validation split"
2026-09-27T10:13:46+00:00,2e7b230,model2,historical_frequency,persistence,val,macro,+3d,newly_flooded,precision,0.4503,,,1,3388447,dem=glo30-2021;ecmwf=open-0p25;generator=synthetic-1;gfm=V0M2R2;glofas=4.5;imerg=V07;sentinel1=synthetic,"IoU/F1 at each model's F1-best threshold per lead, tuned on this validation split"
2026-09-27T10:13:46+00:00,2e7b230,model2,historical_frequency,persistence,val,macro,+3d,newly_flooded,recall,0.3396,0.0,0.3396,1,3388447,dem=glo30-2021;ecmwf=open-0p25;generator=synthetic-1;gfm=V0M2R2;glofas=4.5;imerg=V07;sentinel1=synthetic,"IoU/F1 at each model's F1-best threshold per lead, tuned on this validation split"
2026-09-27T10:13:46+00:00,2e7b230,model2,historical_frequency,persistence,val,macro,+4d,all,brier,0.005,0.0077,0.3422,1,3407022,dem=glo30-2021;ecmwf=open-0p25;generator=synthetic-1;gfm=V0M2R2;glofas=4.5;imerg=V07;sentinel1=synthetic,"IoU/F1 at each model's F1-best threshold per lead, tuned on this validation split"
2026-09-27T10:13:46+00:00,2e7b230,model2,historical_frequency,persistence,val,macro,+4d,all,ece,0.0047,0.0101,0.5323,1,3407022,dem=glo30-2021;ecmwf=open-0p25;generator=synthetic-1;gfm=V0M2R2;glofas=4.5;imerg=V07;sentinel1=synthetic,"IoU/F1 at each model's F1-best threshold per lead, tuned on this validation split"
2026-09-27T10:13:46+00:00,2e7b230,model2,historical_frequency,persistence,val,macro,+4d,all,f1,0.3425,0.2688,0.1007,1,3407022,dem=glo30-2021;ecmwf=open-0p25;generator=synthetic-1;gfm=V0M2R2;glofas=4.5;imerg=V07;sentinel1=synthetic,"IoU/F1 at each model's F1-best threshold per lead, tuned on this validation split"
2026-09-27T10:13:46+00:00,2e7b230,model2,historical_frequency,persistence,val,macro,+4d,all,iou,0.2066,0.1553,0.0608,1,3407022,dem=glo30-2021;ecmwf=open-0p25;generator=synthetic-1;gfm=V0M2R2;glofas=4.5;imerg=V07;sentinel1=synthetic,"IoU/F1 at each model's F1-best threshold per lead, tuned on this validation split"
2026-09-27T10:13:46+00:00,2e7b230,model2,historical_frequency,persistence,val,macro,+4d,all,precision,0.456,0.2631,0.2618,1,3407022,dem=glo30-2021;ecmwf=open-0p25;generator=synthetic-1;gfm=V0M2R2;glofas=4.5;imerg=V07;sentinel1=synthetic,"IoU/F1 at each model's F1-best threshold per lead, tuned on this validation split"
2026-09-27T10:13:46+00:00,2e7b230,model2,historical_frequency,persistence,val,macro,+4d,all,recall,0.2742,0.2747,-0.0007,1,3407022,dem=glo30-2021;ecmwf=open-0p25;generator=synthetic-1;gfm=V0M2R2;glofas=4.5;imerg=V07;sentinel1=synthetic,"IoU/F1 at each model's F1-best threshold per lead, tuned on this validation split"
2026-09-27T10:13:46+00:00,2e7b230,model2,historical_frequency,persistence,val,macro,+4d,drained,brier,0.2432,0.7078,0.6564,1,18575,dem=glo30-2021;ecmwf=open-0p25;generator=synthetic-1;gfm=V0M2R2;glofas=4.5;imerg=V07;sentinel1=synthetic,"IoU/F1 at each model's F1-best threshold per lead, tuned on this validation split"
2026-09-27T10:13:46+00:00,2e7b230,model2,historical_frequency,persistence,val,macro,+4d,drained,ece,0.2301,0.7169,0.679,1,18575,dem=glo30-2021;ecmwf=open-0p25;generator=synthetic-1;gfm=V0M2R2;glofas=4.5;imerg=V07;sentinel1=synthetic,"IoU/F1 at each model's F1-best threshold per lead, tuned on this validation split"
2026-09-27T10:13:46+00:00,2e7b230,model2,historical_frequency,persistence,val,macro,+4d,drained,f1,0.8312,0.0,0.8312,1,18575,dem=glo30-2021;ecmwf=open-0p25;generator=synthetic-1;gfm=V0M2R2;glofas=4.5;imerg=V07;sentinel1=synthetic,"IoU/F1 at each model's F1-best threshold per lead, tuned on this validation split"
2026-09-27T10:13:46+00:00,2e7b230,model2,historical_frequency,persistence,val,macro,+4d,drained,iou,0.7112,0.0,0.7112,1,18575,dem=glo30-2021;ecmwf=open-0p25;generator=synthetic-1;gfm=V0M2R2;glofas=4.5;imerg=V07;sentinel1=synthetic,"IoU/F1 at each model's F1-best threshold per lead, tuned on this validation split"
2026-09-27T10:13:46+00:00,2e7b230,model2,historical_frequency,persistence,val,macro,+4d,drained,precision,0.7454,,,1,18575,dem=glo30-2021;ecmwf=open-0p25;generator=synthetic-1;gfm=V0M2R2;glofas=4.5;imerg=V07;sentinel1=synthetic,"IoU/F1 at each model's F1-best threshold per lead, tuned on this validation split"
2026-09-27T10:13:46+00:00,2e7b230,model2,historical_frequency,persistence,val,macro,+4d,drained,recall,0.9394,0.0,0.9394,1,18575,dem=glo30-2021;ecmwf=open-0p25;generator=synthetic-1;gfm=V0M2R2;glofas=4.5;imerg=V07;sentinel1=synthetic,"IoU/F1 at each model's F1-best threshold per lead, tuned on this validation split"
2026-09-27T10:13:46+00:00,2e7b230,model2,historical_frequency,persistence,val,macro,+4d,newly_flooded,brier,0.0037,0.0038,0.0242,1,3388447,dem=glo30-2021;ecmwf=open-0p25;generator=synthetic-1;gfm=V0M2R2;glofas=4.5;imerg=V07;sentinel1=synthetic,"IoU/F1 at each model's F1-best threshold per lead, tuned on this validation split"
2026-09-27T10:13:46+00:00,2e7b230,model2,historical_frequency,persistence,val,macro,+4d,newly_flooded,ece,0.0037,0.0062,0.4048,1,3388447,dem=glo30-2021;ecmwf=open-0p25;generator=synthetic-1;gfm=V0M2R2;glofas=4.5;imerg=V07;sentinel1=synthetic,"IoU/F1 at each model's F1-best threshold per lead, tuned on this validation split"
2026-09-27T10:13:46+00:00,2e7b230,model2,historical_frequency,persistence,val,macro,+4d,newly_flooded,f1,0.3934,0.0,0.3934,1,3388447,dem=glo30-2021;ecmwf=open-0p25;generator=synthetic-1;gfm=V0M2R2;glofas=4.5;imerg=V07;sentinel1=synthetic,"IoU/F1 at each model's F1-best threshold per lead, tuned on this validation split"
2026-09-27T10:13:46+00:00,2e7b230,model2,historical_frequency,persistence,val,macro,+4d,newly_flooded,iou,0.2449,0.0,0.2449,1,3388447,dem=glo30-2021;ecmwf=open-0p25;generator=synthetic-1;gfm=V0M2R2;glofas=4.5;imerg=V07;sentinel1=synthetic,"IoU/F1 at each model's F1-best threshold per lead, tuned on this validation split"
2026-09-27T10:13:46+00:00,2e7b230,model2,historical_frequency,persistence,val,macro,+4d,newly_flooded,precision,0.4676,,,1,3388447,dem=glo30-2021;ecmwf=open-0p25;generator=synthetic-1;gfm=V0M2R2;glofas=4.5;imerg=V07;sentinel1=synthetic,"IoU/F1 at each model's F1-best threshold per lead, tuned on this validation split"
2026-09-27T10:13:46+00:00,2e7b230,model2,historical_frequency,persistence,val,macro,+4d,newly_flooded,recall,0.3396,0.0,0.3396,1,3388447,dem=glo30-2021;ecmwf=open-0p25;generator=synthetic-1;gfm=V0M2R2;glofas=4.5;imerg=V07;sentinel1=synthetic,"IoU/F1 at each model's F1-best threshold per lead, tuned on this validation split"
2026-09-27T10:13:46+00:00,2e7b230,model2,historical_frequency,persistence,val,macro,+5d,all,brier,0.0051,0.0084,0.3964,1,3407022,dem=glo30-2021;ecmwf=open-0p25;generator=synthetic-1;gfm=V0M2R2;glofas=4.5;imerg=V07;sentinel1=synthetic,"IoU/F1 at each model's F1-best threshold per lead, tuned on this validation split"
2026-09-27T10:13:46+00:00,2e7b230,model2,historical_frequency,persistence,val,macro,+5d,all,ece,0.0048,0.0108,0.5562,1,3407022,dem=glo30-2021;ecmwf=open-0p25;generator=synthetic-1;gfm=V0M2R2;glofas=4.5;imerg=V07;sentinel1=synthetic,"IoU/F1 at each model's F1-best threshold per lead, tuned on this validation split"
2026-09-27T10:13:46+00:00,2e7b230,model2,historical_frequency,persistence,val,macro,+5d,all,f1,0.338,0.2526,0.1142,1,3407022,dem=glo30-2021;ecmwf=open-0p25;generator=synthetic-1;gfm=V0M2R2;glofas=4.5;imerg=V07;sentinel1=synthetic,"IoU/F1 at each model's F1-best threshold per lead, tuned on this validation split"
2026-09-27T10:13:46+00:00,2e7b230,model2,historical_frequency,persistence,val,macro,+5d,all,iou,0.2034,0.1446,0.0687,1,3407022,dem=glo30-2021;ecmwf=open-0p25;generator=synthetic-1;gfm=V0M2R2;glofas=4.5;imerg=V07;sentinel1=synthetic,"IoU/F1 at each model's F1-best threshold per lead, tuned on this validation split"
2026-09-27T10:13:46+00:00,2e7b230,model2,historical_frequency,persistence,val,macro,+5d,all,precision,0.4411,0.2321,0.2721,1,3407022,dem=glo30-2021;ecmwf=open-0p25;generator=synthetic-1;gfm=V0M2R2;glofas=4.5;imerg=V07;sentinel1=synthetic,"IoU/F1 at each model's F1-best threshold per lead, tuned on this validation split"
2026-09-27T10:13:46+00:00,2e7b230,model2,historical_frequency,persistence,val,macro,+5d,all,recall,0.274,0.2772,-0.0044,1,3407022,dem=glo30-2021;ecmwf=open-0p25;generator=synthetic-1;gfm=V0M2R2;glofas=4.5;imerg=V07;sentinel1=synthetic,"IoU/F1 at each model's F1-best threshold per lead, tuned on this validation split"
2026-09-27T10:13:46+00:00,2e7b230,model2,historical_frequency,persistence,val,macro,+5d,drained,brier,0.2136,0.7376,0.7105,1,21251,dem=glo30-2021;ecmwf=open-0p25;generator=synthetic-1;gfm=V0M2R2;glofas=4.5;imerg=V07;sentinel1=synthetic,"IoU/F1 at each model's F1-best threshold per lead, tuned on this validation split"
2026-09-27T10:13:46+00:00,2e7b230,model2,historical_frequency,persistence,val,macro,+5d,drained,ece,0.206,0.7479,0.7246,1,21251,dem=glo30-2021;ecmwf=open-0p25;generator=synthetic-1;gfm=V0M2R2;glofas=4.5;imerg=V07;sentinel1=synthetic,"IoU/F1 at each model's F1-best threshold per lead, tuned on this validation split"
2026-09-27T10:13:46+00:00,2e7b230,model2,historical_frequency,persistence,val,macro,+5d,drained,f1,0.8547,0.0,0.8547,1,21251,dem=glo30-2021;ecmwf=open-0p25;generator=synthetic-1;gfm=V0M2R2;glofas=4.5;imerg=V07;sentinel1=synthetic,"IoU/F1 at each model's F1-best threshold per lead, tuned on this validation split"
2026-09-27T10:13:46+00:00,2e7b230,model2,historical_frequency,persistence,val,macro,+5d,drained,iou,0.7463,0.0,0.7463,1,21251,dem=glo30-2021;ecmwf=open-0p25;generator=synthetic-1;gfm=V0M2R2;glofas=4.5;imerg=V07;sentinel1=synthetic,"IoU/F1 at each model's F1-best threshold per lead, tuned on this validation split"
2026-09-27T10:13:46+00:00,2e7b230,model2,historical_frequency,persistence,val,macro,+5d,drained,precision,0.7772,,,1,21251,dem=glo30-2021;ecmwf=open-0p25;generator=synthetic-1;gfm=V0M2R2;glofas=4.5;imerg=V07;sentinel1=synthetic,"IoU/F1 at each model's F1-best threshold per lead, tuned on this validation split"
2026-09-27T10:13:46+00:00,2e7b230,model2,historical_frequency,persistence,val,macro,+5d,drained,recall,0.9493,0.0,0.9493,1,21251,dem=glo30-2021;ecmwf=open-0p25;generator=synthetic-1;gfm=V0M2R2;glofas=4.5;imerg=V07;sentinel1=synthetic,"IoU/F1 at each model's F1-best threshold per lead, tuned on this validation split"
2026-09-27T10:13:46+00:00,2e7b230,model2,historical_frequency,persistence,val,macro,+5d,newly_flooded,brier,0.0038,0.0038,0.016,1,3385771,dem=glo30-2021;ecmwf=open-0p25;generator=synthetic-1;gfm=V0M2R2;glofas=4.5;imerg=V07;sentinel1=synthetic,"IoU/F1 at each model's F1-best threshold per lead, tuned on this validation split"
2026-09-27T10:13:46+00:00,2e7b230,model2,historical_frequency,persistence,val,macro,+5d,newly_flooded,ece,0.0038,0.0062,0.3893,1,3385771,dem=glo30-2021;ecmwf=open-0p25;generator=synthetic-1;gfm=V0M2R2;glofas=4.5;imerg=V07;sentinel1=synthetic,"IoU/F1 at each model's F1-best threshold per lead, tuned on this validation split"
2026-09-27T10:13:46+00:00,2e7b230,model2,historical_frequency,persistence,val,macro,+5d,newly_flooded,f1,0.3879,0.0,0.3879,1,3385771,dem=glo30-2021;ecmwf=open-0p25;generator=synthetic-1;gfm=V0M2R2;glofas=4.5;imerg=V07;sentinel1=synthetic,"IoU/F1 at each model's F1-best threshold per lead, tuned on this validation split"
2026-09-27T10:13:46+00:00,2e7b230,model2,historical_frequency,persistence,val,macro,+5d,newly_flooded,iou,0.2406,0.0,0.2406,1,3385771,dem=glo30-2021;ecmwf=open-0p25;generator=synthetic-1;gfm=V0M2R2;glofas=4.5;imerg=V07;sentinel1=synthetic,"IoU/F1 at each model's F1-best threshold per lead, tuned on this validation split"
2026-09-27T10:13:46+00:00,2e7b230,model2,historical_frequency,persistence,val,macro,+5d,newly_flooded,precision,0.4503,,,1,3385771,dem=glo30-2021;ecmwf=open-0p25;generator=synthetic-1;gfm=V0M2R2;glofas=4.5;imerg=V07;sentinel1=synthetic,"IoU/F1 at each model's F1-best threshold per lead, tuned on this validation split"
2026-09-27T10:13:46+00:00,2e7b230,model2,historical_frequency,persistence,val,macro,+5d,newly_flooded,recall,0.3407,0.0,0.3407,1,3385771,dem=glo30-2021;ecmwf=open-0p25;generator=synthetic-1;gfm=V0M2R2;glofas=4.5;imerg=V07;sentinel1=synthetic,"IoU/F1 at each model's F1-best threshold per lead, tuned on this validation split"
2026-09-27T10:13:46+00:00,2e7b230,model2,historical_frequency,persistence,val,macro,+6d,all,brier,0.0051,0.0078,0.3497,1,3407022,dem=glo30-2021;ecmwf=open-0p25;generator=synthetic-1;gfm=V0M2R2;glofas=4.5;imerg=V07;sentinel1=synthetic,"IoU/F1 at each model's F1-best threshold per lead, tuned on this validation split"
2026-09-27T10:13:46+00:00,2e7b230,model2,historical_frequency,persistence,val,macro,+6d,all,ece,0.0048,0.0101,0.5255,1,3407022,dem=glo30-2021;ecmwf=open-0p25;generator=synthetic-1;gfm=V0M2R2;glofas=4.5;imerg=V07;sentinel1=synthetic,"IoU/F1 at each model's F1-best threshold per lead, tuned on this validation split"
2026-09-27T10:13:46+00:00,2e7b230,model2,historical_frequency,persistence,val,macro,+6d,all,f1,0.3396,0.2592,0.1085,1,3407022,dem=glo30-2021;ecmwf=open-0p25;generator=synthetic-1;gfm=V0M2R2;glofas=4.5;imerg=V07;sentinel1=synthetic,"IoU/F1 at each model's F1-best threshold per lead, tuned on this validation split"
2026-09-27T10:13:46+00:00,2e7b230,model2,historical_frequency,persistence,val,macro,+6d,all,iou,0.2045,0.1489,0.0654,1,3407022,dem=glo30-2021;ecmwf=open-0p25;generator=synthetic-1;gfm=V0M2R2;glofas=4.5;imerg=V07;sentinel1=synthetic,"IoU/F1 at each model's F1-best threshold per lead, tuned on this validation split"
2026-09-27T10:13:46+00:00,2e7b230,model2,historical_frequency,persistence,val,macro,+6d,all,precision,0.443,0.2522,0.2552,1,3407022,dem=glo30-2021;ecmwf=open-0p25;generator=synthetic-1;gfm=V0M2R2;glofas=4.5;imerg=V07;sentinel1=synthetic,"IoU/F1 at each model's F1-best threshold per lead, tuned on this validation split"
2026-09-27T10:13:46+00:00,2e7b230,model2,historical_frequency,persistence,val,macro,+6d,all,recall,0.2753,0.2666,0.0119,1,3407022,dem=glo30-2021;ecmwf=open-0p25;generator=synthetic-1;gfm=V0M2R2;glofas=4.5;imerg=V07;sentinel1=synthetic,"IoU/F1 at each model's F1-best threshold per lead, tuned on this validation split"
2026-09-27T10:13:46+00:00,2e7b230,model2,historical_frequency,persistence,val,macro,+6d,drained,brier,0.1751,0.7183,0.7563,1,18814,dem=glo30-2021;ecmwf=open-0p25;generator=synthetic-1;gfm=V0M2R2;glofas=4.5;imerg=V07;sentinel1=synthetic,"IoU/F1 at each model's F1-best threshold per lead, tuned on this validation split"
2026-09-27T10:13:46+00:00,2e7b230,model2,historical_frequency,persistence,val,macro,+6d,drained,ece,0.1499,0.7278,0.7941,1,18814,dem=glo30-2021;ecmwf=open-0p25;generator=synthetic-1;gfm=V0M2R2;glofas=4.5;imerg=V07;sentinel1=synthetic,"IoU/F1 at each model's F1-best threshold per lead, tuned on this validation split"
2026-09-27T10:13:46+00:00,2e7b230,model2,historical_frequency,persistence,val,macro,+6d,drained,f1,0.8787,0.0,0.8787,1,18814,dem=glo30-2021;ecmwf=open-0p25;generator=synthetic-1;gfm=V0M2R2;glofas=4.5;imerg=V07;sentinel1=synthetic,"IoU/F1 at each model's F1-best threshold per lead, tuned on this validation split"
2026-09-27T10:13:46+00:00,2e7b230,model2,historical_frequency,persistence,val,macro,+6d,drained,iou,0.7836,0.0,0.7836,1,18814,dem=glo30-2021;ecmwf=open-0p25;generator=synthetic-1;gfm=V0M2R2;glofas=4.5;imerg=V07;sentinel1=synthetic,"IoU/F1 at each model's F1-best threshold per lead, tuned on this validation split"
2026-09-27T10:13:46+00:00,2e7b230,model2,historical_frequency,persistence,val,macro,+6d,drained,precision,0.8074,,,1,18814,dem=glo30-2021;ecmwf=open-0p25;generator=synthetic-1;gfm=V0M2R2;glofas=4.5;imerg=V07;sentinel1=synthetic,"IoU/F1 at each model's F1-best threshold per lead, tuned on this validation split"
2026-09-27T10:13:46+00:00,2e7b230,model2,historical_frequency,persistence,val,macro,+6d,drained,recall,0.9638,0.0,0.9638,1,18814,dem=glo30-2021;ecmwf=open-0p25;generator=synthetic-1;gfm=V0M2R2;glofas=4.5;imerg=V07;sentinel1=synthetic,"IoU/F1 at each model's F1-best threshold per lead, tuned on this validation split"
2026-09-27T10:13:46+00:00,2e7b230,model2,historical_frequency,persistence,val,macro,+6d,newly_flooded,brier,0.0041,0.0039,-0.0688,1,3388208,dem=glo30-2021;ecmwf=open-0p25;generator=synthetic-1;gfm=V0M2R2;glofas=4.5;imerg=V07;sentinel1=synthetic,"IoU/F1 at each model's F1-best threshold per lead, tuned on this validation split"
2026-09-27T10:13:46+00:00,2e7b230,model2,historical_frequency,persistence,val,macro,+6d,newly_flooded,ece,0.0042,0.0061,0.3125,1,3388208,dem=glo30-2021;ecmwf=open-0p25;generator=synthetic-1;gfm=V0M2R2;glofas=4.5;imerg=V07;sentinel1=synthetic,"IoU/F1 at each model's F1-best threshold per lead, tuned on this validation split"
2026-09-27T10:13:46+00:00,2e7b230,model2,historical_frequency,persistence,val,macro,+6d,newly_flooded,f1,0.3069,0.0,0.3069,1,3388208,dem=glo30-2021;ecmwf=open-0p25;generator=synthetic-1;gfm=V0M2R2;glofas=4.5;imerg=V07;sentinel1=synthetic,"IoU/F1 at each model's F1-best threshold per lead, tuned on this validation split"
2026-09-27T10:13:46+00:00,2e7b230,model2,historical_frequency,persistence,val,macro,+6d,newly_flooded,iou,0.1813,0.0,0.1813,1,3388208,dem=glo30-2021;ecmwf=open-0p25;generator=synthetic-1;gfm=V0M2R2;glofas=4.5;imerg=V07;sentinel1=synthetic,"IoU/F1 at each model's F1-best threshold per lead, tuned on this validation split"
2026-09-27T10:13:46+00:00,2e7b230,model2,historical_frequency,persistence,val,macro,+6d,newly_flooded,precision,0.375,,,1,3388208,dem=glo30-2021;ecmwf=open-0p25;generator=synthetic-1;gfm=V0M2R2;glofas=4.5;imerg=V07;sentinel1=synthetic,"IoU/F1 at each model's F1-best threshold per lead, tuned on this validation split"
2026-09-27T10:13:46+00:00,2e7b230,model2,historical_frequency,persistence,val,macro,+6d,newly_flooded,recall,0.2598,0.0,0.2598,1,3388208,dem=glo30-2021;ecmwf=open-0p25;generator=synthetic-1;gfm=V0M2R2;glofas=4.5;imerg=V07;sentinel1=synthetic,"IoU/F1 at each model's F1-best threshold per lead, tuned on this validation split"
2026-09-27T10:13:46+00:00,2e7b230,model2,historical_frequency,persistence,val,macro,+7d,all,brier,0.0054,0.0081,0.3374,1,3407022,dem=glo30-2021;ecmwf=open-0p25;generator=synthetic-1;gfm=V0M2R2;glofas=4.5;imerg=V07;sentinel1=synthetic,"IoU/F1 at each model's F1-best threshold per lead, tuned on this validation split"
2026-09-27T10:13:46+00:00,2e7b230,model2,historical_frequency,persistence,val,macro,+7d,all,ece,0.0053,0.0103,0.4821,1,3407022,dem=glo30-2021;ecmwf=open-0p25;generator=synthetic-1;gfm=V0M2R2;glofas=4.5;imerg=V07;sentinel1=synthetic,"IoU/F1 at each model's F1-best threshold per lead, tuned on this validation split"
2026-09-27T10:13:46+00:00,2e7b230,model2,historical_frequency,persistence,val,macro,+7d,all,f1,0.3255,0.242,0.1103,1,3407022,dem=glo30-2021;ecmwf=open-0p25;generator=synthetic-1;gfm=V0M2R2;glofas=4.5;imerg=V07;sentinel1=synthetic,"IoU/F1 at each model's F1-best threshold per lead, tuned on this validation split"
2026-09-27T10:13:46+00:00,2e7b230,model2,historical_frequency,persistence,val,macro,+7d,all,iou,0.1944,0.1376,0.0658,1,3407022,dem=glo30-2021;ecmwf=open-0p25;generator=synthetic-1;gfm=V0M2R2;glofas=4.5;imerg=V07;sentinel1=synthetic,"IoU/F1 at each model's F1-best threshold per lead, tuned on this validation split"
2026-09-27T10:13:46+00:00,2e7b230,model2,historical_frequency,persistence,val,macro,+7d,all,precision,0.3904,0.2318,0.2064,1,3407022,dem=glo30-2021;ecmwf=open-0p25;generator=synthetic-1;gfm=V0M2R2;glofas=4.5;imerg=V07;sentinel1=synthetic,"IoU/F1 at each model's F1-best threshold per lead, tuned on this validation split"
2026-09-27T10:13:46+00:00,2e7b230,model2,historical_frequency,persistence,val,macro,+7d,all,recall,0.2792,0.2531,0.0349,1,3407022,dem=glo30-2021;ecmwf=open-0p25;generator=synthetic-1;gfm=V0M2R2;glofas=4.5;imerg=V07;sentinel1=synthetic,"IoU/F1 at each model's F1-best threshold per lead, tuned on this validation split"
2026-09-27T10:13:46+00:00,2e7b230,model2,historical_frequency,persistence,val,macro,+7d,drained,brier,0.1667,0.7379,0.7741,1,19434,dem=glo30-2021;ecmwf=open-0p25;generator=synthetic-1;gfm=V0M2R2;glofas=4.5;imerg=V07;sentinel1=synthetic,"IoU/F1 at each model's F1-best threshold per lead, tuned on this validation split"
2026-09-27T10:13:46+00:00,2e7b230,model2,historical_frequency,persistence,val,macro,+7d,drained,ece,0.1453,0.7482,0.8059,1,19434,dem=glo30-2021;ecmwf=open-0p25;generator=synthetic-1;gfm=V0M2R2;glofas=4.5;imerg=V07;sentinel1=synthetic,"IoU/F1 at each model's F1-best threshold per lead, tuned on this validation split"
2026-09-27T10:13:46+00:00,2e7b230,model2,historical_frequency,persistence,val,macro,+7d,drained,f1,0.8878,0.0,0.8878,1,19434,dem=glo30-2021;ecmwf=open-0p25;generator=synthetic-1;gfm=V0M2R2;glofas=4.5;imerg=V07;sentinel1=synthetic,"IoU/F1 at each model's F1-best threshold per lead, tuned on this validation split"
2026-09-27T10:13:46+00:00,2e7b230,model2,historical_frequency,persistence,val,macro,+7d,drained,iou,0.7983,0.0,0.7983,1,19434,dem=glo30-2021;ecmwf=open-0p25;generator=synthetic-1;gfm=V0M2R2;glofas=4.5;imerg=V07;sentinel1=synthetic,"IoU/F1 at each model's F1-best threshold per lead, tuned on this validation split"
2026-09-27T10:13:46+00:00,2e7b230,model2,historical_frequency,persistence,val,macro,+7d,drained,precision,0.8223,,,1,19434,dem=glo30-2021;ecmwf=open-0p25;generator=synthetic-1;gfm=V0M2R2;glofas=4.5;imerg=V07;sentinel1=synthetic,"IoU/F1 at each model's F1-best threshold per lead, tuned on this validation split"
2026-09-27T10:13:46+00:00,2e7b230,model2,historical_frequency,persistence,val,macro,+7d,drained,recall,0.9647,0.0,0.9647,1,19434,dem=glo30-2021;ecmwf=open-0p25;generator=synthetic-1;gfm=V0M2R2;glofas=4.5;imerg=V07;sentinel1=synthetic,"IoU/F1 at each model's F1-best threshold per lead, tuned on this validation split"
2026-09-27T10:13:46+00:00,2e7b230,model2,historical_frequency,persistence,val,macro,+7d,newly_flooded,brier,0.0045,0.0039,-0.1313,1,3387588,dem=glo30-2021;ecmwf=open-0p25;generator=synthetic-1;gfm=V0M2R2;glofas=4.5;imerg=V07;sentinel1=synthetic,"IoU/F1 at each model's F1-best threshold per lead, tuned on this validation split"
2026-09-27T10:13:46+00:00,2e7b230,model2,historical_frequency,persistence,val,macro,+7d,newly_flooded,ece,0.0047,0.0061,0.2246,1,3387588,dem=glo30-2021;ecmwf=open-0p25;generator=synthetic-1;gfm=V0M2R2;glofas=4.5;imerg=V07;sentinel1=synthetic,"IoU/F1 at each model's F1-best threshold per lead, tuned on this validation split"
2026-09-27T10:13:46+00:00,2e7b230,model2,historical_frequency,persistence,val,macro,+7d,newly_flooded,f1,0.2968,0.0,0.2968,1,3387588,dem=glo30-2021;ecmwf=open-0p25;generator=synthetic-1;gfm=V0M2R2;glofas=4.5;imerg=V07;sentinel1=synthetic,"IoU/F1 at each model's F1-best threshold per lead, tuned on this validation split"
2026-09-27T10:13:46+00:00,2e7b230,model2,historical_frequency,persistence,val,macro,+7d,newly_flooded,iou,0.1743,0.0,0.1743,1,3387588,dem=glo30-2021;ecmwf=open-0p25;generator=synthetic-1;gfm=V0M2R2;glofas=4.5;imerg=V07;sentinel1=synthetic,"IoU/F1 at each model's F1-best threshold per lead, tuned on this validation split"
2026-09-27T10:13:46+00:00,2e7b230,model2,historical_frequency,persistence,val,macro,+7d,newly_flooded,precision,0.3309,,,1,3387588,dem=glo30-2021;ecmwf=open-0p25;generator=synthetic-1;gfm=V0M2R2;glofas=4.5;imerg=V07;sentinel1=synthetic,"IoU/F1 at each model's F1-best threshold per lead, tuned on this validation split"
2026-09-27T10:13:46+00:00,2e7b230,model2,historical_frequency,persistence,val,macro,+7d,newly_flooded,recall,0.2691,0.0,0.2691,1,3387588,dem=glo30-2021;ecmwf=open-0p25;generator=synthetic-1;gfm=V0M2R2;glofas=4.5;imerg=V07;sentinel1=synthetic,"IoU/F1 at each model's F1-best threshold per lead, tuned on this validation split"
2026-09-27T10:13:46+00:00,2e7b230,model2,river_threshold,persistence,val,macro,+1d,all,brier,0.0066,0.0076,0.1333,1,5212937,dem=glo30-2021;ecmwf=open-0p25;generator=synthetic-1;gfm=V0M2R2;glofas=4.5;imerg=V07;sentinel1=synthetic,"IoU/F1 at each model's F1-best threshold per lead, tuned on this validation split"
2026-09-27T10:13:46+00:00,2e7b230,model2,river_threshold,persistence,val,macro,+1d,all,ece,0.0052,0.0111,0.5335,1,5212937,dem=glo30-2021;ecmwf=open-0p25;generator=synthetic-1;gfm=V0M2R2;glofas=4.5;imerg=V07;sentinel1=synthetic,"IoU/F1 at each model's F1-best threshold per lead, tuned on this validation split"
2026-09-27T10:13:46+00:00,2e7b230,model2,river_threshold,persistence,val,macro,+1d,all,f1,0.2411,0.269,-0.0383,1,5212937,dem=glo30-2021;ecmwf=open-0p25;generator=synthetic-1;gfm=V0M2R2;glofas=4.5;imerg=V07;sentinel1=synthetic,"IoU/F1 at each model's F1-best threshold per lead, tuned on this validation split"
2026-09-27T10:13:46+00:00,2e7b230,model2,river_threshold,persistence,val,macro,+1d,all,iou,0.137,0.1554,-0.0218,1,5212937,dem=glo30-2021;ecmwf=open-0p25;generator=synthetic-1;gfm=V0M2R2;glofas=4.5;imerg=V07;sentinel1=synthetic,"IoU/F1 at each model's F1-best threshold per lead, tuned on this validation split"
2026-09-27T10:13:46+00:00,2e7b230,model2,river_threshold,persistence,val,macro,+1d,all,precision,0.2136,0.2392,-0.0337,1,5212937,dem=glo30-2021;ecmwf=open-0p25;generator=synthetic-1;gfm=V0M2R2;glofas=4.5;imerg=V07;sentinel1=synthetic,"IoU/F1 at each model's F1-best threshold per lead, tuned on this validation split"
2026-09-27T10:13:46+00:00,2e7b230,model2,river_threshold,persistence,val,macro,+1d,all,recall,0.2766,0.3073,-0.0443,1,5212937,dem=glo30-2021;ecmwf=open-0p25;generator=synthetic-1;gfm=V0M2R2;glofas=4.5;imerg=V07;sentinel1=synthetic,"IoU/F1 at each model's F1-best threshold per lead, tuned on this validation split"
2026-09-27T10:13:46+00:00,2e7b230,model2,river_threshold,persistence,val,macro,+1d,drained,brier,0.2259,0.7307,0.6908,1,31083,dem=glo30-2021;ecmwf=open-0p25;generator=synthetic-1;gfm=V0M2R2;glofas=4.5;imerg=V07;sentinel1=synthetic,"IoU/F1 at each model's F1-best threshold per lead, tuned on this validation split"
2026-09-27T10:13:46+00:00,2e7b230,model2,river_threshold,persistence,val,macro,+1d,drained,ece,0.2107,0.7408,0.7155,1,31083,dem=glo30-2021;ecmwf=open-0p25;generator=synthetic-1;gfm=V0M2R2;glofas=4.5;imerg=V07;sentinel1=synthetic,"IoU/F1 at each model's F1-best threshold per lead, tuned on this validation split"
2026-09-27T10:13:46+00:00,2e7b230,model2,river_threshold,persistence,val,macro,+1d,drained,f1,0.8504,0.0,0.8504,1,31083,dem=glo30-2021;ecmwf=open-0p25;generator=synthetic-1;gfm=V0M2R2;glofas=4.5;imerg=V07;sentinel1=synthetic,"IoU/F1 at each model's F1-best threshold per lead, tuned on this validation split"
2026-09-27T10:13:46+00:00,2e7b230,model2,river_threshold,persistence,val,macro,+1d,drained,iou,0.7398,0.0,0.7398,1,31083,dem=glo30-2021;ecmwf=open-0p25;generator=synthetic-1;gfm=V0M2R2;glofas=4.5;imerg=V07;sentinel1=synthetic,"IoU/F1 at each model's F1-best threshold per lead, tuned on this validation split"
2026-09-27T10:13:46+00:00,2e7b230,model2,river_threshold,persistence,val,macro,+1d,drained,precision,0.768,,,1,31083,dem=glo30-2021;ecmwf=open-0p25;generator=synthetic-1;gfm=V0M2R2;glofas=4.5;imerg=V07;sentinel1=synthetic,"IoU/F1 at each model's F1-best threshold per lead, tuned on this validation split"
2026-09-27T10:13:46+00:00,2e7b230,model2,river_threshold,persistence,val,macro,+1d,drained,recall,0.9526,0.0,0.9526,1,31083,dem=glo30-2021;ecmwf=open-0p25;generator=synthetic-1;gfm=V0M2R2;glofas=4.5;imerg=V07;sentinel1=synthetic,"IoU/F1 at each model's F1-best threshold per lead, tuned on this validation split"
2026-09-27T10:13:46+00:00,2e7b230,model2,river_threshold,persistence,val,macro,+1d,newly_flooded,brier,0.0053,0.0033,-0.614,1,5181854,dem=glo30-2021;ecmwf=open-0p25;generator=synthetic-1;gfm=V0M2R2;glofas=4.5;imerg=V07;sentinel1=synthetic,"IoU/F1 at each model's F1-best threshold per lead, tuned on this validation split"
2026-09-27T10:13:46+00:00,2e7b230,model2,river_threshold,persistence,val,macro,+1d,newly_flooded,ece,0.004,0.0068,0.4102,1,5181854,dem=glo30-2021;ecmwf=open-0p25;generator=synthetic-1;gfm=V0M2R2;glofas=4.5;imerg=V07;sentinel1=synthetic,"IoU/F1 at each model's F1-best threshold per lead, tuned on this validation split"
2026-09-27T10:13:46+00:00,2e7b230,model2,river_threshold,persistence,val,macro,+1d,newly_flooded,f1,0.2615,0.0,0.2615,1,5181854,dem=glo30-2021;ecmwf=open-0p25;generator=synthetic-1;gfm=V0M2R2;glofas=4.5;imerg=V07;sentinel1=synthetic,"IoU/F1 at each model's F1-best threshold per lead, tuned on this validation split"
2026-09-27T10:13:46+00:00,2e7b230,model2,river_threshold,persistence,val,macro,+1d,newly_flooded,iou,0.1504,0.0,0.1504,1,5181854,dem=glo30-2021;ecmwf=open-0p25;generator=synthetic-1;gfm=V0M2R2;glofas=4.5;imerg=V07;sentinel1=synthetic,"IoU/F1 at each model's F1-best threshold per lead, tuned on this validation split"
2026-09-27T10:13:46+00:00,2e7b230,model2,river_threshold,persistence,val,macro,+1d,newly_flooded,precision,0.2048,,,1,5181854,dem=glo30-2021;ecmwf=open-0p25;generator=synthetic-1;gfm=V0M2R2;glofas=4.5;imerg=V07;sentinel1=synthetic,"IoU/F1 at each model's F1-best threshold per lead, tuned on this validation split"
2026-09-27T10:13:46+00:00,2e7b230,model2,river_threshold,persistence,val,macro,+1d,newly_flooded,recall,0.3616,0.0,0.3616,1,5181854,dem=glo30-2021;ecmwf=open-0p25;generator=synthetic-1;gfm=V0M2R2;glofas=4.5;imerg=V07;sentinel1=synthetic,"IoU/F1 at each model's F1-best threshold per lead, tuned on this validation split"
2026-09-27T10:13:46+00:00,2e7b230,model2,river_threshold,persistence,val,macro,+2d,all,brier,0.0059,0.0077,0.2315,1,3407022,dem=glo30-2021;ecmwf=open-0p25;generator=synthetic-1;gfm=V0M2R2;glofas=4.5;imerg=V07;sentinel1=synthetic,"IoU/F1 at each model's F1-best threshold per lead, tuned on this validation split"
2026-09-27T10:13:46+00:00,2e7b230,model2,river_threshold,persistence,val,macro,+2d,all,ece,0.0042,0.0101,0.5816,1,3407022,dem=glo30-2021;ecmwf=open-0p25;generator=synthetic-1;gfm=V0M2R2;glofas=4.5;imerg=V07;sentinel1=synthetic,"IoU/F1 at each model's F1-best threshold per lead, tuned on this validation split"
2026-09-27T10:13:46+00:00,2e7b230,model2,river_threshold,persistence,val,macro,+2d,all,f1,0.306,0.2688,0.0508,1,3407022,dem=glo30-2021;ecmwf=open-0p25;generator=synthetic-1;gfm=V0M2R2;glofas=4.5;imerg=V07;sentinel1=synthetic,"IoU/F1 at each model's F1-best threshold per lead, tuned on this validation split"
2026-09-27T10:13:46+00:00,2e7b230,model2,river_threshold,persistence,val,macro,+2d,all,iou,0.1806,0.1553,0.03,1,3407022,dem=glo30-2021;ecmwf=open-0p25;generator=synthetic-1;gfm=V0M2R2;glofas=4.5;imerg=V07;sentinel1=synthetic,"IoU/F1 at each model's F1-best threshold per lead, tuned on this validation split"
2026-09-27T10:13:46+00:00,2e7b230,model2,river_threshold,persistence,val,macro,+2d,all,precision,0.3029,0.2631,0.054,1,3407022,dem=glo30-2021;ecmwf=open-0p25;generator=synthetic-1;gfm=V0M2R2;glofas=4.5;imerg=V07;sentinel1=synthetic,"IoU/F1 at each model's F1-best threshold per lead, tuned on this validation split"
2026-09-27T10:13:46+00:00,2e7b230,model2,river_threshold,persistence,val,macro,+2d,all,recall,0.3091,0.2747,0.0474,1,3407022,dem=glo30-2021;ecmwf=open-0p25;generator=synthetic-1;gfm=V0M2R2;glofas=4.5;imerg=V07;sentinel1=synthetic,"IoU/F1 at each model's F1-best threshold per lead, tuned on this validation split"
2026-09-27T10:13:46+00:00,2e7b230,model2,river_threshold,persistence,val,macro,+2d,drained,brier,0.2468,0.7078,0.6513,1,18575,dem=glo30-2021;ecmwf=open-0p25;generator=synthetic-1;gfm=V0M2R2;glofas=4.5;imerg=V07;sentinel1=synthetic,"IoU/F1 at each model's F1-best threshold per lead, tuned on this validation split"
2026-09-27T10:13:46+00:00,2e7b230,model2,river_threshold,persistence,val,macro,+2d,drained,ece,0.2334,0.7169,0.6744,1,18575,dem=glo30-2021;ecmwf=open-0p25;generator=synthetic-1;gfm=V0M2R2;glofas=4.5;imerg=V07;sentinel1=synthetic,"IoU/F1 at each model's F1-best threshold per lead, tuned on this validation split"
2026-09-27T10:13:46+00:00,2e7b230,model2,river_threshold,persistence,val,macro,+2d,drained,f1,0.832,0.0,0.832,1,18575,dem=glo30-2021;ecmwf=open-0p25;generator=synthetic-1;gfm=V0M2R2;glofas=4.5;imerg=V07;sentinel1=synthetic,"IoU/F1 at each model's F1-best threshold per lead, tuned on this validation split"
2026-09-27T10:13:46+00:00,2e7b230,model2,river_threshold,persistence,val,macro,+2d,drained,iou,0.7123,0.0,0.7123,1,18575,dem=glo30-2021;ecmwf=open-0p25;generator=synthetic-1;gfm=V0M2R2;glofas=4.5;imerg=V07;sentinel1=synthetic,"IoU/F1 at each model's F1-best threshold per lead, tuned on this validation split"
2026-09-27T10:13:46+00:00,2e7b230,model2,river_threshold,persistence,val,macro,+2d,drained,precision,0.7488,,,1,18575,dem=glo30-2021;ecmwf=open-0p25;generator=synthetic-1;gfm=V0M2R2;glofas=4.5;imerg=V07;sentinel1=synthetic,"IoU/F1 at each model's F1-best threshold per lead, tuned on this validation split"
2026-09-27T10:13:46+00:00,2e7b230,model2,river_threshold,persistence,val,macro,+2d,drained,recall,0.9359,0.0,0.9359,1,18575,dem=glo30-2021;ecmwf=open-0p25;generator=synthetic-1;gfm=V0M2R2;glofas=4.5;imerg=V07;sentinel1=synthetic,"IoU/F1 at each model's F1-best threshold per lead, tuned on this validation split"
2026-09-27T10:13:46+00:00,2e7b230,model2,river_threshold,persistence,val,macro,+2d,newly_flooded,brier,0.0046,0.0038,-0.1935,1,3388447,dem=glo30-2021;ecmwf=open-0p25;generator=synthetic-1;gfm=V0M2R2;glofas=4.5;imerg=V07;sentinel1=synthetic,"IoU/F1 at each model's F1-best threshold per lead, tuned on this validation split"
2026-09-27T10:13:46+00:00,2e7b230,model2,river_threshold,persistence,val,macro,+2d,newly_flooded,ece,0.003,0.0062,0.5176,1,3388447,dem=glo30-2021;ecmwf=open-0p25;generator=synthetic-1;gfm=V0M2R2;glofas=4.5;imerg=V07;sentinel1=synthetic,"IoU/F1 at each model's F1-best threshold per lead, tuned on this validation split"
2026-09-27T10:13:46+00:00,2e7b230,model2,river_threshold,persistence,val,macro,+2d,newly_flooded,f1,0.3317,0.0,0.3317,1,3388447,dem=glo30-2021;ecmwf=open-0p25;generator=synthetic-1;gfm=V0M2R2;glofas=4.5;imerg=V07;sentinel1=synthetic,"IoU/F1 at each model's F1-best threshold per lead, tuned on this validation split"
2026-09-27T10:13:46+00:00,2e7b230,model2,river_threshold,persistence,val,macro,+2d,newly_flooded,iou,0.1989,0.0,0.1989,1,3388447,dem=glo30-2021;ecmwf=open-0p25;generator=synthetic-1;gfm=V0M2R2;glofas=4.5;imerg=V07;sentinel1=synthetic,"IoU/F1 at each model's F1-best threshold per lead, tuned on this validation split"
2026-09-27T10:13:46+00:00,2e7b230,model2,river_threshold,persistence,val,macro,+2d,newly_flooded,precision,0.2942,,,1,3388447,dem=glo30-2021;ecmwf=open-0p25;generator=synthetic-1;gfm=V0M2R2;glofas=4.5;imerg=V07;sentinel1=synthetic,"IoU/F1 at each model's F1-best threshold per lead, tuned on this validation split"
2026-09-27T10:13:46+00:00,2e7b230,model2,river_threshold,persistence,val,macro,+2d,newly_flooded,recall,0.3803,0.0,0.3803,1,3388447,dem=glo30-2021;ecmwf=open-0p25;generator=synthetic-1;gfm=V0M2R2;glofas=4.5;imerg=V07;sentinel1=synthetic,"IoU/F1 at each model's F1-best threshold per lead, tuned on this validation split"
2026-09-27T10:13:46+00:00,2e7b230,model2,river_threshold,persistence,val,macro,+3d,all,brier,0.0064,0.0077,0.1685,1,3407022,dem=glo30-2021;ecmwf=open-0p25;generator=synthetic-1;gfm=V0M2R2;glofas=4.5;imerg=V07;sentinel1=synthetic,"IoU/F1 at each model's F1-best threshold per lead, tuned on this validation split"
2026-09-27T10:13:46+00:00,2e7b230,model2,river_threshold,persistence,val,macro,+3d,all,ece,0.0048,0.0101,0.5239,1,3407022,dem=glo30-2021;ecmwf=open-0p25;generator=synthetic-1;gfm=V0M2R2;glofas=4.5;imerg=V07;sentinel1=synthetic,"IoU/F1 at each model's F1-best threshold per lead, tuned on this validation split"
2026-09-27T10:13:46+00:00,2e7b230,model2,river_threshold,persistence,val,macro,+3d,all,f1,0.2862,0.2688,0.0238,1,3407022,dem=glo30-2021;ecmwf=open-0p25;generator=synthetic-1;gfm=V0M2R2;glofas=4.5;imerg=V07;sentinel1=synthetic,"IoU/F1 at each model's F1-best threshold per lead, tuned on this validation split"
2026-09-27T10:13:46+00:00,2e7b230,model2,river_threshold,persistence,val,macro,+3d,all,iou,0.167,0.1553,0.0139,1,3407022,dem=glo30-2021;ecmwf=open-0p25;generator=synthetic-1;gfm=V0M2R2;glofas=4.5;imerg=V07;sentinel1=synthetic,"IoU/F1 at each model's F1-best threshold per lead, tuned on this validation split"
2026-09-27T10:13:46+00:00,2e7b230,model2,river_threshold,persistence,val,macro,+3d,all,precision,0.2678,0.2631,0.0062,1,3407022,dem=glo30-2021;ecmwf=open-0p25;generator=synthetic-1;gfm=V0M2R2;glofas=4.5;imerg=V07;sentinel1=synthetic,"IoU/F1 at each model's F1-best threshold per lead, tuned on this validation split"
2026-09-27T10:13:46+00:00,2e7b230,model2,river_threshold,persistence,val,macro,+3d,all,recall,0.3074,0.2747,0.0452,1,3407022,dem=glo30-2021;ecmwf=open-0p25;generator=synthetic-1;gfm=V0M2R2;glofas=4.5;imerg=V07;sentinel1=synthetic,"IoU/F1 at each model's F1-best threshold per lead, tuned on this validation split"
2026-09-27T10:13:46+00:00,2e7b230,model2,river_threshold,persistence,val,macro,+3d,drained,brier,0.2464,0.7078,0.6518,1,18575,dem=glo30-2021;ecmwf=open-0p25;generator=synthetic-1;gfm=V0M2R2;glofas=4.5;imerg=V07;sentinel1=synthetic,"IoU/F1 at each model's F1-best threshold per lead, tuned on this validation split"
2026-09-27T10:13:46+00:00,2e7b230,model2,river_threshold,persistence,val,macro,+3d,drained,ece,0.2331,0.7169,0.6748,1,18575,dem=glo30-2021;ecmwf=open-0p25;generator=synthetic-1;gfm=V0M2R2;glofas=4.5;imerg=V07;sentinel1=synthetic,"IoU/F1 at each model's F1-best threshold per lead, tuned on this validation split"
2026-09-27T10:13:46+00:00,2e7b230,model2,river_threshold,persistence,val,macro,+3d,drained,f1,0.8322,0.0,0.8322,1,18575,dem=glo30-2021;ecmwf=open-0p25;generator=synthetic-1;gfm=V0M2R2;glofas=4.5;imerg=V07;sentinel1=synthetic,"IoU/F1 at each model's F1-best threshold per lead, tuned on this validation split"
2026-09-27T10:13:46+00:00,2e7b230,model2,river_threshold,persistence,val,macro,+3d,drained,iou,0.7126,0.0,0.7126,1,18575,dem=glo30-2021;ecmwf=open-0p25;generator=synthetic-1;gfm=V0M2R2;glofas=4.5;imerg=V07;sentinel1=synthetic,"IoU/F1 at each model's F1-best threshold per lead, tuned on this validation split"
2026-09-27T10:13:46+00:00,2e7b230,model2,river_threshold,persistence,val,macro,+3d,drained,precision,0.7493,,,1,18575,dem=glo30-2021;ecmwf=open-0p25;generator=synthetic-1;gfm=V0M2R2;glofas=4.5;imerg=V07;sentinel1=synthetic,"IoU/F1 at each model's F1-best threshold per lead, tuned on this validation split"
2026-09-27T10:13:46+00:00,2e7b230,model2,river_threshold,persistence,val,macro,+3d,drained,recall,0.9357,0.0,0.9357,1,18575,dem=glo30-2021;ecmwf=open-0p25;generator=synthetic-1;gfm=V0M2R2;glofas=4.5;imerg=V07;sentinel1=synthetic,"IoU/F1 at each model's F1-best threshold per lead, tuned on this validation split"
2026-09-27T10:13:46+00:00,2e7b230,model2,river_threshold,persistence,val,macro,+3d,newly_flooded,brier,0.0051,0.0038,-0.3207,1,3388447,dem=glo30-2021;ecmwf=open-0p25;generator=synthetic-1;gfm=V0M2R2;glofas=4.5;imerg=V07;sentinel1=synthetic,"IoU/F1 at each model's F1-best threshold per lead, tuned on this validation split"
2026-09-27T10:13:46+00:00,2e7b230,model2,river_threshold,persistence,val,macro,+3d,newly_flooded,ece,0.0036,0.0062,0.4224,1,3388447,dem=glo30-2021;ecmwf=open-0p25;generator=synthetic-1;gfm=V0M2R2;glofas=4.5;imerg=V07;sentinel1=synthetic,"IoU/F1 at each model's F1-best threshold per lead, tuned on this validation split"
2026-09-27T10:13:46+00:00,2e7b230,model2,river_threshold,persistence,val,macro,+3d,newly_flooded,f1,0.3056,0.0,0.3056,1,3388447,dem=glo30-2021;ecmwf=open-0p25;generator=synthetic-1;gfm=V0M2R2;glofas=4.5;imerg=V07;sentinel1=synthetic,"IoU/F1 at each model's F1-best threshold per lead, tuned on this validation split"
2026-09-27T10:13:46+00:00,2e7b230,model2,river_threshold,persistence,val,macro,+3d,newly_flooded,iou,0.1804,0.0,0.1804,1,3388447,dem=glo30-2021;ecmwf=open-0p25;generator=synthetic-1;gfm=V0M2R2;glofas=4.5;imerg=V07;sentinel1=synthetic,"IoU/F1 at each model's F1-best threshold per lead, tuned on this validation split"
2026-09-27T10:13:46+00:00,2e7b230,model2,river_threshold,persistence,val,macro,+3d,newly_flooded,precision,0.2569,,,1,3388447,dem=glo30-2021;ecmwf=open-0p25;generator=synthetic-1;gfm=V0M2R2;glofas=4.5;imerg=V07;sentinel1=synthetic,"IoU/F1 at each model's F1-best threshold per lead, tuned on this validation split"
2026-09-27T10:13:46+00:00,2e7b230,model2,river_threshold,persistence,val,macro,+3d,newly_flooded,recall,0.3772,0.0,0.3772,1,3388447,dem=glo30-2021;ecmwf=open-0p25;generator=synthetic-1;gfm=V0M2R2;glofas=4.5;imerg=V07;sentinel1=synthetic,"IoU/F1 at each model's F1-best threshold per lead, tuned on this validation split"
2026-09-27T10:13:46+00:00,2e7b230,model2,river_threshold,persistence,val,macro,+4d,all,brier,0.0067,0.0077,0.1215,1,3407022,dem=glo30-2021;ecmwf=open-0p25;generator=synthetic-1;gfm=V0M2R2;glofas=4.5;imerg=V07;sentinel1=synthetic,"IoU/F1 at each model's F1-best threshold per lead, tuned on this validation split"
2026-09-27T10:13:46+00:00,2e7b230,model2,river_threshold,persistence,val,macro,+4d,all,ece,0.0052,0.0101,0.4805,1,3407022,dem=glo30-2021;ecmwf=open-0p25;generator=synthetic-1;gfm=V0M2R2;glofas=4.5;imerg=V07;sentinel1=synthetic,"IoU/F1 at each model's F1-best threshold per lead, tuned on this validation split"
2026-09-27T10:13:46+00:00,2e7b230,model2,river_threshold,persistence,val,macro,+4d,all,f1,0.2746,0.2688,0.0079,1,3407022,dem=glo30-2021;ecmwf=open-0p25;generator=synthetic-1;gfm=V0M2R2;glofas=4.5;imerg=V07;sentinel1=synthetic,"IoU/F1 at each model's F1-best threshold per lead, tuned on this validation split"
2026-09-27T10:13:46+00:00,2e7b230,model2,river_threshold,persistence,val,macro,+4d,all,iou,0.1592,0.1553,0.0046,1,3407022,dem=glo30-2021;ecmwf=open-0p25;generator=synthetic-1;gfm=V0M2R2;glofas=4.5;imerg=V07;sentinel1=synthetic,"IoU/F1 at each model's F1-best threshold per lead, tuned on this validation split"
2026-09-27T10:13:46+00:00,2e7b230,model2,river_threshold,persistence,val,macro,+4d,all,precision,0.2472,0.2631,-0.0217,1,3407022,dem=glo30-2021;ecmwf=open-0p25;generator=synthetic-1;gfm=V0M2R2;glofas=4.5;imerg=V07;sentinel1=synthetic,"IoU/F1 at each model's F1-best threshold per lead, tuned on this validation split"
2026-09-27T10:13:46+00:00,2e7b230,model2,river_threshold,persistence,val,macro,+4d,all,recall,0.3089,0.2747,0.0471,1,3407022,dem=glo30-2021;ecmwf=open-0p25;generator=synthetic-1;gfm=V0M2R2;glofas=4.5;imerg=V07;sentinel1=synthetic,"IoU/F1 at each model's F1-best threshold per lead, tuned on this validation split"
2026-09-27T10:13:46+00:00,2e7b230,model2,river_threshold,persistence,val,macro,+4d,drained,brier,0.2464,0.7078,0.6518,1,18575,dem=glo30-2021;ecmwf=open-0p25;generator=synthetic-1;gfm=V0M2R2;glofas=4.5;imerg=V07;sentinel1=synthetic,"IoU/F1 at each model's F1-best threshold per lead, tuned on this validation split"
2026-09-27T10:13:46+00:00,2e7b230,model2,river_threshold,persistence,val,macro,+4d,drained,ece,0.2331,0.7169,0.6748,1,18575,dem=glo30-2021;ecmwf=open-0p25;generator=synthetic-1;gfm=V0M2R2;glofas=4.5;imerg=V07;sentinel1=synthetic,"IoU/F1 at each model's F1-best threshold per lead, tuned on this validation split"
2026-09-27T10:13:46+00:00,2e7b230,model2,river_threshold,persistence,val,macro,+4d,drained,f1,0.8322,0.0,0.8322,1,18575,dem=glo30-2021;ecmwf=open-0p25;generator=synthetic-1;gfm=V0M2R2;glofas=4.5;imerg=V07;sentinel1=synthetic,"IoU/F1 at each model's F1-best threshold per lead, tuned on this validation split"
2026-09-27T10:13:46+00:00,2e7b230,model2,river_threshold,persistence,val,macro,+4d,drained,iou,0.7126,0.0,0.7126,1,18575,dem=glo30-2021;ecmwf=open-0p25;generator=synthetic-1;gfm=V0M2R2;glofas=4.5;imerg=V07;sentinel1=synthetic,"IoU/F1 at each model's F1-best threshold per lead, tuned on this validation split"
2026-09-27T10:13:46+00:00,2e7b230,model2,river_threshold,persistence,val,macro,+4d,drained,precision,0.7493,,,1,18575,dem=glo30-2021;ecmwf=open-0p25;generator=synthetic-1;gfm=V0M2R2;glofas=4.5;imerg=V07;sentinel1=synthetic,"IoU/F1 at each model's F1-best threshold per lead, tuned on this validation split"
2026-09-27T10:13:46+00:00,2e7b230,model2,river_threshold,persistence,val,macro,+4d,drained,recall,0.9356,0.0,0.9356,1,18575,dem=glo30-2021;ecmwf=open-0p25;generator=synthetic-1;gfm=V0M2R2;glofas=4.5;imerg=V07;sentinel1=synthetic,"IoU/F1 at each model's F1-best threshold per lead, tuned on this validation split"
2026-09-27T10:13:46+00:00,2e7b230,model2,river_threshold,persistence,val,macro,+4d,newly_flooded,brier,0.0054,0.0038,-0.4153,1,3388447,dem=glo30-2021;ecmwf=open-0p25;generator=synthetic-1;gfm=V0M2R2;glofas=4.5;imerg=V07;sentinel1=synthetic,"IoU/F1 at each model's F1-best threshold per lead, tuned on this validation split"
2026-09-27T10:13:46+00:00,2e7b230,model2,river_threshold,persistence,val,macro,+4d,newly_flooded,ece,0.004,0.0062,0.3517,1,3388447,dem=glo30-2021;ecmwf=open-0p25;generator=synthetic-1;gfm=V0M2R2;glofas=4.5;imerg=V07;sentinel1=synthetic,"IoU/F1 at each model's F1-best threshold per lead, tuned on this validation split"
2026-09-27T10:13:46+00:00,2e7b230,model2,river_threshold,persistence,val,macro,+4d,newly_flooded,f1,0.2907,0.0,0.2907,1,3388447,dem=glo30-2021;ecmwf=open-0p25;generator=synthetic-1;gfm=V0M2R2;glofas=4.5;imerg=V07;sentinel1=synthetic,"IoU/F1 at each model's F1-best threshold per lead, tuned on this validation split"
2026-09-27T10:13:46+00:00,2e7b230,model2,river_threshold,persistence,val,macro,+4d,newly_flooded,iou,0.1701,0.0,0.1701,1,3388447,dem=glo30-2021;ecmwf=open-0p25;generator=synthetic-1;gfm=V0M2R2;glofas=4.5;imerg=V07;sentinel1=synthetic,"IoU/F1 at each model's F1-best threshold per lead, tuned on this validation split"
2026-09-27T10:13:46+00:00,2e7b230,model2,river_threshold,persistence,val,macro,+4d,newly_flooded,precision,0.2358,,,1,3388447,dem=glo30-2021;ecmwf=open-0p25;generator=synthetic-1;gfm=V0M2R2;glofas=4.5;imerg=V07;sentinel1=synthetic,"IoU/F1 at each model's F1-best threshold per lead, tuned on this validation split"
2026-09-27T10:13:46+00:00,2e7b230,model2,river_threshold,persistence,val,macro,+4d,newly_flooded,recall,0.379,0.0,0.379,1,3388447,dem=glo30-2021;ecmwf=open-0p25;generator=synthetic-1;gfm=V0M2R2;glofas=4.5;imerg=V07;sentinel1=synthetic,"IoU/F1 at each model's F1-best threshold per lead, tuned on this validation split"
2026-09-27T10:13:46+00:00,2e7b230,model2,river_threshold,persistence,val,macro,+5d,all,brier,0.0065,0.0084,0.2273,1,3407022,dem=glo30-2021;ecmwf=open-0p25;generator=synthetic-1;gfm=V0M2R2;glofas=4.5;imerg=V07;sentinel1=synthetic,"IoU/F1 at each model's F1-best threshold per lead, tuned on this validation split"
2026-09-27T10:13:46+00:00,2e7b230,model2,river_threshold,persistence,val,macro,+5d,all,ece,0.0049,0.0108,0.5438,1,3407022,dem=glo30-2021;ecmwf=open-0p25;generator=synthetic-1;gfm=V0M2R2;glofas=4.5;imerg=V07;sentinel1=synthetic,"IoU/F1 at each model's F1-best threshold per lead, tuned on this validation split"
2026-09-27T10:13:46+00:00,2e7b230,model2,river_threshold,persistence,val,macro,+5d,all,f1,0.2837,0.2526,0.0415,1,3407022,dem=glo30-2021;ecmwf=open-0p25;generator=synthetic-1;gfm=V0M2R2;glofas=4.5;imerg=V07;sentinel1=synthetic,"IoU/F1 at each model's F1-best threshold per lead, tuned on this validation split"
2026-09-27T10:13:46+00:00,2e7b230,model2,river_threshold,persistence,val,macro,+5d,all,iou,0.1653,0.1446,0.0242,1,3407022,dem=glo30-2021;ecmwf=open-0p25;generator=synthetic-1;gfm=V0M2R2;glofas=4.5;imerg=V07;sentinel1=synthetic,"IoU/F1 at each model's F1-best threshold per lead, tuned on this validation split"
2026-09-27T10:13:46+00:00,2e7b230,model2,river_threshold,persistence,val,macro,+5d,all,precision,0.2613,0.2321,0.038,1,3407022,dem=glo30-2021;ecmwf=open-0p25;generator=synthetic-1;gfm=V0M2R2;glofas=4.5;imerg=V07;sentinel1=synthetic,"IoU/F1 at each model's F1-best threshold per lead, tuned on this validation split"
2026-09-27T10:13:46+00:00,2e7b230,model2,river_threshold,persistence,val,macro,+5d,all,recall,0.3102,0.2772,0.0457,1,3407022,dem=glo30-2021;ecmwf=open-0p25;generator=synthetic-1;gfm=V0M2R2;glofas=4.5;imerg=V07;sentinel1=synthetic,"IoU/F1 at each model's F1-best threshold per lead, tuned on this validation split"
2026-09-27T10:13:46+00:00,2e7b230,model2,river_threshold,persistence,val,macro,+5d,drained,brier,0.2188,0.7376,0.7034,1,21251,dem=glo30-2021;ecmwf=open-0p25;generator=synthetic-1;gfm=V0M2R2;glofas=4.5;imerg=V07;sentinel1=synthetic,"IoU/F1 at each model's F1-best threshold per lead, tuned on this validation split"
2026-09-27T10:13:46+00:00,2e7b230,model2,river_threshold,persistence,val,macro,+5d,drained,ece,0.2007,0.7479,0.7316,1,21251,dem=glo30-2021;ecmwf=open-0p25;generator=synthetic-1;gfm=V0M2R2;glofas=4.5;imerg=V07;sentinel1=synthetic,"IoU/F1 at each model's F1-best threshold per lead, tuned on this validation split"
2026-09-27T10:13:46+00:00,2e7b230,model2,river_threshold,persistence,val,macro,+5d,drained,f1,0.8547,0.0,0.8547,1,21251,dem=glo30-2021;ecmwf=open-0p25;generator=synthetic-1;gfm=V0M2R2;glofas=4.5;imerg=V07;sentinel1=synthetic,"IoU/F1 at each model's F1-best threshold per lead, tuned on this validation split"
2026-09-27T10:13:46+00:00,2e7b230,model2,river_threshold,persistence,val,macro,+5d,drained,iou,0.7463,0.0,0.7463,1,21251,dem=glo30-2021;ecmwf=open-0p25;generator=synthetic-1;gfm=V0M2R2;glofas=4.5;imerg=V07;sentinel1=synthetic,"IoU/F1 at each model's F1-best threshold per lead, tuned on this validation split"
2026-09-27T10:13:46+00:00,2e7b230,model2,river_threshold,persistence,val,macro,+5d,drained,precision,0.7803,,,1,21251,dem=glo30-2021;ecmwf=open-0p25;generator=synthetic-1;gfm=V0M2R2;glofas=4.5;imerg=V07;sentinel1=synthetic,"IoU/F1 at each model's F1-best threshold per lead, tuned on this validation split"
2026-09-27T10:13:46+00:00,2e7b230,model2,river_threshold,persistence,val,macro,+5d,drained,recall,0.9448,0.0,0.9448,1,21251,dem=glo30-2021;ecmwf=open-0p25;generator=synthetic-1;gfm=V0M2R2;glofas=4.5;imerg=V07;sentinel1=synthetic,"IoU/F1 at each model's F1-best threshold per lead, tuned on this validation split"
2026-09-27T10:13:46+00:00,2e7b230,model2,river_threshold,persistence,val,macro,+5d,newly_flooded,brier,0.0052,0.0038,-0.3492,1,3385771,dem=glo30-2021;ecmwf=open-0p25;generator=synthetic-1;gfm=V0M2R2;glofas=4.5;imerg=V07;sentinel1=synthetic,"IoU/F1 at each model's F1-best threshold per lead, tuned on this validation split"
2026-09-27T10:13:46+00:00,2e7b230,model2,river_threshold,persistence,val,macro,+5d,newly_flooded,ece,0.0037,0.0062,0.3981,1,3385771,dem=glo30-2021;ecmwf=open-0p25;generator=synthetic-1;gfm=V0M2R2;glofas=4.5;imerg=V07;sentinel1=synthetic,"IoU/F1 at each model's F1-best threshold per lead, tuned on this validation split"
2026-09-27T10:13:46+00:00,2e7b230,model2,river_threshold,persistence,val,macro,+5d,newly_flooded,f1,0.3033,0.0,0.3033,1,3385771,dem=glo30-2021;ecmwf=open-0p25;generator=synthetic-1;gfm=V0M2R2;glofas=4.5;imerg=V07;sentinel1=synthetic,"IoU/F1 at each model's F1-best threshold per lead, tuned on this validation split"
2026-09-27T10:13:46+00:00,2e7b230,model2,river_threshold,persistence,val,macro,+5d,newly_flooded,iou,0.1788,0.0,0.1788,1,3385771,dem=glo30-2021;ecmwf=open-0p25;generator=synthetic-1;gfm=V0M2R2;glofas=4.5;imerg=V07;sentinel1=synthetic,"IoU/F1 at each model's F1-best threshold per lead, tuned on this validation split"
2026-09-27T10:13:46+00:00,2e7b230,model2,river_threshold,persistence,val,macro,+5d,newly_flooded,precision,0.251,,,1,3385771,dem=glo30-2021;ecmwf=open-0p25;generator=synthetic-1;gfm=V0M2R2;glofas=4.5;imerg=V07;sentinel1=synthetic,"IoU/F1 at each model's F1-best threshold per lead, tuned on this validation split"
2026-09-27T10:13:46+00:00,2e7b230,model2,river_threshold,persistence,val,macro,+5d,newly_flooded,recall,0.3832,0.0,0.3832,1,3385771,dem=glo30-2021;ecmwf=open-0p25;generator=synthetic-1;gfm=V0M2R2;glofas=4.5;imerg=V07;sentinel1=synthetic,"IoU/F1 at each model's F1-best threshold per lead, tuned on this validation split"
2026-09-27T10:13:46+00:00,2e7b230,model2,river_threshold,persistence,val,macro,+6d,all,brier,0.0059,0.0078,0.2513,1,3407022,dem=glo30-2021;ecmwf=open-0p25;generator=synthetic-1;gfm=V0M2R2;glofas=4.5;imerg=V07;sentinel1=synthetic,"IoU/F1 at each model's F1-best threshold per lead, tuned on this validation split"
2026-09-27T10:13:46+00:00,2e7b230,model2,river_threshold,persistence,val,macro,+6d,all,ece,0.0042,0.0101,0.5887,1,3407022,dem=glo30-2021;ecmwf=open-0p25;generator=synthetic-1;gfm=V0M2R2;glofas=4.5;imerg=V07;sentinel1=synthetic,"IoU/F1 at each model's F1-best threshold per lead, tuned on this validation split"
2026-09-27T10:13:46+00:00,2e7b230,model2,river_threshold,persistence,val,macro,+6d,all,f1,0.3072,0.2592,0.0648,1,3407022,dem=glo30-2021;ecmwf=open-0p25;generator=synthetic-1;gfm=V0M2R2;glofas=4.5;imerg=V07;sentinel1=synthetic,"IoU/F1 at each model's F1-best threshold per lead, tuned on this validation split"
2026-09-27T10:13:46+00:00,2e7b230,model2,river_threshold,persistence,val,macro,+6d,all,iou,0.1815,0.1489,0.0383,1,3407022,dem=glo30-2021;ecmwf=open-0p25;generator=synthetic-1;gfm=V0M2R2;glofas=4.5;imerg=V07;sentinel1=synthetic,"IoU/F1 at each model's F1-best threshold per lead, tuned on this validation split"
2026-09-27T10:13:46+00:00,2e7b230,model2,river_threshold,persistence,val,macro,+6d,all,precision,0.3058,0.2522,0.0718,1,3407022,dem=glo30-2021;ecmwf=open-0p25;generator=synthetic-1;gfm=V0M2R2;glofas=4.5;imerg=V07;sentinel1=synthetic,"IoU/F1 at each model's F1-best threshold per lead, tuned on this validation split"
2026-09-27T10:13:46+00:00,2e7b230,model2,river_threshold,persistence,val,macro,+6d,all,recall,0.3085,0.2666,0.0572,1,3407022,dem=glo30-2021;ecmwf=open-0p25;generator=synthetic-1;gfm=V0M2R2;glofas=4.5;imerg=V07;sentinel1=synthetic,"IoU/F1 at each model's F1-best threshold per lead, tuned on this validation split"
2026-09-27T10:13:46+00:00,2e7b230,model2,river_threshold,persistence,val,macro,+6d,drained,brier,0.1764,0.7183,0.7544,1,18814,dem=glo30-2021;ecmwf=open-0p25;generator=synthetic-1;gfm=V0M2R2;glofas=4.5;imerg=V07;sentinel1=synthetic,"IoU/F1 at each model's F1-best threshold per lead, tuned on this validation split"
2026-09-27T10:13:46+00:00,2e7b230,model2,river_threshold,persistence,val,macro,+6d,drained,ece,0.1476,0.7278,0.7972,1,18814,dem=glo30-2021;ecmwf=open-0p25;generator=synthetic-1;gfm=V0M2R2;glofas=4.5;imerg=V07;sentinel1=synthetic,"IoU/F1 at each model's F1-best threshold per lead, tuned on this validation split"
2026-09-27T10:13:46+00:00,2e7b230,model2,river_threshold,persistence,val,macro,+6d,drained,f1,0.8752,0.0,0.8752,1,18814,dem=glo30-2021;ecmwf=open-0p25;generator=synthetic-1;gfm=V0M2R2;glofas=4.5;imerg=V07;sentinel1=synthetic,"IoU/F1 at each model's F1-best threshold per lead, tuned on this validation split"
2026-09-27T10:13:46+00:00,2e7b230,model2,river_threshold,persistence,val,macro,+6d,drained,iou,0.7781,0.0,0.7781,1,18814,dem=glo30-2021;ecmwf=open-0p25;generator=synthetic-1;gfm=V0M2R2;glofas=4.5;imerg=V07;sentinel1=synthetic,"IoU/F1 at each model's F1-best threshold per lead, tuned on this validation split"
2026-09-27T10:13:46+00:00,2e7b230,model2,river_threshold,persistence,val,macro,+6d,drained,precision,0.8112,,,1,18814,dem=glo30-2021;ecmwf=open-0p25;generator=synthetic-1;gfm=V0M2R2;glofas=4.5;imerg=V07;sentinel1=synthetic,"IoU/F1 at each model's F1-best threshold per lead, tuned on this validation split"
2026-09-27T10:13:46+00:00,2e7b230,model2,river_threshold,persistence,val,macro,+6d,drained,recall,0.9501,0.0,0.9501,1,18814,dem=glo30-2021;ecmwf=open-0p25;generator=synthetic-1;gfm=V0M2R2;glofas=4.5;imerg=V07;sentinel1=synthetic,"IoU/F1 at each model's F1-best threshold per lead, tuned on this validation split"
2026-09-27T10:13:46+00:00,2e7b230,model2,river_threshold,persistence,val,macro,+6d,newly_flooded,brier,0.0049,0.0039,-0.2665,1,3388208,dem=glo30-2021;ecmwf=open-0p25;generator=synthetic-1;gfm=V0M2R2;glofas=4.5;imerg=V07;sentinel1=synthetic,"IoU/F1 at each model's F1-best threshold per lead, tuned on this validation split"
2026-09-27T10:13:46+00:00,2e7b230,model2,river_threshold,persistence,val,macro,+6d,newly_flooded,ece,0.0034,0.0061,0.4493,1,3388208,dem=glo30-2021;ecmwf=open-0p25;generator=synthetic-1;gfm=V0M2R2;glofas=4.5;imerg=V07;sentinel1=synthetic,"IoU/F1 at each model's F1-best threshold per lead, tuned on this validation split"
2026-09-27T10:13:46+00:00,2e7b230,model2,river_threshold,persistence,val,macro,+6d,newly_flooded,f1,0.2691,0.0,0.2691,1,3388208,dem=glo30-2021;ecmwf=open-0p25;generator=synthetic-1;gfm=V0M2R2;glofas=4.5;imerg=V07;sentinel1=synthetic,"IoU/F1 at each model's F1-best threshold per lead, tuned on this validation split"
2026-09-27T10:13:46+00:00,2e7b230,model2,river_threshold,persistence,val,macro,+6d,newly_flooded,iou,0.1555,0.0,0.1555,1,3388208,dem=glo30-2021;ecmwf=open-0p25;generator=synthetic-1;gfm=V0M2R2;glofas=4.5;imerg=V07;sentinel1=synthetic,"IoU/F1 at each model's F1-best threshold per lead, tuned on this validation split"
2026-09-27T10:13:46+00:00,2e7b230,model2,river_threshold,persistence,val,macro,+6d,newly_flooded,precision,0.247,,,1,3388208,dem=glo30-2021;ecmwf=open-0p25;generator=synthetic-1;gfm=V0M2R2;glofas=4.5;imerg=V07;sentinel1=synthetic,"IoU/F1 at each model's F1-best threshold per lead, tuned on this validation split"
2026-09-27T10:13:46+00:00,2e7b230,model2,river_threshold,persistence,val,macro,+6d,newly_flooded,recall,0.2955,0.0,0.2955,1,3388208,dem=glo30-2021;ecmwf=open-0p25;generator=synthetic-1;gfm=V0M2R2;glofas=4.5;imerg=V07;sentinel1=synthetic,"IoU/F1 at each model's F1-best threshold per lead, tuned on this validation split"
2026-09-27T10:13:46+00:00,2e7b230,model2,river_threshold,persistence,val,macro,+7d,all,brier,0.0064,0.0081,0.2092,1,3407022,dem=glo30-2021;ecmwf=open-0p25;generator=synthetic-1;gfm=V0M2R2;glofas=4.5;imerg=V07;sentinel1=synthetic,"IoU/F1 at each model's F1-best threshold per lead, tuned on this validation split"
2026-09-27T10:13:46+00:00,2e7b230,model2,river_threshold,persistence,val,macro,+7d,all,ece,0.0049,0.0103,0.5286,1,3407022,dem=glo30-2021;ecmwf=open-0p25;generator=synthetic-1;gfm=V0M2R2;glofas=4.5;imerg=V07;sentinel1=synthetic,"IoU/F1 at each model's F1-best threshold per lead, tuned on this validation split"
2026-09-27T10:13:46+00:00,2e7b230,model2,river_threshold,persistence,val,macro,+7d,all,f1,0.2836,0.242,0.0549,1,3407022,dem=glo30-2021;ecmwf=open-0p25;generator=synthetic-1;gfm=V0M2R2;glofas=4.5;imerg=V07;sentinel1=synthetic,"IoU/F1 at each model's F1-best threshold per lead, tuned on this validation split"
2026-09-27T10:13:46+00:00,2e7b230,model2,river_threshold,persistence,val,macro,+7d,all,iou,0.1652,0.1376,0.032,1,3407022,dem=glo30-2021;ecmwf=open-0p25;generator=synthetic-1;gfm=V0M2R2;glofas=4.5;imerg=V07;sentinel1=synthetic,"IoU/F1 at each model's F1-best threshold per lead, tuned on this validation split"
2026-09-27T10:13:46+00:00,2e7b230,model2,river_threshold,persistence,val,macro,+7d,all,precision,0.2639,0.2318,0.0418,1,3407022,dem=glo30-2021;ecmwf=open-0p25;generator=synthetic-1;gfm=V0M2R2;glofas=4.5;imerg=V07;sentinel1=synthetic,"IoU/F1 at each model's F1-best threshold per lead, tuned on this validation split"
2026-09-27T10:13:46+00:00,2e7b230,model2,river_threshold,persistence,val,macro,+7d,all,recall,0.3065,0.2531,0.0715,1,3407022,dem=glo30-2021;ecmwf=open-0p25;generator=synthetic-1;gfm=V0M2R2;glofas=4.5;imerg=V07;sentinel1=synthetic,"IoU/F1 at each model's F1-best threshold per lead, tuned on this validation split"
2026-09-27T10:13:46+00:00,2e7b230,model2,river_threshold,persistence,val,macro,+7d,drained,brier,0.1681,0.7379,0.7722,1,19434,dem=glo30-2021;ecmwf=open-0p25;generator=synthetic-1;gfm=V0M2R2;glofas=4.5;imerg=V07;sentinel1=synthetic,"IoU/F1 at each model's F1-best threshold per lead, tuned on this validation split"
2026-09-27T10:13:46+00:00,2e7b230,model2,river_threshold,persistence,val,macro,+7d,drained,ece,0.141,0.7482,0.8115,1,19434,dem=glo30-2021;ecmwf=open-0p25;generator=synthetic-1;gfm=V0M2R2;glofas=4.5;imerg=V07;sentinel1=synthetic,"IoU/F1 at each model's F1-best threshold per lead, tuned on this validation split"
2026-09-27T10:13:46+00:00,2e7b230,model2,river_threshold,persistence,val,macro,+7d,drained,f1,0.8826,0.0,0.8826,1,19434,dem=glo30-2021;ecmwf=open-0p25;generator=synthetic-1;gfm=V0M2R2;glofas=4.5;imerg=V07;sentinel1=synthetic,"IoU/F1 at each model's F1-best threshold per lead, tuned on this validation split"
2026-09-27T10:13:46+00:00,2e7b230,model2,river_threshold,persistence,val,macro,+7d,drained,iou,0.7899,0.0,0.7899,1,19434,dem=glo30-2021;ecmwf=open-0p25;generator=synthetic-1;gfm=V0M2R2;glofas=4.5;imerg=V07;sentinel1=synthetic,"IoU/F1 at each model's F1-best threshold per lead, tuned on this validation split"
2026-09-27T10:13:46+00:00,2e7b230,model2,river_threshold,persistence,val,macro,+7d,drained,precision,0.8232,,,1,19434,dem=glo30-2021;ecmwf=open-0p25;generator=synthetic-1;gfm=V0M2R2;glofas=4.5;imerg=V07;sentinel1=synthetic,"IoU/F1 at each model's F1-best threshold per lead, tuned on this validation split"
2026-09-27T10:13:46+00:00,2e7b230,model2,river_threshold,persistence,val,macro,+7d,drained,recall,0.9514,0.0,0.9514,1,19434,dem=glo30-2021;ecmwf=open-0p25;generator=synthetic-1;gfm=V0M2R2;glofas=4.5;imerg=V07;sentinel1=synthetic,"IoU/F1 at each model's F1-best threshold per lead, tuned on this validation split"
2026-09-27T10:13:46+00:00,2e7b230,model2,river_threshold,persistence,val,macro,+7d,newly_flooded,brier,0.0055,0.0039,-0.3949,1,3387588,dem=glo30-2021;ecmwf=open-0p25;generator=synthetic-1;gfm=V0M2R2;glofas=4.5;imerg=V07;sentinel1=synthetic,"IoU/F1 at each model's F1-best threshold per lead, tuned on this validation split"
2026-09-27T10:13:46+00:00,2e7b230,model2,river_threshold,persistence,val,macro,+7d,newly_flooded,ece,0.0041,0.0061,0.328,1,3387588,dem=glo30-2021;ecmwf=open-0p25;generator=synthetic-1;gfm=V0M2R2;glofas=4.5;imerg=V07;sentinel1=synthetic,"IoU/F1 at each model's F1-best threshold per lead, tuned on this validation split"
2026-09-27T10:13:46+00:00,2e7b230,model2,river_threshold,persistence,val,macro,+7d,newly_flooded,f1,0.2518,0.0,0.2518,1,3387588,dem=glo30-2021;ecmwf=open-0p25;generator=synthetic-1;gfm=V0M2R2;glofas=4.5;imerg=V07;sentinel1=synthetic,"IoU/F1 at each model's F1-best threshold per lead, tuned on this validation split"
2026-09-27T10:13:46+00:00,2e7b230,model2,river_threshold,persistence,val,macro,+7d,newly_flooded,iou,0.144,0.0,0.144,1,3387588,dem=glo30-2021;ecmwf=open-0p25;generator=synthetic-1;gfm=V0M2R2;glofas=4.5;imerg=V07;sentinel1=synthetic,"IoU/F1 at each model's F1-best threshold per lead, tuned on this validation split"
2026-09-27T10:13:46+00:00,2e7b230,model2,river_threshold,persistence,val,macro,+7d,newly_flooded,precision,0.2164,,,1,3387588,dem=glo30-2021;ecmwf=open-0p25;generator=synthetic-1;gfm=V0M2R2;glofas=4.5;imerg=V07;sentinel1=synthetic,"IoU/F1 at each model's F1-best threshold per lead, tuned on this validation split"
2026-09-27T10:13:46+00:00,2e7b230,model2,river_threshold,persistence,val,macro,+7d,newly_flooded,recall,0.301,0.0,0.301,1,3387588,dem=glo30-2021;ecmwf=open-0p25;generator=synthetic-1;gfm=V0M2R2;glofas=4.5;imerg=V07;sentinel1=synthetic,"IoU/F1 at each model's F1-best threshold per lead, tuned on this validation split"
2026-09-27T10:13:46+00:00,2e7b230,model2,xgboost,persistence,val,macro,+1d,all,brier,0.0211,0.0076,-1.7725,1,5212937,dem=glo30-2021;ecmwf=open-0p25;generator=synthetic-1;gfm=V0M2R2;glofas=4.5;imerg=V07;sentinel1=synthetic,"IoU/F1 at each model's F1-best threshold per lead, tuned on this validation split"
2026-09-27T10:13:46+00:00,2e7b230,model2,xgboost,persistence,val,macro,+1d,all,ece,0.0408,0.0111,-2.6648,1,5212937,dem=glo30-2021;ecmwf=open-0p25;generator=synthetic-1;gfm=V0M2R2;glofas=4.5;imerg=V07;sentinel1=synthetic,"IoU/F1 at each model's F1-best threshold per lead, tuned on this validation split"
2026-09-27T10:13:46+00:00,2e7b230,model2,xgboost,persistence,val,macro,+1d,all,f1,0.2615,0.269,-0.0103,1,5212937,dem=glo30-2021;ecmwf=open-0p25;generator=synthetic-1;gfm=V0M2R2;glofas=4.5;imerg=V07;sentinel1=synthetic,"IoU/F1 at each model's F1-best threshold per lead, tuned on this validation split"
2026-09-27T10:13:46+00:00,2e7b230,model2,xgboost,persistence,val,macro,+1d,all,iou,0.1504,0.1554,-0.0059,1,5212937,dem=glo30-2021;ecmwf=open-0p25;generator=synthetic-1;gfm=V0M2R2;glofas=4.5;imerg=V07;sentinel1=synthetic,"IoU/F1 at each model's F1-best threshold per lead, tuned on this validation split"
2026-09-27T10:13:46+00:00,2e7b230,model2,xgboost,persistence,val,macro,+1d,all,precision,0.305,0.2392,0.0865,1,5212937,dem=glo30-2021;ecmwf=open-0p25;generator=synthetic-1;gfm=V0M2R2;glofas=4.5;imerg=V07;sentinel1=synthetic,"IoU/F1 at each model's F1-best threshold per lead, tuned on this validation split"
2026-09-27T10:13:46+00:00,2e7b230,model2,xgboost,persistence,val,macro,+1d,all,recall,0.2289,0.3073,-0.1132,1,5212937,dem=glo30-2021;ecmwf=open-0p25;generator=synthetic-1;gfm=V0M2R2;glofas=4.5;imerg=V07;sentinel1=synthetic,"IoU/F1 at each model's F1-best threshold per lead, tuned on this validation split"
2026-09-27T10:13:46+00:00,2e7b230,model2,xgboost,persistence,val,macro,+1d,drained,brier,0.2327,0.7307,0.6816,1,31083,dem=glo30-2021;ecmwf=open-0p25;generator=synthetic-1;gfm=V0M2R2;glofas=4.5;imerg=V07;sentinel1=synthetic,"IoU/F1 at each model's F1-best threshold per lead, tuned on this validation split"
2026-09-27T10:13:46+00:00,2e7b230,model2,xgboost,persistence,val,macro,+1d,drained,ece,0.2325,0.7408,0.6861,1,31083,dem=glo30-2021;ecmwf=open-0p25;generator=synthetic-1;gfm=V0M2R2;glofas=4.5;imerg=V07;sentinel1=synthetic,"IoU/F1 at each model's F1-best threshold per lead, tuned on this validation split"
2026-09-27T10:13:46+00:00,2e7b230,model2,xgboost,persistence,val,macro,+1d,drained,f1,0.8641,0.0,0.8641,1,31083,dem=glo30-2021;ecmwf=open-0p25;generator=synthetic-1;gfm=V0M2R2;glofas=4.5;imerg=V07;sentinel1=synthetic,"IoU/F1 at each model's F1-best threshold per lead, tuned on this validation split"
2026-09-27T10:13:46+00:00,2e7b230,model2,xgboost,persistence,val,macro,+1d,drained,iou,0.7608,0.0,0.7608,1,31083,dem=glo30-2021;ecmwf=open-0p25;generator=synthetic-1;gfm=V0M2R2;glofas=4.5;imerg=V07;sentinel1=synthetic,"IoU/F1 at each model's F1-best threshold per lead, tuned on this validation split"
2026-09-27T10:13:46+00:00,2e7b230,model2,xgboost,persistence,val,macro,+1d,drained,precision,0.7608,,,1,31083,dem=glo30-2021;ecmwf=open-0p25;generator=synthetic-1;gfm=V0M2R2;glofas=4.5;imerg=V07;sentinel1=synthetic,"IoU/F1 at each model's F1-best threshold per lead, tuned on this validation split"
2026-09-27T10:13:46+00:00,2e7b230,model2,xgboost,persistence,val,macro,+1d,drained,recall,1.0,0.0,1.0,1,31083,dem=glo30-2021;ecmwf=open-0p25;generator=synthetic-1;gfm=V0M2R2;glofas=4.5;imerg=V07;sentinel1=synthetic,"IoU/F1 at each model's F1-best threshold per lead, tuned on this validation split"
2026-09-27T10:13:46+00:00,2e7b230,model2,xgboost,persistence,val,macro,+1d,newly_flooded,brier,0.0198,0.0033,-5.0621,1,5181854,dem=glo30-2021;ecmwf=open-0p25;generator=synthetic-1;gfm=V0M2R2;glofas=4.5;imerg=V07;sentinel1=synthetic,"IoU/F1 at each model's F1-best threshold per lead, tuned on this validation split"
2026-09-27T10:13:46+00:00,2e7b230,model2,xgboost,persistence,val,macro,+1d,newly_flooded,ece,0.0425,0.0068,-5.2778,1,5181854,dem=glo30-2021;ecmwf=open-0p25;generator=synthetic-1;gfm=V0M2R2;glofas=4.5;imerg=V07;sentinel1=synthetic,"IoU/F1 at each model's F1-best threshold per lead, tuned on this validation split"
2026-09-27T10:13:46+00:00,2e7b230,model2,xgboost,persistence,val,macro,+1d,newly_flooded,f1,0.3172,0.0,0.3172,1,5181854,dem=glo30-2021;ecmwf=open-0p25;generator=synthetic-1;gfm=V0M2R2;glofas=4.5;imerg=V07;sentinel1=synthetic,"IoU/F1 at each model's F1-best threshold per lead, tuned on this validation split"
2026-09-27T10:13:46+00:00,2e7b230,model2,xgboost,persistence,val,macro,+1d,newly_flooded,iou,0.1885,0.0,0.1885,1,5181854,dem=glo30-2021;ecmwf=open-0p25;generator=synthetic-1;gfm=V0M2R2;glofas=4.5;imerg=V07;sentinel1=synthetic,"IoU/F1 at each model's F1-best threshold per lead, tuned on this validation split"
2026-09-27T10:13:46+00:00,2e7b230,model2,xgboost,persistence,val,macro,+1d,newly_flooded,precision,0.305,,,1,5181854,dem=glo30-2021;ecmwf=open-0p25;generator=synthetic-1;gfm=V0M2R2;glofas=4.5;imerg=V07;sentinel1=synthetic,"IoU/F1 at each model's F1-best threshold per lead, tuned on this validation split"
2026-09-27T10:13:46+00:00,2e7b230,model2,xgboost,persistence,val,macro,+1d,newly_flooded,recall,0.3304,0.0,0.3304,1,5181854,dem=glo30-2021;ecmwf=open-0p25;generator=synthetic-1;gfm=V0M2R2;glofas=4.5;imerg=V07;sentinel1=synthetic,"IoU/F1 at each model's F1-best threshold per lead, tuned on this validation split"
2026-09-27T10:13:46+00:00,2e7b230,model2,xgboost,persistence,val,macro,+2d,all,brier,0.0113,0.0077,-0.4779,1,3407022,dem=glo30-2021;ecmwf=open-0p25;generator=synthetic-1;gfm=V0M2R2;glofas=4.5;imerg=V07;sentinel1=synthetic,"IoU/F1 at each model's F1-best threshold per lead, tuned on this validation split"
2026-09-27T10:13:46+00:00,2e7b230,model2,xgboost,persistence,val,macro,+2d,all,ece,0.0288,0.0101,-1.8638,1,3407022,dem=glo30-2021;ecmwf=open-0p25;generator=synthetic-1;gfm=V0M2R2;glofas=4.5;imerg=V07;sentinel1=synthetic,"IoU/F1 at each model's F1-best threshold per lead, tuned on this validation split"
2026-09-27T10:13:46+00:00,2e7b230,model2,xgboost,persistence,val,macro,+2d,all,f1,0.3182,0.2688,0.0676,1,3407022,dem=glo30-2021;ecmwf=open-0p25;generator=synthetic-1;gfm=V0M2R2;glofas=4.5;imerg=V07;sentinel1=synthetic,"IoU/F1 at each model's F1-best threshold per lead, tuned on this validation split"
2026-09-27T10:13:46+00:00,2e7b230,model2,xgboost,persistence,val,macro,+2d,all,iou,0.1892,0.1553,0.0402,1,3407022,dem=glo30-2021;ecmwf=open-0p25;generator=synthetic-1;gfm=V0M2R2;glofas=4.5;imerg=V07;sentinel1=synthetic,"IoU/F1 at each model's F1-best threshold per lead, tuned on this validation split"
2026-09-27T10:13:46+00:00,2e7b230,model2,xgboost,persistence,val,macro,+2d,all,precision,0.3513,0.2631,0.1197,1,3407022,dem=glo30-2021;ecmwf=open-0p25;generator=synthetic-1;gfm=V0M2R2;glofas=4.5;imerg=V07;sentinel1=synthetic,"IoU/F1 at each model's F1-best threshold per lead, tuned on this validation split"
2026-09-27T10:13:46+00:00,2e7b230,model2,xgboost,persistence,val,macro,+2d,all,recall,0.2908,0.2747,0.0222,1,3407022,dem=glo30-2021;ecmwf=open-0p25;generator=synthetic-1;gfm=V0M2R2;glofas=4.5;imerg=V07;sentinel1=synthetic,"IoU/F1 at each model's F1-best threshold per lead, tuned on this validation split"
2026-09-27T10:13:46+00:00,2e7b230,model2,xgboost,persistence,val,macro,+2d,drained,brier,0.2563,0.7078,0.6378,1,18575,dem=glo30-2021;ecmwf=open-0p25;generator=synthetic-1;gfm=V0M2R2;glofas=4.5;imerg=V07;sentinel1=synthetic,"IoU/F1 at each model's F1-best threshold per lead, tuned on this validation split"
2026-09-27T10:13:46+00:00,2e7b230,model2,xgboost,persistence,val,macro,+2d,drained,ece,0.2562,0.7169,0.6425,1,18575,dem=glo30-2021;ecmwf=open-0p25;generator=synthetic-1;gfm=V0M2R2;glofas=4.5;imerg=V07;sentinel1=synthetic,"IoU/F1 at each model's F1-best threshold per lead, tuned on this validation split"
2026-09-27T10:13:46+00:00,2e7b230,model2,xgboost,persistence,val,macro,+2d,drained,f1,0.8485,0.0,0.8485,1,18575,dem=glo30-2021;ecmwf=open-0p25;generator=synthetic-1;gfm=V0M2R2;glofas=4.5;imerg=V07;sentinel1=synthetic,"IoU/F1 at each model's F1-best threshold per lead, tuned on this validation split"
2026-09-27T10:13:46+00:00,2e7b230,model2,xgboost,persistence,val,macro,+2d,drained,iou,0.7369,0.0,0.7369,1,18575,dem=glo30-2021;ecmwf=open-0p25;generator=synthetic-1;gfm=V0M2R2;glofas=4.5;imerg=V07;sentinel1=synthetic,"IoU/F1 at each model's F1-best threshold per lead, tuned on this validation split"
2026-09-27T10:13:46+00:00,2e7b230,model2,xgboost,persistence,val,macro,+2d,drained,precision,0.7369,,,1,18575,dem=glo30-2021;ecmwf=open-0p25;generator=synthetic-1;gfm=V0M2R2;glofas=4.5;imerg=V07;sentinel1=synthetic,"IoU/F1 at each model's F1-best threshold per lead, tuned on this validation split"
2026-09-27T10:13:46+00:00,2e7b230,model2,xgboost,persistence,val,macro,+2d,drained,recall,1.0,0.0,1.0,1,18575,dem=glo30-2021;ecmwf=open-0p25;generator=synthetic-1;gfm=V0M2R2;glofas=4.5;imerg=V07;sentinel1=synthetic,"IoU/F1 at each model's F1-best threshold per lead, tuned on this validation split"
2026-09-27T10:13:46+00:00,2e7b230,model2,xgboost,persistence,val,macro,+2d,newly_flooded,brier,0.01,0.0038,-1.6073,1,3388447,dem=glo30-2021;ecmwf=open-0p25;generator=synthetic-1;gfm=V0M2R2;glofas=4.5;imerg=V07;sentinel1=synthetic,"IoU/F1 at each model's F1-best threshold per lead, tuned on this validation split"
2026-09-27T10:13:46+00:00,2e7b230,model2,xgboost,persistence,val,macro,+2d,newly_flooded,ece,0.0304,0.0062,-3.9081,1,3388447,dem=glo30-2021;ecmwf=open-0p25;generator=synthetic-1;gfm=V0M2R2;glofas=4.5;imerg=V07;sentinel1=synthetic,"IoU/F1 at each model's F1-best threshold per lead, tuned on this validation split"
2026-09-27T10:13:46+00:00,2e7b230,model2,xgboost,persistence,val,macro,+2d,newly_flooded,f1,0.3745,0.0,0.3745,1,3388447,dem=glo30-2021;ecmwf=open-0p25;generator=synthetic-1;gfm=V0M2R2;glofas=4.5;imerg=V07;sentinel1=synthetic,"IoU/F1 at each model's F1-best threshold per lead, tuned on this validation split"
2026-09-27T10:13:46+00:00,2e7b230,model2,xgboost,persistence,val,macro,+2d,newly_flooded,iou,0.2304,0.0,0.2304,1,3388447,dem=glo30-2021;ecmwf=open-0p25;generator=synthetic-1;gfm=V0M2R2;glofas=4.5;imerg=V07;sentinel1=synthetic,"IoU/F1 at each model's F1-best threshold per lead, tuned on this validation split"
2026-09-27T10:13:46+00:00,2e7b230,model2,xgboost,persistence,val,macro,+2d,newly_flooded,precision,0.3513,,,1,3388447,dem=glo30-2021;ecmwf=open-0p25;generator=synthetic-1;gfm=V0M2R2;glofas=4.5;imerg=V07;sentinel1=synthetic,"IoU/F1 at each model's F1-best threshold per lead, tuned on this validation split"
2026-09-27T10:13:46+00:00,2e7b230,model2,xgboost,persistence,val,macro,+2d,newly_flooded,recall,0.4009,0.0,0.4009,1,3388447,dem=glo30-2021;ecmwf=open-0p25;generator=synthetic-1;gfm=V0M2R2;glofas=4.5;imerg=V07;sentinel1=synthetic,"IoU/F1 at each model's F1-best threshold per lead, tuned on this validation split"
2026-09-27T10:13:46+00:00,2e7b230,model2,xgboost,persistence,val,macro,+3d,all,brier,0.0132,0.0077,-0.726,1,3407022,dem=glo30-2021;ecmwf=open-0p25;generator=synthetic-1;gfm=V0M2R2;glofas=4.5;imerg=V07;sentinel1=synthetic,"IoU/F1 at each model's F1-best threshold per lead, tuned on this validation split"
2026-09-27T10:13:46+00:00,2e7b230,model2,xgboost,persistence,val,macro,+3d,all,ece,0.0317,0.0101,-2.1445,1,3407022,dem=glo30-2021;ecmwf=open-0p25;generator=synthetic-1;gfm=V0M2R2;glofas=4.5;imerg=V07;sentinel1=synthetic,"IoU/F1 at each model's F1-best threshold per lead, tuned on this validation split"
2026-09-27T10:13:46+00:00,2e7b230,model2,xgboost,persistence,val,macro,+3d,all,f1,0.3181,0.2688,0.0675,1,3407022,dem=glo30-2021;ecmwf=open-0p25;generator=synthetic-1;gfm=V0M2R2;glofas=4.5;imerg=V07;sentinel1=synthetic,"IoU/F1 at each model's F1-best threshold per lead, tuned on this validation split"
2026-09-27T10:13:46+00:00,2e7b230,model2,xgboost,persistence,val,macro,+3d,all,iou,0.1891,0.1553,0.0401,1,3407022,dem=glo30-2021;ecmwf=open-0p25;generator=synthetic-1;gfm=V0M2R2;glofas=4.5;imerg=V07;sentinel1=synthetic,"IoU/F1 at each model's F1-best threshold per lead, tuned on this validation split"
2026-09-27T10:13:46+00:00,2e7b230,model2,xgboost,persistence,val,macro,+3d,all,precision,0.3592,0.2631,0.1303,1,3407022,dem=glo30-2021;ecmwf=open-0p25;generator=synthetic-1;gfm=V0M2R2;glofas=4.5;imerg=V07;sentinel1=synthetic,"IoU/F1 at each model's F1-best threshold per lead, tuned on this validation split"
2026-09-27T10:13:46+00:00,2e7b230,model2,xgboost,persistence,val,macro,+3d,all,recall,0.2855,0.2747,0.0149,1,3407022,dem=glo30-2021;ecmwf=open-0p25;generator=synthetic-1;gfm=V0M2R2;glofas=4.5;imerg=V07;sentinel1=synthetic,"IoU/F1 at each model's F1-best threshold per lead, tuned on this validation split"
2026-09-27T10:13:46+00:00,2e7b230,model2,xgboost,persistence,val,macro,+3d,drained,brier,0.2551,0.7078,0.6396,1,18575,dem=glo30-2021;ecmwf=open-0p25;generator=synthetic-1;gfm=V0M2R2;glofas=4.5;imerg=V07;sentinel1=synthetic,"IoU/F1 at each model's F1-best threshold per lead, tuned on this validation split"
2026-09-27T10:13:46+00:00,2e7b230,model2,xgboost,persistence,val,macro,+3d,drained,ece,0.2526,0.7169,0.6476,1,18575,dem=glo30-2021;ecmwf=open-0p25;generator=synthetic-1;gfm=V0M2R2;glofas=4.5;imerg=V07;sentinel1=synthetic,"IoU/F1 at each model's F1-best threshold per lead, tuned on this validation split"
2026-09-27T10:13:46+00:00,2e7b230,model2,xgboost,persistence,val,macro,+3d,drained,f1,0.8485,0.0,0.8485,1,18575,dem=glo30-2021;ecmwf=open-0p25;generator=synthetic-1;gfm=V0M2R2;glofas=4.5;imerg=V07;sentinel1=synthetic,"IoU/F1 at each model's F1-best threshold per lead, tuned on this validation split"
2026-09-27T10:13:46+00:00,2e7b230,model2,xgboost,persistence,val,macro,+3d,drained,iou,0.7369,0.0,0.7369,1,18575,dem=glo30-2021;ecmwf=open-0p25;generator=synthetic-1;gfm=V0M2R2;glofas=4.5;imerg=V07;sentinel1=synthetic,"IoU/F1 at each model's F1-best threshold per lead, tuned on this validation split"
2026-09-27T10:13:46+00:00,2e7b230,model2,xgboost,persistence,val,macro,+3d,drained,precision,0.7369,,,1,18575,dem=glo30-2021;ecmwf=open-0p25;generator=synthetic-1;gfm=V0M2R2;glofas=4.5;imerg=V07;sentinel1=synthetic,"IoU/F1 at each model's F1-best threshold per lead, tuned on this validation split"
2026-09-27T10:13:46+00:00,2e7b230,model2,xgboost,persistence,val,macro,+3d,drained,recall,1.0,0.0,1.0,1,18575,dem=glo30-2021;ecmwf=open-0p25;generator=synthetic-1;gfm=V0M2R2;glofas=4.5;imerg=V07;sentinel1=synthetic,"IoU/F1 at each model's F1-best threshold per lead, tuned on this validation split"
2026-09-27T10:13:46+00:00,2e7b230,model2,xgboost,persistence,val,macro,+3d,newly_flooded,brier,0.0119,0.0038,-2.1083,1,3388447,dem=glo30-2021;ecmwf=open-0p25;generator=synthetic-1;gfm=V0M2R2;glofas=4.5;imerg=V07;sentinel1=synthetic,"IoU/F1 at each model's F1-best threshold per lead, tuned on this validation split"
2026-09-27T10:13:46+00:00,2e7b230,model2,xgboost,persistence,val,macro,+3d,newly_flooded,ece,0.0332,0.0062,-4.3635,1,3388447,dem=glo30-2021;ecmwf=open-0p25;generator=synthetic-1;gfm=V0M2R2;glofas=4.5;imerg=V07;sentinel1=synthetic,"IoU/F1 at each model's F1-best threshold per lead, tuned on this validation split"
2026-09-27T10:13:46+00:00,2e7b230,model2,xgboost,persistence,val,macro,+3d,newly_flooded,f1,0.3756,0.0,0.3756,1,3388447,dem=glo30-2021;ecmwf=open-0p25;generator=synthetic-1;gfm=V0M2R2;glofas=4.5;imerg=V07;sentinel1=synthetic,"IoU/F1 at each model's F1-best threshold per lead, tuned on this validation split"
2026-09-27T10:13:46+00:00,2e7b230,model2,xgboost,persistence,val,macro,+3d,newly_flooded,iou,0.2312,0.0,0.2312,1,3388447,dem=glo30-2021;ecmwf=open-0p25;generator=synthetic-1;gfm=V0M2R2;glofas=4.5;imerg=V07;sentinel1=synthetic,"IoU/F1 at each model's F1-best threshold per lead, tuned on this validation split"
2026-09-27T10:13:46+00:00,2e7b230,model2,xgboost,persistence,val,macro,+3d,newly_flooded,precision,0.3592,,,1,3388447,dem=glo30-2021;ecmwf=open-0p25;generator=synthetic-1;gfm=V0M2R2;glofas=4.5;imerg=V07;sentinel1=synthetic,"IoU/F1 at each model's F1-best threshold per lead, tuned on this validation split"
2026-09-27T10:13:46+00:00,2e7b230,model2,xgboost,persistence,val,macro,+3d,newly_flooded,recall,0.3936,0.0,0.3936,1,3388447,dem=glo30-2021;ecmwf=open-0p25;generator=synthetic-1;gfm=V0M2R2;glofas=4.5;imerg=V07;sentinel1=synthetic,"IoU/F1 at each model's F1-best threshold per lead, tuned on this validation split"
2026-09-27T10:13:46+00:00,2e7b230,model2,xgboost,persistence,val,macro,+4d,all,brier,0.0124,0.0077,-0.6146,1,3407022,dem=glo30-2021;ecmwf=open-0p25;generator=synthetic-1;gfm=V0M2R2;glofas=4.5;imerg=V07;sentinel1=synthetic,"IoU/F1 at each model's F1-best threshold per lead, tuned on this validation split"
2026-09-27T10:13:46+00:00,2e7b230,model2,xgboost,persistence,val,macro,+4d,all,ece,0.0263,0.0101,-1.6081,1,3407022,dem=glo30-2021;ecmwf=open-0p25;generator=synthetic-1;gfm=V0M2R2;glofas=4.5;imerg=V07;sentinel1=synthetic,"IoU/F1 at each model's F1-best threshold per lead, tuned on this validation split"
2026-09-27T10:13:46+00:00,2e7b230,model2,xgboost,persistence,val,macro,+4d,all,f1,0.2875,0.2688,0.0255,1,3407022,dem=glo30-2021;ecmwf=open-0p25;generator=synthetic-1;gfm=V0M2R2;glofas=4.5;imerg=V07;sentinel1=synthetic,"IoU/F1 at each model's F1-best threshold per lead, tuned on this validation split"
2026-09-27T10:13:46+00:00,2e7b230,model2,xgboost,persistence,val,macro,+4d,all,iou,0.1679,0.1553,0.0149,1,3407022,dem=glo30-2021;ecmwf=open-0p25;generator=synthetic-1;gfm=V0M2R2;glofas=4.5;imerg=V07;sentinel1=synthetic,"IoU/F1 at each model's F1-best threshold per lead, tuned on this validation split"
2026-09-27T10:13:46+00:00,2e7b230,model2,xgboost,persistence,val,macro,+4d,all,precision,0.4315,0.2631,0.2285,1,3407022,dem=glo30-2021;ecmwf=open-0p25;generator=synthetic-1;gfm=V0M2R2;glofas=4.5;imerg=V07;sentinel1=synthetic,"IoU/F1 at each model's F1-best threshold per lead, tuned on this validation split"
2026-09-27T10:13:46+00:00,2e7b230,model2,xgboost,persistence,val,macro,+4d,all,recall,0.2155,0.2747,-0.0816,1,3407022,dem=glo30-2021;ecmwf=open-0p25;generator=synthetic-1;gfm=V0M2R2;glofas=4.5;imerg=V07;sentinel1=synthetic,"IoU/F1 at each model's F1-best threshold per lead, tuned on this validation split"
2026-09-27T10:13:46+00:00,2e7b230,model2,xgboost,persistence,val,macro,+4d,drained,brier,0.2542,0.7078,0.6409,1,18575,dem=glo30-2021;ecmwf=open-0p25;generator=synthetic-1;gfm=V0M2R2;glofas=4.5;imerg=V07;sentinel1=synthetic,"IoU/F1 at each model's F1-best threshold per lead, tuned on this validation split"
2026-09-27T10:13:46+00:00,2e7b230,model2,xgboost,persistence,val,macro,+4d,drained,ece,0.2492,0.7169,0.6524,1,18575,dem=glo30-2021;ecmwf=open-0p25;generator=synthetic-1;gfm=V0M2R2;glofas=4.5;imerg=V07;sentinel1=synthetic,"IoU/F1 at each model's F1-best threshold per lead, tuned on this validation split"
2026-09-27T10:13:46+00:00,2e7b230,model2,xgboost,persistence,val,macro,+4d,drained,f1,0.8485,0.0,0.8485,1,18575,dem=glo30-2021;ecmwf=open-0p25;generator=synthetic-1;gfm=V0M2R2;glofas=4.5;imerg=V07;sentinel1=synthetic,"IoU/F1 at each model's F1-best threshold per lead, tuned on this validation split"
2026-09-27T10:13:46+00:00,2e7b230,model2,xgboost,persistence,val,macro,+4d,drained,iou,0.7369,0.0,0.7369,1,18575,dem=glo30-2021;ecmwf=open-0p25;generator=synthetic-1;gfm=V0M2R2;glofas=4.5;imerg=V07;sentinel1=synthetic,"IoU/F1 at each model's F1-best threshold per lead, tuned on this validation split"
2026-09-27T10:13:46+00:00,2e7b230,model2,xgboost,persistence,val,macro,+4d,drained,precision,0.7369,,,1,18575,dem=glo30-2021;ecmwf=open-0p25;generator=synthetic-1;gfm=V0M2R2;glofas=4.5;imerg=V07;sentinel1=synthetic,"IoU/F1 at each model's F1-best threshold per lead, tuned on this validation split"
2026-09-27T10:13:46+00:00,2e7b230,model2,xgboost,persistence,val,macro,+4d,drained,recall,1.0,0.0,1.0,1,18575,dem=glo30-2021;ecmwf=open-0p25;generator=synthetic-1;gfm=V0M2R2;glofas=4.5;imerg=V07;sentinel1=synthetic,"IoU/F1 at each model's F1-best threshold per lead, tuned on this validation split"
2026-09-27T10:13:46+00:00,2e7b230,model2,xgboost,persistence,val,macro,+4d,newly_flooded,brier,0.0111,0.0038,-1.8855,1,3388447,dem=glo30-2021;ecmwf=open-0p25;generator=synthetic-1;gfm=V0M2R2;glofas=4.5;imerg=V07;sentinel1=synthetic,"IoU/F1 at each model's F1-best threshold per lead, tuned on this validation split"
2026-09-27T10:13:46+00:00,2e7b230,model2,xgboost,persistence,val,macro,+4d,newly_flooded,ece,0.0278,0.0062,-3.4843,1,3388447,dem=glo30-2021;ecmwf=open-0p25;generator=synthetic-1;gfm=V0M2R2;glofas=4.5;imerg=V07;sentinel1=synthetic,"IoU/F1 at each model's F1-best threshold per lead, tuned on this validation split"
2026-09-27T10:13:46+00:00,2e7b230,model2,xgboost,persistence,val,macro,+4d,newly_flooded,f1,0.3519,0.0,0.3519,1,3388447,dem=glo30-2021;ecmwf=open-0p25;generator=synthetic-1;gfm=V0M2R2;glofas=4.5;imerg=V07;sentinel1=synthetic,"IoU/F1 at each model's F1-best threshold per lead, tuned on this validation split"
2026-09-27T10:13:46+00:00,2e7b230,model2,xgboost,persistence,val,macro,+4d,newly_flooded,iou,0.2135,0.0,0.2135,1,3388447,dem=glo30-2021;ecmwf=open-0p25;generator=synthetic-1;gfm=V0M2R2;glofas=4.5;imerg=V07;sentinel1=synthetic,"IoU/F1 at each model's F1-best threshold per lead, tuned on this validation split"
2026-09-27T10:13:46+00:00,2e7b230,model2,xgboost,persistence,val,macro,+4d,newly_flooded,precision,0.4315,,,1,3388447,dem=glo30-2021;ecmwf=open-0p25;generator=synthetic-1;gfm=V0M2R2;glofas=4.5;imerg=V07;sentinel1=synthetic,"IoU/F1 at each model's F1-best threshold per lead, tuned on this validation split"
2026-09-27T10:13:46+00:00,2e7b230,model2,xgboost,persistence,val,macro,+4d,newly_flooded,recall,0.2971,0.0,0.2971,1,3388447,dem=glo30-2021;ecmwf=open-0p25;generator=synthetic-1;gfm=V0M2R2;glofas=4.5;imerg=V07;sentinel1=synthetic,"IoU/F1 at each model's F1-best threshold per lead, tuned on this validation split"
2026-09-27T10:13:46+00:00,2e7b230,model2,xgboost,persistence,val,macro,+5d,all,brier,0.017,0.0084,-1.0198,1,3407022,dem=glo30-2021;ecmwf=open-0p25;generator=synthetic-1;gfm=V0M2R2;glofas=4.5;imerg=V07;sentinel1=synthetic,"IoU/F1 at each model's F1-best threshold per lead, tuned on this validation split"
2026-09-27T10:13:46+00:00,2e7b230,model2,xgboost,persistence,val,macro,+5d,all,ece,0.0371,0.0108,-2.4251,1,3407022,dem=glo30-2021;ecmwf=open-0p25;generator=synthetic-1;gfm=V0M2R2;glofas=4.5;imerg=V07;sentinel1=synthetic,"IoU/F1 at each model's F1-best threshold per lead, tuned on this validation split"
2026-09-27T10:13:46+00:00,2e7b230,model2,xgboost,persistence,val,macro,+5d,all,f1,0.2744,0.2526,0.0291,1,3407022,dem=glo30-2021;ecmwf=open-0p25;generator=synthetic-1;gfm=V0M2R2;glofas=4.5;imerg=V07;sentinel1=synthetic,"IoU/F1 at each model's F1-best threshold per lead, tuned on this validation split"
2026-09-27T10:13:46+00:00,2e7b230,model2,xgboost,persistence,val,macro,+5d,all,iou,0.159,0.1446,0.0169,1,3407022,dem=glo30-2021;ecmwf=open-0p25;generator=synthetic-1;gfm=V0M2R2;glofas=4.5;imerg=V07;sentinel1=synthetic,"IoU/F1 at each model's F1-best threshold per lead, tuned on this validation split"
2026-09-27T10:13:46+00:00,2e7b230,model2,xgboost,persistence,val,macro,+5d,all,precision,0.2594,0.2321,0.0355,1,3407022,dem=glo30-2021;ecmwf=open-0p25;generator=synthetic-1;gfm=V0M2R2;glofas=4.5;imerg=V07;sentinel1=synthetic,"IoU/F1 at each model's F1-best threshold per lead, tuned on this validation split"
2026-09-27T10:13:46+00:00,2e7b230,model2,xgboost,persistence,val,macro,+5d,all,recall,0.2912,0.2772,0.0194,1,3407022,dem=glo30-2021;ecmwf=open-0p25;generator=synthetic-1;gfm=V0M2R2;glofas=4.5;imerg=V07;sentinel1=synthetic,"IoU/F1 at each model's F1-best threshold per lead, tuned on this validation split"
2026-09-27T10:13:46+00:00,2e7b230,model2,xgboost,persistence,val,macro,+5d,drained,brier,0.2274,0.7376,0.6917,1,21251,dem=glo30-2021;ecmwf=open-0p25;generator=synthetic-1;gfm=V0M2R2;glofas=4.5;imerg=V07;sentinel1=synthetic,"IoU/F1 at each model's F1-best threshold per lead, tuned on this validation split"
2026-09-27T10:13:46+00:00,2e7b230,model2,xgboost,persistence,val,macro,+5d,drained,ece,0.2235,0.7479,0.7012,1,21251,dem=glo30-2021;ecmwf=open-0p25;generator=synthetic-1;gfm=V0M2R2;glofas=4.5;imerg=V07;sentinel1=synthetic,"IoU/F1 at each model's F1-best threshold per lead, tuned on this validation split"
2026-09-27T10:13:46+00:00,2e7b230,model2,xgboost,persistence,val,macro,+5d,drained,f1,0.8687,0.0,0.8687,1,21251,dem=glo30-2021;ecmwf=open-0p25;generator=synthetic-1;gfm=V0M2R2;glofas=4.5;imerg=V07;sentinel1=synthetic,"IoU/F1 at each model's F1-best threshold per lead, tuned on this validation split"
2026-09-27T10:13:46+00:00,2e7b230,model2,xgboost,persistence,val,macro,+5d,drained,iou,0.7679,0.0,0.7679,1,21251,dem=glo30-2021;ecmwf=open-0p25;generator=synthetic-1;gfm=V0M2R2;glofas=4.5;imerg=V07;sentinel1=synthetic,"IoU/F1 at each model's F1-best threshold per lead, tuned on this validation split"
2026-09-27T10:13:46+00:00,2e7b230,model2,xgboost,persistence,val,macro,+5d,drained,precision,0.7679,,,1,21251,dem=glo30-2021;ecmwf=open-0p25;generator=synthetic-1;gfm=V0M2R2;glofas=4.5;imerg=V07;sentinel1=synthetic,"IoU/F1 at each model's F1-best threshold per lead, tuned on this validation split"
2026-09-27T10:13:46+00:00,2e7b230,model2,xgboost,persistence,val,macro,+5d,drained,recall,1.0,0.0,1.0,1,21251,dem=glo30-2021;ecmwf=open-0p25;generator=synthetic-1;gfm=V0M2R2;glofas=4.5;imerg=V07;sentinel1=synthetic,"IoU/F1 at each model's F1-best threshold per lead, tuned on this validation split"
2026-09-27T10:13:46+00:00,2e7b230,model2,xgboost,persistence,val,macro,+5d,newly_flooded,brier,0.0156,0.0038,-3.0922,1,3385771,dem=glo30-2021;ecmwf=open-0p25;generator=synthetic-1;gfm=V0M2R2;glofas=4.5;imerg=V07;sentinel1=synthetic,"IoU/F1 at each model's F1-best threshold per lead, tuned on this validation split"
2026-09-27T10:13:46+00:00,2e7b230,model2,xgboost,persistence,val,macro,+5d,newly_flooded,ece,0.0386,0.0062,-5.2327,1,3385771,dem=glo30-2021;ecmwf=open-0p25;generator=synthetic-1;gfm=V0M2R2;glofas=4.5;imerg=V07;sentinel1=synthetic,"IoU/F1 at each model's F1-best threshold per lead, tuned on this validation split"
2026-09-27T10:13:46+00:00,2e7b230,model2,xgboost,persistence,val,macro,+5d,newly_flooded,f1,0.3156,0.0,0.3156,1,3385771,dem=glo30-2021;ecmwf=open-0p25;generator=synthetic-1;gfm=V0M2R2;glofas=4.5;imerg=V07;sentinel1=synthetic,"IoU/F1 at each model's F1-best threshold per lead, tuned on this validation split"
2026-09-27T10:13:46+00:00,2e7b230,model2,xgboost,persistence,val,macro,+5d,newly_flooded,iou,0.1873,0.0,0.1873,1,3385771,dem=glo30-2021;ecmwf=open-0p25;generator=synthetic-1;gfm=V0M2R2;glofas=4.5;imerg=V07;sentinel1=synthetic,"IoU/F1 at each model's F1-best threshold per lead, tuned on this validation split"
2026-09-27T10:13:46+00:00,2e7b230,model2,xgboost,persistence,val,macro,+5d,newly_flooded,precision,0.2594,,,1,3385771,dem=glo30-2021;ecmwf=open-0p25;generator=synthetic-1;gfm=V0M2R2;glofas=4.5;imerg=V07;sentinel1=synthetic,"IoU/F1 at each model's F1-best threshold per lead, tuned on this validation split"
2026-09-27T10:13:46+00:00,2e7b230,model2,xgboost,persistence,val,macro,+5d,newly_flooded,recall,0.4029,0.0,0.4029,1,3385771,dem=glo30-2021;ecmwf=open-0p25;generator=synthetic-1;gfm=V0M2R2;glofas=4.5;imerg=V07;sentinel1=synthetic,"IoU/F1 at each model's F1-best threshold per lead, tuned on this validation split"
2026-09-27T10:13:46+00:00,2e7b230,model2,xgboost,persistence,val,macro,+6d,all,brier,0.0241,0.0078,-2.0864,1,3407022,dem=glo30-2021;ecmwf=open-0p25;generator=synthetic-1;gfm=V0M2R2;glofas=4.5;imerg=V07;sentinel1=synthetic,"IoU/F1 at each model's F1-best threshold per lead, tuned on this validation split"
2026-09-27T10:13:46+00:00,2e7b230,model2,xgboost,persistence,val,macro,+6d,all,ece,0.0401,0.0101,-2.9615,1,3407022,dem=glo30-2021;ecmwf=open-0p25;generator=synthetic-1;gfm=V0M2R2;glofas=4.5;imerg=V07;sentinel1=synthetic,"IoU/F1 at each model's F1-best threshold per lead, tuned on this validation split"
2026-09-27T10:13:46+00:00,2e7b230,model2,xgboost,persistence,val,macro,+6d,all,f1,0.1824,0.2592,-0.1036,1,3407022,dem=glo30-2021;ecmwf=open-0p25;generator=synthetic-1;gfm=V0M2R2;glofas=4.5;imerg=V07;sentinel1=synthetic,"IoU/F1 at each model's F1-best threshold per lead, tuned on this validation split"
2026-09-27T10:13:46+00:00,2e7b230,model2,xgboost,persistence,val,macro,+6d,all,iou,0.1004,0.1489,-0.057,1,3407022,dem=glo30-2021;ecmwf=open-0p25;generator=synthetic-1;gfm=V0M2R2;glofas=4.5;imerg=V07;sentinel1=synthetic,"IoU/F1 at each model's F1-best threshold per lead, tuned on this validation split"
2026-09-27T10:13:46+00:00,2e7b230,model2,xgboost,persistence,val,macro,+6d,all,precision,0.239,0.2522,-0.0176,1,3407022,dem=glo30-2021;ecmwf=open-0p25;generator=synthetic-1;gfm=V0M2R2;glofas=4.5;imerg=V07;sentinel1=synthetic,"IoU/F1 at each model's F1-best threshold per lead, tuned on this validation split"
2026-09-27T10:13:46+00:00,2e7b230,model2,xgboost,persistence,val,macro,+6d,all,recall,0.1475,0.2666,-0.1624,1,3407022,dem=glo30-2021;ecmwf=open-0p25;generator=synthetic-1;gfm=V0M2R2;glofas=4.5;imerg=V07;sentinel1=synthetic,"IoU/F1 at each model's F1-best threshold per lead, tuned on this validation split"
2026-09-27T10:13:46+00:00,2e7b230,model2,xgboost,persistence,val,macro,+6d,drained,brier,0.2474,0.7183,0.6555,1,18814,dem=glo30-2021;ecmwf=open-0p25;generator=synthetic-1;gfm=V0M2R2;glofas=4.5;imerg=V07;sentinel1=synthetic,"IoU/F1 at each model's F1-best threshold per lead, tuned on this validation split"
2026-09-27T10:13:46+00:00,2e7b230,model2,xgboost,persistence,val,macro,+6d,drained,ece,0.2484,0.7278,0.6587,1,18814,dem=glo30-2021;ecmwf=open-0p25;generator=synthetic-1;gfm=V0M2R2;glofas=4.5;imerg=V07;sentinel1=synthetic,"IoU/F1 at each model's F1-best threshold per lead, tuned on this validation split"
2026-09-27T10:13:46+00:00,2e7b230,model2,xgboost,persistence,val,macro,+6d,drained,f1,0.8557,0.0,0.8557,1,18814,dem=glo30-2021;ecmwf=open-0p25;generator=synthetic-1;gfm=V0M2R2;glofas=4.5;imerg=V07;sentinel1=synthetic,"IoU/F1 at each model's F1-best threshold per lead, tuned on this validation split"
2026-09-27T10:13:46+00:00,2e7b230,model2,xgboost,persistence,val,macro,+6d,drained,iou,0.7478,0.0,0.7478,1,18814,dem=glo30-2021;ecmwf=open-0p25;generator=synthetic-1;gfm=V0M2R2;glofas=4.5;imerg=V07;sentinel1=synthetic,"IoU/F1 at each model's F1-best threshold per lead, tuned on this validation split"
2026-09-27T10:13:46+00:00,2e7b230,model2,xgboost,persistence,val,macro,+6d,drained,precision,0.7478,,,1,18814,dem=glo30-2021;ecmwf=open-0p25;generator=synthetic-1;gfm=V0M2R2;glofas=4.5;imerg=V07;sentinel1=synthetic,"IoU/F1 at each model's F1-best threshold per lead, tuned on this validation split"
2026-09-27T10:13:46+00:00,2e7b230,model2,xgboost,persistence,val,macro,+6d,drained,recall,1.0,0.0,1.0,1,18814,dem=glo30-2021;ecmwf=open-0p25;generator=synthetic-1;gfm=V0M2R2;glofas=4.5;imerg=V07;sentinel1=synthetic,"IoU/F1 at each model's F1-best threshold per lead, tuned on this validation split"
2026-09-27T10:13:46+00:00,2e7b230,model2,xgboost,persistence,val,macro,+6d,newly_flooded,brier,0.0229,0.0039,-4.909,1,3388208,dem=glo30-2021;ecmwf=open-0p25;generator=synthetic-1;gfm=V0M2R2;glofas=4.5;imerg=V07;sentinel1=synthetic,"IoU/F1 at each model's F1-best threshold per lead, tuned on this validation split"
2026-09-27T10:13:46+00:00,2e7b230,model2,xgboost,persistence,val,macro,+6d,newly_flooded,ece,0.0417,0.0061,-5.79,1,3388208,dem=glo30-2021;ecmwf=open-0p25;generator=synthetic-1;gfm=V0M2R2;glofas=4.5;imerg=V07;sentinel1=synthetic,"IoU/F1 at each model's F1-best threshold per lead, tuned on this validation split"
2026-09-27T10:13:46+00:00,2e7b230,model2,xgboost,persistence,val,macro,+6d,newly_flooded,f1,0.2184,0.0,0.2184,1,3388208,dem=glo30-2021;ecmwf=open-0p25;generator=synthetic-1;gfm=V0M2R2;glofas=4.5;imerg=V07;sentinel1=synthetic,"IoU/F1 at each model's F1-best threshold per lead, tuned on this validation split"
2026-09-27T10:13:46+00:00,2e7b230,model2,xgboost,persistence,val,macro,+6d,newly_flooded,iou,0.1226,0.0,0.1226,1,3388208,dem=glo30-2021;ecmwf=open-0p25;generator=synthetic-1;gfm=V0M2R2;glofas=4.5;imerg=V07;sentinel1=synthetic,"IoU/F1 at each model's F1-best threshold per lead, tuned on this validation split"
2026-09-27T10:13:46+00:00,2e7b230,model2,xgboost,persistence,val,macro,+6d,newly_flooded,precision,0.239,,,1,3388208,dem=glo30-2021;ecmwf=open-0p25;generator=synthetic-1;gfm=V0M2R2;glofas=4.5;imerg=V07;sentinel1=synthetic,"IoU/F1 at each model's F1-best threshold per lead, tuned on this validation split"
2026-09-27T10:13:46+00:00,2e7b230,model2,xgboost,persistence,val,macro,+6d,newly_flooded,recall,0.2011,0.0,0.2011,1,3388208,dem=glo30-2021;ecmwf=open-0p25;generator=synthetic-1;gfm=V0M2R2;glofas=4.5;imerg=V07;sentinel1=synthetic,"IoU/F1 at each model's F1-best threshold per lead, tuned on this validation split"
2026-09-27T10:13:46+00:00,2e7b230,model2,xgboost,persistence,val,macro,+7d,all,brier,0.0081,0.0081,0.0015,1,3407022,dem=glo30-2021;ecmwf=open-0p25;generator=synthetic-1;gfm=V0M2R2;glofas=4.5;imerg=V07;sentinel1=synthetic,"IoU/F1 at each model's F1-best threshold per lead, tuned on this validation split"
2026-09-27T10:13:46+00:00,2e7b230,model2,xgboost,persistence,val,macro,+7d,all,ece,0.012,0.0103,-0.1683,1,3407022,dem=glo30-2021;ecmwf=open-0p25;generator=synthetic-1;gfm=V0M2R2;glofas=4.5;imerg=V07;sentinel1=synthetic,"IoU/F1 at each model's F1-best threshold per lead, tuned on this validation split"
2026-09-27T10:13:46+00:00,2e7b230,model2,xgboost,persistence,val,macro,+7d,all,f1,0.2446,0.242,0.0035,1,3407022,dem=glo30-2021;ecmwf=open-0p25;generator=synthetic-1;gfm=V0M2R2;glofas=4.5;imerg=V07;sentinel1=synthetic,"IoU/F1 at each model's F1-best threshold per lead, tuned on this validation split"
2026-09-27T10:13:46+00:00,2e7b230,model2,xgboost,persistence,val,macro,+7d,all,iou,0.1393,0.1376,0.002,1,3407022,dem=glo30-2021;ecmwf=open-0p25;generator=synthetic-1;gfm=V0M2R2;glofas=4.5;imerg=V07;sentinel1=synthetic,"IoU/F1 at each model's F1-best threshold per lead, tuned on this validation split"
2026-09-27T10:13:46+00:00,2e7b230,model2,xgboost,persistence,val,macro,+7d,all,precision,0.4064,0.2318,0.2274,1,3407022,dem=glo30-2021;ecmwf=open-0p25;generator=synthetic-1;gfm=V0M2R2;glofas=4.5;imerg=V07;sentinel1=synthetic,"IoU/F1 at each model's F1-best threshold per lead, tuned on this validation split"
2026-09-27T10:13:46+00:00,2e7b230,model2,xgboost,persistence,val,macro,+7d,all,recall,0.1749,0.2531,-0.1047,1,3407022,dem=glo30-2021;ecmwf=open-0p25;generator=synthetic-1;gfm=V0M2R2;glofas=4.5;imerg=V07;sentinel1=synthetic,"IoU/F1 at each model's F1-best threshold per lead, tuned on this validation split"
2026-09-27T10:13:46+00:00,2e7b230,model2,xgboost,persistence,val,macro,+7d,drained,brier,0.2294,0.7379,0.6891,1,19434,dem=glo30-2021;ecmwf=open-0p25;generator=synthetic-1;gfm=V0M2R2;glofas=4.5;imerg=V07;sentinel1=synthetic,"IoU/F1 at each model's F1-best threshold per lead, tuned on this validation split"
2026-09-27T10:13:46+00:00,2e7b230,model2,xgboost,persistence,val,macro,+7d,drained,ece,0.2296,0.7482,0.6931,1,19434,dem=glo30-2021;ecmwf=open-0p25;generator=synthetic-1;gfm=V0M2R2;glofas=4.5;imerg=V07;sentinel1=synthetic,"IoU/F1 at each model's F1-best threshold per lead, tuned on this validation split"
2026-09-27T10:13:46+00:00,2e7b230,model2,xgboost,persistence,val,macro,+7d,drained,f1,0.8689,0.0,0.8689,1,19434,dem=glo30-2021;ecmwf=open-0p25;generator=synthetic-1;gfm=V0M2R2;glofas=4.5;imerg=V07;sentinel1=synthetic,"IoU/F1 at each model's F1-best threshold per lead, tuned on this validation split"
2026-09-27T10:13:46+00:00,2e7b230,model2,xgboost,persistence,val,macro,+7d,drained,iou,0.7682,0.0,0.7682,1,19434,dem=glo30-2021;ecmwf=open-0p25;generator=synthetic-1;gfm=V0M2R2;glofas=4.5;imerg=V07;sentinel1=synthetic,"IoU/F1 at each model's F1-best threshold per lead, tuned on this validation split"
2026-09-27T10:13:46+00:00,2e7b230,model2,xgboost,persistence,val,macro,+7d,drained,precision,0.7682,,,1,19434,dem=glo30-2021;ecmwf=open-0p25;generator=synthetic-1;gfm=V0M2R2;glofas=4.5;imerg=V07;sentinel1=synthetic,"IoU/F1 at each model's F1-best threshold per lead, tuned on this validation split"
2026-09-27T10:13:46+00:00,2e7b230,model2,xgboost,persistence,val,macro,+7d,drained,recall,1.0,0.0,1.0,1,19434,dem=glo30-2021;ecmwf=open-0p25;generator=synthetic-1;gfm=V0M2R2;glofas=4.5;imerg=V07;sentinel1=synthetic,"IoU/F1 at each model's F1-best threshold per lead, tuned on this validation split"
2026-09-27T10:13:46+00:00,2e7b230,model2,xgboost,persistence,val,macro,+7d,newly_flooded,brier,0.0068,0.0039,-0.7364,1,3387588,dem=glo30-2021;ecmwf=open-0p25;generator=synthetic-1;gfm=V0M2R2;glofas=4.5;imerg=V07;sentinel1=synthetic,"IoU/F1 at each model's F1-best threshold per lead, tuned on this validation split"
2026-09-27T10:13:46+00:00,2e7b230,model2,xgboost,persistence,val,macro,+7d,newly_flooded,ece,0.0134,0.0061,-1.2103,1,3387588,dem=glo30-2021;ecmwf=open-0p25;generator=synthetic-1;gfm=V0M2R2;glofas=4.5;imerg=V07;sentinel1=synthetic,"IoU/F1 at each model's F1-best threshold per lead, tuned on this validation split"
2026-09-27T10:13:46+00:00,2e7b230,model2,xgboost,persistence,val,macro,+7d,newly_flooded,f1,0.2972,0.0,0.2972,1,3387588,dem=glo30-2021;ecmwf=open-0p25;generator=synthetic-1;gfm=V0M2R2;glofas=4.5;imerg=V07;sentinel1=synthetic,"IoU/F1 at each model's F1-best threshold per lead, tuned on this validation split"
2026-09-27T10:13:46+00:00,2e7b230,model2,xgboost,persistence,val,macro,+7d,newly_flooded,iou,0.1745,0.0,0.1745,1,3387588,dem=glo30-2021;ecmwf=open-0p25;generator=synthetic-1;gfm=V0M2R2;glofas=4.5;imerg=V07;sentinel1=synthetic,"IoU/F1 at each model's F1-best threshold per lead, tuned on this validation split"
2026-09-27T10:13:46+00:00,2e7b230,model2,xgboost,persistence,val,macro,+7d,newly_flooded,precision,0.4064,,,1,3387588,dem=glo30-2021;ecmwf=open-0p25;generator=synthetic-1;gfm=V0M2R2;glofas=4.5;imerg=V07;sentinel1=synthetic,"IoU/F1 at each model's F1-best threshold per lead, tuned on this validation split"
2026-09-27T10:13:46+00:00,2e7b230,model2,xgboost,persistence,val,macro,+7d,newly_flooded,recall,0.2342,0.0,0.2342,1,3387588,dem=glo30-2021;ecmwf=open-0p25;generator=synthetic-1;gfm=V0M2R2;glofas=4.5;imerg=V07;sentinel1=synthetic,"IoU/F1 at each model's F1-best threshold per lead, tuned on this validation split"
2026-09-27T10:13:46+00:00,2e7b230,model2,unet_tt,persistence,val,macro,+1d,all,brier,0.0041,0.0076,0.4624,1,5212937,dem=glo30-2021;ecmwf=open-0p25;generator=synthetic-1;gfm=V0M2R2;glofas=4.5;imerg=V07;sentinel1=synthetic,"IoU/F1 at each model's F1-best threshold per lead, tuned on this validation split"
2026-09-27T10:13:46+00:00,2e7b230,model2,unet_tt,persistence,val,macro,+1d,all,ece,0.0006,0.0111,0.9427,1,5212937,dem=glo30-2021;ecmwf=open-0p25;generator=synthetic-1;gfm=V0M2R2;glofas=4.5;imerg=V07;sentinel1=synthetic,"IoU/F1 at each model's F1-best threshold per lead, tuned on this validation split"
2026-09-27T10:13:46+00:00,2e7b230,model2,unet_tt,persistence,val,macro,+1d,all,f1,0.2942,0.269,0.0344,1,5212937,dem=glo30-2021;ecmwf=open-0p25;generator=synthetic-1;gfm=V0M2R2;glofas=4.5;imerg=V07;sentinel1=synthetic,"IoU/F1 at each model's F1-best threshold per lead, tuned on this validation split"
2026-09-27T10:13:46+00:00,2e7b230,model2,unet_tt,persistence,val,macro,+1d,all,iou,0.1725,0.1554,0.0202,1,5212937,dem=glo30-2021;ecmwf=open-0p25;generator=synthetic-1;gfm=V0M2R2;glofas=4.5;imerg=V07;sentinel1=synthetic,"IoU/F1 at each model's F1-best threshold per lead, tuned on this validation split"
2026-09-27T10:13:46+00:00,2e7b230,model2,unet_tt,persistence,val,macro,+1d,all,precision,0.222,0.2392,-0.0227,1,5212937,dem=glo30-2021;ecmwf=open-0p25;generator=synthetic-1;gfm=V0M2R2;glofas=4.5;imerg=V07;sentinel1=synthetic,"IoU/F1 at each model's F1-best threshold per lead, tuned on this validation split"
2026-09-27T10:13:46+00:00,2e7b230,model2,unet_tt,persistence,val,macro,+1d,all,recall,0.436,0.3073,0.1858,1,5212937,dem=glo30-2021;ecmwf=open-0p25;generator=synthetic-1;gfm=V0M2R2;glofas=4.5;imerg=V07;sentinel1=synthetic,"IoU/F1 at each model's F1-best threshold per lead, tuned on this validation split"
2026-09-27T10:13:46+00:00,2e7b230,model2,unet_tt,persistence,val,macro,+1d,drained,brier,0.1979,0.7307,0.7292,1,31083,dem=glo30-2021;ecmwf=open-0p25;generator=synthetic-1;gfm=V0M2R2;glofas=4.5;imerg=V07;sentinel1=synthetic,"IoU/F1 at each model's F1-best threshold per lead, tuned on this validation split"
2026-09-27T10:13:46+00:00,2e7b230,model2,unet_tt,persistence,val,macro,+1d,drained,ece,0.1618,0.7408,0.7816,1,31083,dem=glo30-2021;ecmwf=open-0p25;generator=synthetic-1;gfm=V0M2R2;glofas=4.5;imerg=V07;sentinel1=synthetic,"IoU/F1 at each model's F1-best threshold per lead, tuned on this validation split"
2026-09-27T10:13:46+00:00,2e7b230,model2,unet_tt,persistence,val,macro,+1d,drained,f1,0.7244,0.0,0.7244,1,31083,dem=glo30-2021;ecmwf=open-0p25;generator=synthetic-1;gfm=V0M2R2;glofas=4.5;imerg=V07;sentinel1=synthetic,"IoU/F1 at each model's F1-best threshold per lead, tuned on this validation split"
2026-09-27T10:13:46+00:00,2e7b230,model2,unet_tt,persistence,val,macro,+1d,drained,iou,0.5679,0.0,0.5679,1,31083,dem=glo30-2021;ecmwf=open-0p25;generator=synthetic-1;gfm=V0M2R2;glofas=4.5;imerg=V07;sentinel1=synthetic,"IoU/F1 at each model's F1-best threshold per lead, tuned on this validation split"
2026-09-27T10:13:46+00:00,2e7b230,model2,unet_tt,persistence,val,macro,+1d,drained,precision,0.8315,,,1,31083,dem=glo30-2021;ecmwf=open-0p25;generator=synthetic-1;gfm=V0M2R2;glofas=4.5;imerg=V07;sentinel1=synthetic,"IoU/F1 at each model's F1-best threshold per lead, tuned on this validation split"
2026-09-27T10:13:46+00:00,2e7b230,model2,unet_tt,persistence,val,macro,+1d,drained,recall,0.6417,0.0,0.6417,1,31083,dem=glo30-2021;ecmwf=open-0p25;generator=synthetic-1;gfm=V0M2R2;glofas=4.5;imerg=V07;sentinel1=synthetic,"IoU/F1 at each model's F1-best threshold per lead, tuned on this validation split"
2026-09-27T10:13:46+00:00,2e7b230,model2,unet_tt,persistence,val,macro,+1d,newly_flooded,brier,0.0029,0.0033,0.1048,1,5181854,dem=glo30-2021;ecmwf=open-0p25;generator=synthetic-1;gfm=V0M2R2;glofas=4.5;imerg=V07;sentinel1=synthetic,"IoU/F1 at each model's F1-best threshold per lead, tuned on this validation split"
2026-09-27T10:13:46+00:00,2e7b230,model2,unet_tt,persistence,val,macro,+1d,newly_flooded,ece,0.0005,0.0068,0.9188,1,5181854,dem=glo30-2021;ecmwf=open-0p25;generator=synthetic-1;gfm=V0M2R2;glofas=4.5;imerg=V07;sentinel1=synthetic,"IoU/F1 at each model's F1-best threshold per lead, tuned on this validation split"
2026-09-27T10:13:46+00:00,2e7b230,model2,unet_tt,persistence,val,macro,+1d,newly_flooded,f1,0.2406,0.0,0.2406,1,5181854,dem=glo30-2021;ecmwf=open-0p25;generator=synthetic-1;gfm=V0M2R2;glofas=4.5;imerg=V07;sentinel1=synthetic,"IoU/F1 at each model's F1-best threshold per lead, tuned on this validation split"
2026-09-27T10:13:46+00:00,2e7b230,model2,unet_tt,persistence,val,macro,+1d,newly_flooded,iou,0.1367,0.0,0.1367,1,5181854,dem=glo30-2021;ecmwf=open-0p25;generator=synthetic-1;gfm=V0M2R2;glofas=4.5;imerg=V07;sentinel1=synthetic,"IoU/F1 at each model's F1-best threshold per lead, tuned on this validation split"
2026-09-27T10:13:46+00:00,2e7b230,model2,unet_tt,persistence,val,macro,+1d,newly_flooded,precision,0.1784,,,1,5181854,dem=glo30-2021;ecmwf=open-0p25;generator=synthetic-1;gfm=V0M2R2;glofas=4.5;imerg=V07;sentinel1=synthetic,"IoU/F1 at each model's F1-best threshold per lead, tuned on this validation split"
2026-09-27T10:13:46+00:00,2e7b230,model2,unet_tt,persistence,val,macro,+1d,newly_flooded,recall,0.3693,0.0,0.3693,1,5181854,dem=glo30-2021;ecmwf=open-0p25;generator=synthetic-1;gfm=V0M2R2;glofas=4.5;imerg=V07;sentinel1=synthetic,"IoU/F1 at each model's F1-best threshold per lead, tuned on this validation split"
2026-09-27T10:13:46+00:00,2e7b230,model2,unet_tt,persistence,val,macro,+2d,all,brier,0.0045,0.0077,0.4141,1,3407022,dem=glo30-2021;ecmwf=open-0p25;generator=synthetic-1;gfm=V0M2R2;glofas=4.5;imerg=V07;sentinel1=synthetic,"IoU/F1 at each model's F1-best threshold per lead, tuned on this validation split"
2026-09-27T10:13:46+00:00,2e7b230,model2,unet_tt,persistence,val,macro,+2d,all,ece,0.0012,0.0101,0.8786,1,3407022,dem=glo30-2021;ecmwf=open-0p25;generator=synthetic-1;gfm=V0M2R2;glofas=4.5;imerg=V07;sentinel1=synthetic,"IoU/F1 at each model's F1-best threshold per lead, tuned on this validation split"
2026-09-27T10:13:46+00:00,2e7b230,model2,unet_tt,persistence,val,macro,+2d,all,f1,0.3124,0.2688,0.0596,1,3407022,dem=glo30-2021;ecmwf=open-0p25;generator=synthetic-1;gfm=V0M2R2;glofas=4.5;imerg=V07;sentinel1=synthetic,"IoU/F1 at each model's F1-best threshold per lead, tuned on this validation split"
2026-09-27T10:13:46+00:00,2e7b230,model2,unet_tt,persistence,val,macro,+2d,all,iou,0.1851,0.1553,0.0353,1,3407022,dem=glo30-2021;ecmwf=open-0p25;generator=synthetic-1;gfm=V0M2R2;glofas=4.5;imerg=V07;sentinel1=synthetic,"IoU/F1 at each model's F1-best threshold per lead, tuned on this validation split"
2026-09-27T10:13:46+00:00,2e7b230,model2,unet_tt,persistence,val,macro,+2d,all,precision,0.2403,0.2631,-0.031,1,3407022,dem=glo30-2021;ecmwf=open-0p25;generator=synthetic-1;gfm=V0M2R2;glofas=4.5;imerg=V07;sentinel1=synthetic,"IoU/F1 at each model's F1-best threshold per lead, tuned on this validation split"
2026-09-27T10:13:46+00:00,2e7b230,model2,unet_tt,persistence,val,macro,+2d,all,recall,0.4461,0.2747,0.2364,1,3407022,dem=glo30-2021;ecmwf=open-0p25;generator=synthetic-1;gfm=V0M2R2;glofas=4.5;imerg=V07;sentinel1=synthetic,"IoU/F1 at each model's F1-best threshold per lead, tuned on this validation split"
2026-09-27T10:13:46+00:00,2e7b230,model2,unet_tt,persistence,val,macro,+2d,drained,brier,0.2105,0.7078,0.7027,1,18575,dem=glo30-2021;ecmwf=open-0p25;generator=synthetic-1;gfm=V0M2R2;glofas=4.5;imerg=V07;sentinel1=synthetic,"IoU/F1 at each model's F1-best threshold per lead, tuned on this validation split"
2026-09-27T10:13:46+00:00,2e7b230,model2,unet_tt,persistence,val,macro,+2d,drained,ece,0.1639,0.7169,0.7713,1,18575,dem=glo30-2021;ecmwf=open-0p25;generator=synthetic-1;gfm=V0M2R2;glofas=4.5;imerg=V07;sentinel1=synthetic,"IoU/F1 at each model's F1-best threshold per lead, tuned on this validation split"
2026-09-27T10:13:46+00:00,2e7b230,model2,unet_tt,persistence,val,macro,+2d,drained,f1,0.7512,0.0,0.7512,1,18575,dem=glo30-2021;ecmwf=open-0p25;generator=synthetic-1;gfm=V0M2R2;glofas=4.5;imerg=V07;sentinel1=synthetic,"IoU/F1 at each model's F1-best threshold per lead, tuned on this validation split"
2026-09-27T10:13:46+00:00,2e7b230,model2,unet_tt,persistence,val,macro,+2d,drained,iou,0.6016,0.0,0.6016,1,18575,dem=glo30-2021;ecmwf=open-0p25;generator=synthetic-1;gfm=V0M2R2;glofas=4.5;imerg=V07;sentinel1=synthetic,"IoU/F1 at each model's F1-best threshold per lead, tuned on this validation split"
2026-09-27T10:13:46+00:00,2e7b230,model2,unet_tt,persistence,val,macro,+2d,drained,precision,0.8296,,,1,18575,dem=glo30-2021;ecmwf=open-0p25;generator=synthetic-1;gfm=V0M2R2;glofas=4.5;imerg=V07;sentinel1=synthetic,"IoU/F1 at each model's F1-best threshold per lead, tuned on this validation split"
2026-09-27T10:13:46+00:00,2e7b230,model2,unet_tt,persistence,val,macro,+2d,drained,recall,0.6863,0.0,0.6863,1,18575,dem=glo30-2021;ecmwf=open-0p25;generator=synthetic-1;gfm=V0M2R2;glofas=4.5;imerg=V07;sentinel1=synthetic,"IoU/F1 at each model's F1-best threshold per lead, tuned on this validation split"
2026-09-27T10:13:46+00:00,2e7b230,model2,unet_tt,persistence,val,macro,+2d,newly_flooded,brier,0.0034,0.0038,0.1221,1,3388447,dem=glo30-2021;ecmwf=open-0p25;generator=synthetic-1;gfm=V0M2R2;glofas=4.5;imerg=V07;sentinel1=synthetic,"IoU/F1 at each model's F1-best threshold per lead, tuned on this validation split"
2026-09-27T10:13:46+00:00,2e7b230,model2,unet_tt,persistence,val,macro,+2d,newly_flooded,ece,0.0018,0.0062,0.707,1,3388447,dem=glo30-2021;ecmwf=open-0p25;generator=synthetic-1;gfm=V0M2R2;glofas=4.5;imerg=V07;sentinel1=synthetic,"IoU/F1 at each model's F1-best threshold per lead, tuned on this validation split"
2026-09-27T10:13:46+00:00,2e7b230,model2,unet_tt,persistence,val,macro,+2d,newly_flooded,f1,0.2574,0.0,0.2574,1,3388447,dem=glo30-2021;ecmwf=open-0p25;generator=synthetic-1;gfm=V0M2R2;glofas=4.5;imerg=V07;sentinel1=synthetic,"IoU/F1 at each model's F1-best threshold per lead, tuned on this validation split"
2026-09-27T10:13:46+00:00,2e7b230,model2,unet_tt,persistence,val,macro,+2d,newly_flooded,iou,0.1477,0.0,0.1477,1,3388447,dem=glo30-2021;ecmwf=open-0p25;generator=synthetic-1;gfm=V0M2R2;glofas=4.5;imerg=V07;sentinel1=synthetic,"IoU/F1 at each model's F1-best threshold per lead, tuned on this validation split"
2026-09-27T10:13:46+00:00,2e7b230,model2,unet_tt,persistence,val,macro,+2d,newly_flooded,precision,0.1931,,,1,3388447,dem=glo30-2021;ecmwf=open-0p25;generator=synthetic-1;gfm=V0M2R2;glofas=4.5;imerg=V07;sentinel1=synthetic,"IoU/F1 at each model's F1-best threshold per lead, tuned on this validation split"
2026-09-27T10:13:46+00:00,2e7b230,model2,unet_tt,persistence,val,macro,+2d,newly_flooded,recall,0.3858,0.0,0.3858,1,3388447,dem=glo30-2021;ecmwf=open-0p25;generator=synthetic-1;gfm=V0M2R2;glofas=4.5;imerg=V07;sentinel1=synthetic,"IoU/F1 at each model's F1-best threshold per lead, tuned on this validation split"
2026-09-27T10:13:46+00:00,2e7b230,model2,unet_tt,persistence,val,macro,+3d,all,brier,0.0046,0.0077,0.4001,1,3407022,dem=glo30-2021;ecmwf=open-0p25;generator=synthetic-1;gfm=V0M2R2;glofas=4.5;imerg=V07;sentinel1=synthetic,"IoU/F1 at each model's F1-best threshold per lead, tuned on this validation split"
2026-09-27T10:13:46+00:00,2e7b230,model2,unet_tt,persistence,val,macro,+3d,all,ece,0.0013,0.0101,0.8744,1,3407022,dem=glo30-2021;ecmwf=open-0p25;generator=synthetic-1;gfm=V0M2R2;glofas=4.5;imerg=V07;sentinel1=synthetic,"IoU/F1 at each model's F1-best threshold per lead, tuned on this validation split"
2026-09-27T10:13:46+00:00,2e7b230,model2,unet_tt,persistence,val,macro,+3d,all,f1,0.2917,0.2688,0.0313,1,3407022,dem=glo30-2021;ecmwf=open-0p25;generator=synthetic-1;gfm=V0M2R2;glofas=4.5;imerg=V07;sentinel1=synthetic,"IoU/F1 at each model's F1-best threshold per lead, tuned on this validation split"
2026-09-27T10:13:46+00:00,2e7b230,model2,unet_tt,persistence,val,macro,+3d,all,iou,0.1707,0.1553,0.0183,1,3407022,dem=glo30-2021;ecmwf=open-0p25;generator=synthetic-1;gfm=V0M2R2;glofas=4.5;imerg=V07;sentinel1=synthetic,"IoU/F1 at each model's F1-best threshold per lead, tuned on this validation split"
2026-09-27T10:13:46+00:00,2e7b230,model2,unet_tt,persistence,val,macro,+3d,all,precision,0.2169,0.2631,-0.0628,1,3407022,dem=glo30-2021;ecmwf=open-0p25;generator=synthetic-1;gfm=V0M2R2;glofas=4.5;imerg=V07;sentinel1=synthetic,"IoU/F1 at each model's F1-best threshold per lead, tuned on this validation split"
2026-09-27T10:13:46+00:00,2e7b230,model2,unet_tt,persistence,val,macro,+3d,all,recall,0.4453,0.2747,0.2352,1,3407022,dem=glo30-2021;ecmwf=open-0p25;generator=synthetic-1;gfm=V0M2R2;glofas=4.5;imerg=V07;sentinel1=synthetic,"IoU/F1 at each model's F1-best threshold per lead, tuned on this validation split"
2026-09-27T10:13:46+00:00,2e7b230,model2,unet_tt,persistence,val,macro,+3d,drained,brier,0.2116,0.7078,0.701,1,18575,dem=glo30-2021;ecmwf=open-0p25;generator=synthetic-1;gfm=V0M2R2;glofas=4.5;imerg=V07;sentinel1=synthetic,"IoU/F1 at each model's F1-best threshold per lead, tuned on this validation split"
2026-09-27T10:13:46+00:00,2e7b230,model2,unet_tt,persistence,val,macro,+3d,drained,ece,0.1566,0.7169,0.7815,1,18575,dem=glo30-2021;ecmwf=open-0p25;generator=synthetic-1;gfm=V0M2R2;glofas=4.5;imerg=V07;sentinel1=synthetic,"IoU/F1 at each model's F1-best threshold per lead, tuned on this validation split"
2026-09-27T10:13:46+00:00,2e7b230,model2,unet_tt,persistence,val,macro,+3d,drained,f1,0.727,0.0,0.727,1,18575,dem=glo30-2021;ecmwf=open-0p25;generator=synthetic-1;gfm=V0M2R2;glofas=4.5;imerg=V07;sentinel1=synthetic,"IoU/F1 at each model's F1-best threshold per lead, tuned on this validation split"
2026-09-27T10:13:46+00:00,2e7b230,model2,unet_tt,persistence,val,macro,+3d,drained,iou,0.5711,0.0,0.5711,1,18575,dem=glo30-2021;ecmwf=open-0p25;generator=synthetic-1;gfm=V0M2R2;glofas=4.5;imerg=V07;sentinel1=synthetic,"IoU/F1 at each model's F1-best threshold per lead, tuned on this validation split"
2026-09-27T10:13:46+00:00,2e7b230,model2,unet_tt,persistence,val,macro,+3d,drained,precision,0.8226,,,1,18575,dem=glo30-2021;ecmwf=open-0p25;generator=synthetic-1;gfm=V0M2R2;glofas=4.5;imerg=V07;sentinel1=synthetic,"IoU/F1 at each model's F1-best threshold per lead, tuned on this validation split"
2026-09-27T10:13:46+00:00,2e7b230,model2,unet_tt,persistence,val,macro,+3d,drained,recall,0.6513,0.0,0.6513,1,18575,dem=glo30-2021;ecmwf=open-0p25;generator=synthetic-1;gfm=V0M2R2;glofas=4.5;imerg=V07;sentinel1=synthetic,"IoU/F1 at each model's F1-best threshold per lead, tuned on this validation split"
2026-09-27T10:13:46+00:00,2e7b230,model2,unet_tt,persistence,val,macro,+3d,newly_flooded,brier,0.0035,0.0038,0.0955,1,3388447,dem=glo30-2021;ecmwf=open-0p25;generator=synthetic-1;gfm=V0M2R2;glofas=4.5;imerg=V07;sentinel1=synthetic,"IoU/F1 at each model's F1-best threshold per lead, tuned on this validation split"
2026-09-27T10:13:46+00:00,2e7b230,model2,unet_tt,persistence,val,macro,+3d,newly_flooded,ece,0.002,0.0062,0.675,1,3388447,dem=glo30-2021;ecmwf=open-0p25;generator=synthetic-1;gfm=V0M2R2;glofas=4.5;imerg=V07;sentinel1=synthetic,"IoU/F1 at each model's F1-best threshold per lead, tuned on this validation split"
2026-09-27T10:13:46+00:00,2e7b230,model2,unet_tt,persistence,val,macro,+3d,newly_flooded,f1,0.2378,0.0,0.2378,1,3388447,dem=glo30-2021;ecmwf=open-0p25;generator=synthetic-1;gfm=V0M2R2;glofas=4.5;imerg=V07;sentinel1=synthetic,"IoU/F1 at each model's F1-best threshold per lead, tuned on this validation split"
2026-09-27T10:13:46+00:00,2e7b230,model2,unet_tt,persistence,val,macro,+3d,newly_flooded,iou,0.1349,0.0,0.1349,1,3388447,dem=glo30-2021;ecmwf=open-0p25;generator=synthetic-1;gfm=V0M2R2;glofas=4.5;imerg=V07;sentinel1=synthetic,"IoU/F1 at each model's F1-best threshold per lead, tuned on this validation split"
2026-09-27T10:13:46+00:00,2e7b230,model2,unet_tt,persistence,val,macro,+3d,newly_flooded,precision,0.1722,,,1,3388447,dem=glo30-2021;ecmwf=open-0p25;generator=synthetic-1;gfm=V0M2R2;glofas=4.5;imerg=V07;sentinel1=synthetic,"IoU/F1 at each model's F1-best threshold per lead, tuned on this validation split"
2026-09-27T10:13:46+00:00,2e7b230,model2,unet_tt,persistence,val,macro,+3d,newly_flooded,recall,0.3841,0.0,0.3841,1,3388447,dem=glo30-2021;ecmwf=open-0p25;generator=synthetic-1;gfm=V0M2R2;glofas=4.5;imerg=V07;sentinel1=synthetic,"IoU/F1 at each model's F1-best threshold per lead, tuned on this validation split"
2026-09-27T10:13:46+00:00,2e7b230,model2,unet_tt,persistence,val,macro,+4d,all,brier,0.0047,0.0077,0.3908,1,3407022,dem=glo30-2021;ecmwf=open-0p25;generator=synthetic-1;gfm=V0M2R2;glofas=4.5;imerg=V07;sentinel1=synthetic,"IoU/F1 at each model's F1-best threshold per lead, tuned on this validation split"
2026-09-27T10:13:46+00:00,2e7b230,model2,unet_tt,persistence,val,macro,+4d,all,ece,0.0015,0.0101,0.849,1,3407022,dem=glo30-2021;ecmwf=open-0p25;generator=synthetic-1;gfm=V0M2R2;glofas=4.5;imerg=V07;sentinel1=synthetic,"IoU/F1 at each model's F1-best threshold per lead, tuned on this validation split"
2026-09-27T10:13:46+00:00,2e7b230,model2,unet_tt,persistence,val,macro,+4d,all,f1,0.286,0.2688,0.0236,1,3407022,dem=glo30-2021;ecmwf=open-0p25;generator=synthetic-1;gfm=V0M2R2;glofas=4.5;imerg=V07;sentinel1=synthetic,"IoU/F1 at each model's F1-best threshold per lead, tuned on this validation split"
2026-09-27T10:13:46+00:00,2e7b230,model2,unet_tt,persistence,val,macro,+4d,all,iou,0.1669,0.1553,0.0138,1,3407022,dem=glo30-2021;ecmwf=open-0p25;generator=synthetic-1;gfm=V0M2R2;glofas=4.5;imerg=V07;sentinel1=synthetic,"IoU/F1 at each model's F1-best threshold per lead, tuned on this validation split"
2026-09-27T10:13:46+00:00,2e7b230,model2,unet_tt,persistence,val,macro,+4d,all,precision,0.2098,0.2631,-0.0723,1,3407022,dem=glo30-2021;ecmwf=open-0p25;generator=synthetic-1;gfm=V0M2R2;glofas=4.5;imerg=V07;sentinel1=synthetic,"IoU/F1 at each model's F1-best threshold per lead, tuned on this validation split"
2026-09-27T10:13:46+00:00,2e7b230,model2,unet_tt,persistence,val,macro,+4d,all,recall,0.4491,0.2747,0.2404,1,3407022,dem=glo30-2021;ecmwf=open-0p25;generator=synthetic-1;gfm=V0M2R2;glofas=4.5;imerg=V07;sentinel1=synthetic,"IoU/F1 at each model's F1-best threshold per lead, tuned on this validation split"
2026-09-27T10:13:46+00:00,2e7b230,model2,unet_tt,persistence,val,macro,+4d,drained,brier,0.2134,0.7078,0.6985,1,18575,dem=glo30-2021;ecmwf=open-0p25;generator=synthetic-1;gfm=V0M2R2;glofas=4.5;imerg=V07;sentinel1=synthetic,"IoU/F1 at each model's F1-best threshold per lead, tuned on this validation split"
2026-09-27T10:13:46+00:00,2e7b230,model2,unet_tt,persistence,val,macro,+4d,drained,ece,0.1586,0.7169,0.7788,1,18575,dem=glo30-2021;ecmwf=open-0p25;generator=synthetic-1;gfm=V0M2R2;glofas=4.5;imerg=V07;sentinel1=synthetic,"IoU/F1 at each model's F1-best threshold per lead, tuned on this validation split"
2026-09-27T10:13:46+00:00,2e7b230,model2,unet_tt,persistence,val,macro,+4d,drained,f1,0.684,0.0,0.684,1,18575,dem=glo30-2021;ecmwf=open-0p25;generator=synthetic-1;gfm=V0M2R2;glofas=4.5;imerg=V07;sentinel1=synthetic,"IoU/F1 at each model's F1-best threshold per lead, tuned on this validation split"
2026-09-27T10:13:46+00:00,2e7b230,model2,unet_tt,persistence,val,macro,+4d,drained,iou,0.5198,0.0,0.5198,1,18575,dem=glo30-2021;ecmwf=open-0p25;generator=synthetic-1;gfm=V0M2R2;glofas=4.5;imerg=V07;sentinel1=synthetic,"IoU/F1 at each model's F1-best threshold per lead, tuned on this validation split"
2026-09-27T10:13:46+00:00,2e7b230,model2,unet_tt,persistence,val,macro,+4d,drained,precision,0.8112,,,1,18575,dem=glo30-2021;ecmwf=open-0p25;generator=synthetic-1;gfm=V0M2R2;glofas=4.5;imerg=V07;sentinel1=synthetic,"IoU/F1 at each model's F1-best threshold per lead, tuned on this validation split"
2026-09-27T10:13:46+00:00,2e7b230,model2,unet_tt,persistence,val,macro,+4d,drained,recall,0.5914,0.0,0.5914,1,18575,dem=glo30-2021;ecmwf=open-0p25;generator=synthetic-1;gfm=V0M2R2;glofas=4.5;imerg=V07;sentinel1=synthetic,"IoU/F1 at each model's F1-best threshold per lead, tuned on this validation split"
2026-09-27T10:13:46+00:00,2e7b230,model2,unet_tt,persistence,val,macro,+4d,newly_flooded,brier,0.0035,0.0038,0.0793,1,3388447,dem=glo30-2021;ecmwf=open-0p25;generator=synthetic-1;gfm=V0M2R2;glofas=4.5;imerg=V07;sentinel1=synthetic,"IoU/F1 at each model's F1-best threshold per lead, tuned on this validation split"
2026-09-27T10:13:46+00:00,2e7b230,model2,unet_tt,persistence,val,macro,+4d,newly_flooded,ece,0.0022,0.0062,0.6448,1,3388447,dem=glo30-2021;ecmwf=open-0p25;generator=synthetic-1;gfm=V0M2R2;glofas=4.5;imerg=V07;sentinel1=synthetic,"IoU/F1 at each model's F1-best threshold per lead, tuned on this validation split"
2026-09-27T10:13:46+00:00,2e7b230,model2,unet_tt,persistence,val,macro,+4d,newly_flooded,f1,0.2353,0.0,0.2353,1,3388447,dem=glo30-2021;ecmwf=open-0p25;generator=synthetic-1;gfm=V0M2R2;glofas=4.5;imerg=V07;sentinel1=synthetic,"IoU/F1 at each model's F1-best threshold per lead, tuned on this validation split"
2026-09-27T10:13:46+00:00,2e7b230,model2,unet_tt,persistence,val,macro,+4d,newly_flooded,iou,0.1333,0.0,0.1333,1,3388447,dem=glo30-2021;ecmwf=open-0p25;generator=synthetic-1;gfm=V0M2R2;glofas=4.5;imerg=V07;sentinel1=synthetic,"IoU/F1 at each model's F1-best threshold per lead, tuned on this validation split"
2026-09-27T10:13:46+00:00,2e7b230,model2,unet_tt,persistence,val,macro,+4d,newly_flooded,precision,0.1691,,,1,3388447,dem=glo30-2021;ecmwf=open-0p25;generator=synthetic-1;gfm=V0M2R2;glofas=4.5;imerg=V07;sentinel1=synthetic,"IoU/F1 at each model's F1-best threshold per lead, tuned on this validation split"
2026-09-27T10:13:46+00:00,2e7b230,model2,unet_tt,persistence,val,macro,+4d,newly_flooded,recall,0.3864,0.0,0.3864,1,3388447,dem=glo30-2021;ecmwf=open-0p25;generator=synthetic-1;gfm=V0M2R2;glofas=4.5;imerg=V07;sentinel1=synthetic,"IoU/F1 at each model's F1-best threshold per lead, tuned on this validation split"
2026-09-27T10:13:46+00:00,2e7b230,model2,unet_tt,persistence,val,macro,+5d,all,brier,0.0046,0.0084,0.4527,1,3407022,dem=glo30-2021;ecmwf=open-0p25;generator=synthetic-1;gfm=V0M2R2;glofas=4.5;imerg=V07;sentinel1=synthetic,"IoU/F1 at each model's F1-best threshold per lead, tuned on this validation split"
2026-09-27T10:13:46+00:00,2e7b230,model2,unet_tt,persistence,val,macro,+5d,all,ece,0.0014,0.0108,0.8732,1,3407022,dem=glo30-2021;ecmwf=open-0p25;generator=synthetic-1;gfm=V0M2R2;glofas=4.5;imerg=V07;sentinel1=synthetic,"IoU/F1 at each model's F1-best threshold per lead, tuned on this validation split"
2026-09-27T10:13:46+00:00,2e7b230,model2,unet_tt,persistence,val,macro,+5d,all,f1,0.2884,0.2526,0.0478,1,3407022,dem=glo30-2021;ecmwf=open-0p25;generator=synthetic-1;gfm=V0M2R2;glofas=4.5;imerg=V07;sentinel1=synthetic,"IoU/F1 at each model's F1-best threshold per lead, tuned on this validation split"
2026-09-27T10:13:46+00:00,2e7b230,model2,unet_tt,persistence,val,macro,+5d,all,iou,0.1685,0.1446,0.0279,1,3407022,dem=glo30-2021;ecmwf=open-0p25;generator=synthetic-1;gfm=V0M2R2;glofas=4.5;imerg=V07;sentinel1=synthetic,"IoU/F1 at each model's F1-best threshold per lead, tuned on this validation split"
2026-09-27T10:13:46+00:00,2e7b230,model2,unet_tt,persistence,val,macro,+5d,all,precision,0.2125,0.2321,-0.0255,1,3407022,dem=glo30-2021;ecmwf=open-0p25;generator=synthetic-1;gfm=V0M2R2;glofas=4.5;imerg=V07;sentinel1=synthetic,"IoU/F1 at each model's F1-best threshold per lead, tuned on this validation split"
2026-09-27T10:13:46+00:00,2e7b230,model2,unet_tt,persistence,val,macro,+5d,all,recall,0.4486,0.2772,0.2371,1,3407022,dem=glo30-2021;ecmwf=open-0p25;generator=synthetic-1;gfm=V0M2R2;glofas=4.5;imerg=V07;sentinel1=synthetic,"IoU/F1 at each model's F1-best threshold per lead, tuned on this validation split"
2026-09-27T10:13:46+00:00,2e7b230,model2,unet_tt,persistence,val,macro,+5d,drained,brier,0.1911,0.7376,0.7409,1,21251,dem=glo30-2021;ecmwf=open-0p25;generator=synthetic-1;gfm=V0M2R2;glofas=4.5;imerg=V07;sentinel1=synthetic,"IoU/F1 at each model's F1-best threshold per lead, tuned on this validation split"
2026-09-27T10:13:46+00:00,2e7b230,model2,unet_tt,persistence,val,macro,+5d,drained,ece,0.1392,0.7479,0.8138,1,21251,dem=glo30-2021;ecmwf=open-0p25;generator=synthetic-1;gfm=V0M2R2;glofas=4.5;imerg=V07;sentinel1=synthetic,"IoU/F1 at each model's F1-best threshold per lead, tuned on this validation split"
2026-09-27T10:13:46+00:00,2e7b230,model2,unet_tt,persistence,val,macro,+5d,drained,f1,0.6895,0.0,0.6895,1,21251,dem=glo30-2021;ecmwf=open-0p25;generator=synthetic-1;gfm=V0M2R2;glofas=4.5;imerg=V07;sentinel1=synthetic,"IoU/F1 at each model's F1-best threshold per lead, tuned on this validation split"
2026-09-27T10:13:46+00:00,2e7b230,model2,unet_tt,persistence,val,macro,+5d,drained,iou,0.5261,0.0,0.5261,1,21251,dem=glo30-2021;ecmwf=open-0p25;generator=synthetic-1;gfm=V0M2R2;glofas=4.5;imerg=V07;sentinel1=synthetic,"IoU/F1 at each model's F1-best threshold per lead, tuned on this validation split"
2026-09-27T10:13:46+00:00,2e7b230,model2,unet_tt,persistence,val,macro,+5d,drained,precision,0.8313,,,1,21251,dem=glo30-2021;ecmwf=open-0p25;generator=synthetic-1;gfm=V0M2R2;glofas=4.5;imerg=V07;sentinel1=synthetic,"IoU/F1 at each model's F1-best threshold per lead, tuned on this validation split"
2026-09-27T10:13:46+00:00,2e7b230,model2,unet_tt,persistence,val,macro,+5d,drained,recall,0.589,0.0,0.589,1,21251,dem=glo30-2021;ecmwf=open-0p25;generator=synthetic-1;gfm=V0M2R2;glofas=4.5;imerg=V07;sentinel1=synthetic,"IoU/F1 at each model's F1-best threshold per lead, tuned on this validation split"
2026-09-27T10:13:46+00:00,2e7b230,model2,unet_tt,persistence,val,macro,+5d,newly_flooded,brier,0.0034,0.0038,0.1037,1,3385771,dem=glo30-2021;ecmwf=open-0p25;generator=synthetic-1;gfm=V0M2R2;glofas=4.5;imerg=V07;sentinel1=synthetic,"IoU/F1 at each model's F1-best threshold per lead, tuned on this validation split"
2026-09-27T10:13:46+00:00,2e7b230,model2,unet_tt,persistence,val,macro,+5d,newly_flooded,ece,0.002,0.0062,0.6702,1,3385771,dem=glo30-2021;ecmwf=open-0p25;generator=synthetic-1;gfm=V0M2R2;glofas=4.5;imerg=V07;sentinel1=synthetic,"IoU/F1 at each model's F1-best threshold per lead, tuned on this validation split"
2026-09-27T10:13:46+00:00,2e7b230,model2,unet_tt,persistence,val,macro,+5d,newly_flooded,f1,0.2455,0.0,0.2455,1,3385771,dem=glo30-2021;ecmwf=open-0p25;generator=synthetic-1;gfm=V0M2R2;glofas=4.5;imerg=V07;sentinel1=synthetic,"IoU/F1 at each model's F1-best threshold per lead, tuned on this validation split"
2026-09-27T10:13:46+00:00,2e7b230,model2,unet_tt,persistence,val,macro,+5d,newly_flooded,iou,0.1399,0.0,0.1399,1,3385771,dem=glo30-2021;ecmwf=open-0p25;generator=synthetic-1;gfm=V0M2R2;glofas=4.5;imerg=V07;sentinel1=synthetic,"IoU/F1 at each model's F1-best threshold per lead, tuned on this validation split"
2026-09-27T10:13:46+00:00,2e7b230,model2,unet_tt,persistence,val,macro,+5d,newly_flooded,precision,0.1794,,,1,3385771,dem=glo30-2021;ecmwf=open-0p25;generator=synthetic-1;gfm=V0M2R2;glofas=4.5;imerg=V07;sentinel1=synthetic,"IoU/F1 at each model's F1-best threshold per lead, tuned on this validation split"
2026-09-27T10:13:46+00:00,2e7b230,model2,unet_tt,persistence,val,macro,+5d,newly_flooded,recall,0.3888,0.0,0.3888,1,3385771,dem=glo30-2021;ecmwf=open-0p25;generator=synthetic-1;gfm=V0M2R2;glofas=4.5;imerg=V07;sentinel1=synthetic,"IoU/F1 at each model's F1-best threshold per lead, tuned on this validation split"
2026-09-27T10:13:46+00:00,2e7b230,model2,unet_tt,persistence,val,macro,+6d,all,brier,0.0046,0.0078,0.4105,1,3407022,dem=glo30-2021;ecmwf=open-0p25;generator=synthetic-1;gfm=V0M2R2;glofas=4.5;imerg=V07;sentinel1=synthetic,"IoU/F1 at each model's F1-best threshold per lead, tuned on this validation split"
2026-09-27T10:13:46+00:00,2e7b230,model2,unet_tt,persistence,val,macro,+6d,all,ece,0.0014,0.0101,0.8652,1,3407022,dem=glo30-2021;ecmwf=open-0p25;generator=synthetic-1;gfm=V0M2R2;glofas=4.5;imerg=V07;sentinel1=synthetic,"IoU/F1 at each model's F1-best threshold per lead, tuned on this validation split"
2026-09-27T10:13:46+00:00,2e7b230,model2,unet_tt,persistence,val,macro,+6d,all,f1,0.2855,0.2592,0.0356,1,3407022,dem=glo30-2021;ecmwf=open-0p25;generator=synthetic-1;gfm=V0M2R2;glofas=4.5;imerg=V07;sentinel1=synthetic,"IoU/F1 at each model's F1-best threshold per lead, tuned on this validation split"
2026-09-27T10:13:46+00:00,2e7b230,model2,unet_tt,persistence,val,macro,+6d,all,iou,0.1665,0.1489,0.0208,1,3407022,dem=glo30-2021;ecmwf=open-0p25;generator=synthetic-1;gfm=V0M2R2;glofas=4.5;imerg=V07;sentinel1=synthetic,"IoU/F1 at each model's F1-best threshold per lead, tuned on this validation split"
2026-09-27T10:13:46+00:00,2e7b230,model2,unet_tt,persistence,val,macro,+6d,all,precision,0.2202,0.2522,-0.0427,1,3407022,dem=glo30-2021;ecmwf=open-0p25;generator=synthetic-1;gfm=V0M2R2;glofas=4.5;imerg=V07;sentinel1=synthetic,"IoU/F1 at each model's F1-best threshold per lead, tuned on this validation split"
2026-09-27T10:13:46+00:00,2e7b230,model2,unet_tt,persistence,val,macro,+6d,all,recall,0.406,0.2666,0.19,1,3407022,dem=glo30-2021;ecmwf=open-0p25;generator=synthetic-1;gfm=V0M2R2;glofas=4.5;imerg=V07;sentinel1=synthetic,"IoU/F1 at each model's F1-best threshold per lead, tuned on this validation split"
2026-09-27T10:13:46+00:00,2e7b230,model2,unet_tt,persistence,val,macro,+6d,drained,brier,0.1892,0.7183,0.7366,1,18814,dem=glo30-2021;ecmwf=open-0p25;generator=synthetic-1;gfm=V0M2R2;glofas=4.5;imerg=V07;sentinel1=synthetic,"IoU/F1 at each model's F1-best threshold per lead, tuned on this validation split"
2026-09-27T10:13:46+00:00,2e7b230,model2,unet_tt,persistence,val,macro,+6d,drained,ece,0.1474,0.7278,0.7975,1,18814,dem=glo30-2021;ecmwf=open-0p25;generator=synthetic-1;gfm=V0M2R2;glofas=4.5;imerg=V07;sentinel1=synthetic,"IoU/F1 at each model's F1-best threshold per lead, tuned on this validation split"
2026-09-27T10:13:46+00:00,2e7b230,model2,unet_tt,persistence,val,macro,+6d,drained,f1,0.764,0.0,0.764,1,18814,dem=glo30-2021;ecmwf=open-0p25;generator=synthetic-1;gfm=V0M2R2;glofas=4.5;imerg=V07;sentinel1=synthetic,"IoU/F1 at each model's F1-best threshold per lead, tuned on this validation split"
2026-09-27T10:13:46+00:00,2e7b230,model2,unet_tt,persistence,val,macro,+6d,drained,iou,0.6181,0.0,0.6181,1,18814,dem=glo30-2021;ecmwf=open-0p25;generator=synthetic-1;gfm=V0M2R2;glofas=4.5;imerg=V07;sentinel1=synthetic,"IoU/F1 at each model's F1-best threshold per lead, tuned on this validation split"
2026-09-27T10:13:46+00:00,2e7b230,model2,unet_tt,persistence,val,macro,+6d,drained,precision,0.8588,,,1,18814,dem=glo30-2021;ecmwf=open-0p25;generator=synthetic-1;gfm=V0M2R2;glofas=4.5;imerg=V07;sentinel1=synthetic,"IoU/F1 at each model's F1-best threshold per lead, tuned on this validation split"
2026-09-27T10:13:46+00:00,2e7b230,model2,unet_tt,persistence,val,macro,+6d,drained,recall,0.6881,0.0,0.6881,1,18814,dem=glo30-2021;ecmwf=open-0p25;generator=synthetic-1;gfm=V0M2R2;glofas=4.5;imerg=V07;sentinel1=synthetic,"IoU/F1 at each model's F1-best threshold per lead, tuned on this validation split"
2026-09-27T10:13:46+00:00,2e7b230,model2,unet_tt,persistence,val,macro,+6d,newly_flooded,brier,0.0036,0.0039,0.0747,1,3388208,dem=glo30-2021;ecmwf=open-0p25;generator=synthetic-1;gfm=V0M2R2;glofas=4.5;imerg=V07;sentinel1=synthetic,"IoU/F1 at each model's F1-best threshold per lead, tuned on this validation split"
2026-09-27T10:13:46+00:00,2e7b230,model2,unet_tt,persistence,val,macro,+6d,newly_flooded,ece,0.0018,0.0061,0.7005,1,3388208,dem=glo30-2021;ecmwf=open-0p25;generator=synthetic-1;gfm=V0M2R2;glofas=4.5;imerg=V07;sentinel1=synthetic,"IoU/F1 at each model's F1-best threshold per lead, tuned on this validation split"
2026-09-27T10:13:46+00:00,2e7b230,model2,unet_tt,persistence,val,macro,+6d,newly_flooded,f1,0.2125,0.0,0.2125,1,3388208,dem=glo30-2021;ecmwf=open-0p25;generator=synthetic-1;gfm=V0M2R2;glofas=4.5;imerg=V07;sentinel1=synthetic,"IoU/F1 at each model's F1-best threshold per lead, tuned on this validation split"
2026-09-27T10:13:46+00:00,2e7b230,model2,unet_tt,persistence,val,macro,+6d,newly_flooded,iou,0.1189,0.0,0.1189,1,3388208,dem=glo30-2021;ecmwf=open-0p25;generator=synthetic-1;gfm=V0M2R2;glofas=4.5;imerg=V07;sentinel1=synthetic,"IoU/F1 at each model's F1-best threshold per lead, tuned on this validation split"
2026-09-27T10:13:46+00:00,2e7b230,model2,unet_tt,persistence,val,macro,+6d,newly_flooded,precision,0.1612,,,1,3388208,dem=glo30-2021;ecmwf=open-0p25;generator=synthetic-1;gfm=V0M2R2;glofas=4.5;imerg=V07;sentinel1=synthetic,"IoU/F1 at each model's F1-best threshold per lead, tuned on this validation split"
2026-09-27T10:13:46+00:00,2e7b230,model2,unet_tt,persistence,val,macro,+6d,newly_flooded,recall,0.312,0.0,0.312,1,3388208,dem=glo30-2021;ecmwf=open-0p25;generator=synthetic-1;gfm=V0M2R2;glofas=4.5;imerg=V07;sentinel1=synthetic,"IoU/F1 at each model's F1-best threshold per lead, tuned on this validation split"
2026-09-27T10:13:46+00:00,2e7b230,model2,unet_tt,persistence,val,macro,+7d,all,brier,0.0046,0.0081,0.4308,1,3407022,dem=glo30-2021;ecmwf=open-0p25;generator=synthetic-1;gfm=V0M2R2;glofas=4.5;imerg=V07;sentinel1=synthetic,"IoU/F1 at each model's F1-best threshold per lead, tuned on this validation split"
2026-09-27T10:13:46+00:00,2e7b230,model2,unet_tt,persistence,val,macro,+7d,all,ece,0.0015,0.0103,0.8525,1,3407022,dem=glo30-2021;ecmwf=open-0p25;generator=synthetic-1;gfm=V0M2R2;glofas=4.5;imerg=V07;sentinel1=synthetic,"IoU/F1 at each model's F1-best threshold per lead, tuned on this validation split"
2026-09-27T10:13:46+00:00,2e7b230,model2,unet_tt,persistence,val,macro,+7d,all,f1,0.2619,0.242,0.0264,1,3407022,dem=glo30-2021;ecmwf=open-0p25;generator=synthetic-1;gfm=V0M2R2;glofas=4.5;imerg=V07;sentinel1=synthetic,"IoU/F1 at each model's F1-best threshold per lead, tuned on this validation split"
2026-09-27T10:13:46+00:00,2e7b230,model2,unet_tt,persistence,val,macro,+7d,all,iou,0.1507,0.1376,0.0152,1,3407022,dem=glo30-2021;ecmwf=open-0p25;generator=synthetic-1;gfm=V0M2R2;glofas=4.5;imerg=V07;sentinel1=synthetic,"IoU/F1 at each model's F1-best threshold per lead, tuned on this validation split"
2026-09-27T10:13:46+00:00,2e7b230,model2,unet_tt,persistence,val,macro,+7d,all,precision,0.2937,0.2318,0.0807,1,3407022,dem=glo30-2021;ecmwf=open-0p25;generator=synthetic-1;gfm=V0M2R2;glofas=4.5;imerg=V07;sentinel1=synthetic,"IoU/F1 at each model's F1-best threshold per lead, tuned on this validation split"
2026-09-27T10:13:46+00:00,2e7b230,model2,unet_tt,persistence,val,macro,+7d,all,recall,0.2364,0.2531,-0.0224,1,3407022,dem=glo30-2021;ecmwf=open-0p25;generator=synthetic-1;gfm=V0M2R2;glofas=4.5;imerg=V07;sentinel1=synthetic,"IoU/F1 at each model's F1-best threshold per lead, tuned on this validation split"
2026-09-27T10:13:46+00:00,2e7b230,model2,unet_tt,persistence,val,macro,+7d,drained,brier,0.1721,0.7379,0.7668,1,19434,dem=glo30-2021;ecmwf=open-0p25;generator=synthetic-1;gfm=V0M2R2;glofas=4.5;imerg=V07;sentinel1=synthetic,"IoU/F1 at each model's F1-best threshold per lead, tuned on this validation split"
2026-09-27T10:13:46+00:00,2e7b230,model2,unet_tt,persistence,val,macro,+7d,drained,ece,0.1313,0.7482,0.8246,1,19434,dem=glo30-2021;ecmwf=open-0p25;generator=synthetic-1;gfm=V0M2R2;glofas=4.5;imerg=V07;sentinel1=synthetic,"IoU/F1 at each model's F1-best threshold per lead, tuned on this validation split"
2026-09-27T10:13:46+00:00,2e7b230,model2,unet_tt,persistence,val,macro,+7d,drained,f1,0.8556,0.0,0.8556,1,19434,dem=glo30-2021;ecmwf=open-0p25;generator=synthetic-1;gfm=V0M2R2;glofas=4.5;imerg=V07;sentinel1=synthetic,"IoU/F1 at each model's F1-best threshold per lead, tuned on this validation split"
2026-09-27T10:13:46+00:00,2e7b230,model2,unet_tt,persistence,val,macro,+7d,drained,iou,0.7477,0.0,0.7477,1,19434,dem=glo30-2021;ecmwf=open-0p25;generator=synthetic-1;gfm=V0M2R2;glofas=4.5;imerg=V07;sentinel1=synthetic,"IoU/F1 at each model's F1-best threshold per lead, tuned on this validation split"
2026-09-27T10:13:46+00:00,2e7b230,model2,unet_tt,persistence,val,macro,+7d,drained,precision,0.8133,,,1,19434,dem=glo30-2021;ecmwf=open-0p25;generator=synthetic-1;gfm=V0M2R2;glofas=4.5;imerg=V07;sentinel1=synthetic,"IoU/F1 at each model's F1-best threshold per lead, tuned on this validation split"
2026-09-27T10:13:46+00:00,2e7b230,model2,unet_tt,persistence,val,macro,+7d,drained,recall,0.9025,0.0,0.9025,1,19434,dem=glo30-2021;ecmwf=open-0p25;generator=synthetic-1;gfm=V0M2R2;glofas=4.5;imerg=V07;sentinel1=synthetic,"IoU/F1 at each model's F1-best threshold per lead, tuned on this validation split"
2026-09-27T10:13:46+00:00,2e7b230,model2,unet_tt,persistence,val,macro,+7d,newly_flooded,brier,0.0037,0.0039,0.0703,1,3387588,dem=glo30-2021;ecmwf=open-0p25;generator=synthetic-1;gfm=V0M2R2;glofas=4.5;imerg=V07;sentinel1=synthetic,"IoU/F1 at each model's F1-best threshold per lead, tuned on this validation split"
2026-09-27T10:13:46+00:00,2e7b230,model2,unet_tt,persistence,val,macro,+7d,newly_flooded,ece,0.0021,0.0061,0.6614,1,3387588,dem=glo30-2021;ecmwf=open-0p25;generator=synthetic-1;gfm=V0M2R2;glofas=4.5;imerg=V07;sentinel1=synthetic,"IoU/F1 at each model's F1-best threshold per lead, tuned on this validation split"
2026-09-27T10:13:46+00:00,2e7b230,model2,unet_tt,persistence,val,macro,+7d,newly_flooded,f1,0.2259,0.0,0.2259,1,3387588,dem=glo30-2021;ecmwf=open-0p25;generator=synthetic-1;gfm=V0M2R2;glofas=4.5;imerg=V07;sentinel1=synthetic,"IoU/F1 at each model's F1-best threshold per lead, tuned on this validation split"
2026-09-27T10:13:46+00:00,2e7b230,model2,unet_tt,persistence,val,macro,+7d,newly_flooded,iou,0.1273,0.0,0.1273,1,3387588,dem=glo30-2021;ecmwf=open-0p25;generator=synthetic-1;gfm=V0M2R2;glofas=4.5;imerg=V07;sentinel1=synthetic,"IoU/F1 at each model's F1-best threshold per lead, tuned on this validation split"
2026-09-27T10:13:46+00:00,2e7b230,model2,unet_tt,persistence,val,macro,+7d,newly_flooded,precision,0.244,,,1,3387588,dem=glo30-2021;ecmwf=open-0p25;generator=synthetic-1;gfm=V0M2R2;glofas=4.5;imerg=V07;sentinel1=synthetic,"IoU/F1 at each model's F1-best threshold per lead, tuned on this validation split"
2026-09-27T10:13:46+00:00,2e7b230,model2,unet_tt,persistence,val,macro,+7d,newly_flooded,recall,0.2103,0.0,0.2103,1,3387588,dem=glo30-2021;ecmwf=open-0p25;generator=synthetic-1;gfm=V0M2R2;glofas=4.5;imerg=V07;sentinel1=synthetic,"IoU/F1 at each model's F1-best threshold per lead, tuned on this validation split"
2026-09-27T10:16:45+00:00,2e7b230,model2,persistence,none,test,macro,+1d,all,brier,0.0159,,,1,7905002,dem=glo30-2021;ecmwf=open-0p25;generator=synthetic-1;gfm=V0M2R2;glofas=4.5;imerg=V07;sentinel1=synthetic,reference forecast (repeat the last map). IoU/F1 at thresholds tuned on the validation event
2026-09-27T10:16:45+00:00,2e7b230,model2,persistence,none,test,macro,+1d,all,ece,0.0092,,,1,7905002,dem=glo30-2021;ecmwf=open-0p25;generator=synthetic-1;gfm=V0M2R2;glofas=4.5;imerg=V07;sentinel1=synthetic,reference forecast (repeat the last map). IoU/F1 at thresholds tuned on the validation event
2026-09-27T10:16:45+00:00,2e7b230,model2,persistence,none,test,macro,+1d,all,f1,0.6836,,,1,7905002,dem=glo30-2021;ecmwf=open-0p25;generator=synthetic-1;gfm=V0M2R2;glofas=4.5;imerg=V07;sentinel1=synthetic,reference forecast (repeat the last map). IoU/F1 at thresholds tuned on the validation event
2026-09-27T10:16:45+00:00,2e7b230,model2,persistence,none,test,macro,+1d,all,iou,0.5193,,,1,7905002,dem=glo30-2021;ecmwf=open-0p25;generator=synthetic-1;gfm=V0M2R2;glofas=4.5;imerg=V07;sentinel1=synthetic,reference forecast (repeat the last map). IoU/F1 at thresholds tuned on the validation event
2026-09-27T10:16:45+00:00,2e7b230,model2,persistence,none,test,macro,+1d,all,precision,0.6844,,,1,7905002,dem=glo30-2021;ecmwf=open-0p25;generator=synthetic-1;gfm=V0M2R2;glofas=4.5;imerg=V07;sentinel1=synthetic,reference forecast (repeat the last map). IoU/F1 at thresholds tuned on the validation event
2026-09-27T10:16:45+00:00,2e7b230,model2,persistence,none,test,macro,+1d,all,recall,0.6829,,,1,7905002,dem=glo30-2021;ecmwf=open-0p25;generator=synthetic-1;gfm=V0M2R2;glofas=4.5;imerg=V07;sentinel1=synthetic,reference forecast (repeat the last map). IoU/F1 at thresholds tuned on the validation event
2026-09-27T10:16:45+00:00,2e7b230,model2,persistence,none,test,macro,+1d,drained,brier,0.3034,,,1,202742,dem=glo30-2021;ecmwf=open-0p25;generator=synthetic-1;gfm=V0M2R2;glofas=4.5;imerg=V07;sentinel1=synthetic,reference forecast (repeat the last map). IoU/F1 at thresholds tuned on the validation event
2026-09-27T10:16:45+00:00,2e7b230,model2,persistence,none,test,macro,+1d,drained,ece,0.2956,,,1,202742,dem=glo30-2021;ecmwf=open-0p25;generator=synthetic-1;gfm=V0M2R2;glofas=4.5;imerg=V07;sentinel1=synthetic,reference forecast (repeat the last map). IoU/F1 at thresholds tuned on the validation event
2026-09-27T10:16:45+00:00,2e7b230,model2,persistence,none,test,macro,+1d,drained,f1,0.0,,,1,202742,dem=glo30-2021;ecmwf=open-0p25;generator=synthetic-1;gfm=V0M2R2;glofas=4.5;imerg=V07;sentinel1=synthetic,reference forecast (repeat the last map). IoU/F1 at thresholds tuned on the validation event
2026-09-27T10:16:45+00:00,2e7b230,model2,persistence,none,test,macro,+1d,drained,iou,0.0,,,1,202742,dem=glo30-2021;ecmwf=open-0p25;generator=synthetic-1;gfm=V0M2R2;glofas=4.5;imerg=V07;sentinel1=synthetic,reference forecast (repeat the last map). IoU/F1 at thresholds tuned on the validation event
2026-09-27T10:16:45+00:00,2e7b230,model2,persistence,none,test,macro,+1d,drained,precision,,,,0,202742,dem=glo30-2021;ecmwf=open-0p25;generator=synthetic-1;gfm=V0M2R2;glofas=4.5;imerg=V07;sentinel1=synthetic,reference forecast (repeat the last map). IoU/F1 at thresholds tuned on the validation event
2026-09-27T10:16:45+00:00,2e7b230,model2,persistence,none,test,macro,+1d,drained,recall,0.0,,,1,202742,dem=glo30-2021;ecmwf=open-0p25;generator=synthetic-1;gfm=V0M2R2;glofas=4.5;imerg=V07;sentinel1=synthetic,reference forecast (repeat the last map). IoU/F1 at thresholds tuned on the validation event
2026-09-27T10:16:45+00:00,2e7b230,model2,persistence,none,test,macro,+1d,near_breach,brier,0.1749,,,1,16202,dem=glo30-2021;ecmwf=open-0p25;generator=synthetic-1;gfm=V0M2R2;glofas=4.5;imerg=V07;sentinel1=synthetic,reference forecast (repeat the last map). IoU/F1 at thresholds tuned on the validation event
2026-09-27T10:16:45+00:00,2e7b230,model2,persistence,none,test,macro,+1d,near_breach,ece,0.1652,,,1,16202,dem=glo30-2021;ecmwf=open-0p25;generator=synthetic-1;gfm=V0M2R2;glofas=4.5;imerg=V07;sentinel1=synthetic,reference forecast (repeat the last map). IoU/F1 at thresholds tuned on the validation event
2026-09-27T10:16:45+00:00,2e7b230,model2,persistence,none,test,macro,+1d,near_breach,f1,0.7931,,,1,16202,dem=glo30-2021;ecmwf=open-0p25;generator=synthetic-1;gfm=V0M2R2;glofas=4.5;imerg=V07;sentinel1=synthetic,reference forecast (repeat the last map). IoU/F1 at thresholds tuned on the validation event
2026-09-27T10:16:45+00:00,2e7b230,model2,persistence,none,test,macro,+1d,near_breach,iou,0.6572,,,1,16202,dem=glo30-2021;ecmwf=open-0p25;generator=synthetic-1;gfm=V0M2R2;glofas=4.5;imerg=V07;sentinel1=synthetic,reference forecast (repeat the last map). IoU/F1 at thresholds tuned on the validation event
2026-09-27T10:16:45+00:00,2e7b230,model2,persistence,none,test,macro,+1d,near_breach,precision,0.9175,,,1,16202,dem=glo30-2021;ecmwf=open-0p25;generator=synthetic-1;gfm=V0M2R2;glofas=4.5;imerg=V07;sentinel1=synthetic,reference forecast (repeat the last map). IoU/F1 at thresholds tuned on the validation event
2026-09-27T10:16:45+00:00,2e7b230,model2,persistence,none,test,macro,+1d,near_breach,recall,0.6985,,,1,16202,dem=glo30-2021;ecmwf=open-0p25;generator=synthetic-1;gfm=V0M2R2;glofas=4.5;imerg=V07;sentinel1=synthetic,reference forecast (repeat the last map). IoU/F1 at thresholds tuned on the validation event
2026-09-27T10:16:45+00:00,2e7b230,model2,persistence,none,test,macro,+1d,newly_flooded,brier,0.0083,,,1,7702260,dem=glo30-2021;ecmwf=open-0p25;generator=synthetic-1;gfm=V0M2R2;glofas=4.5;imerg=V07;sentinel1=synthetic,reference forecast (repeat the last map). IoU/F1 at thresholds tuned on the validation event
2026-09-27T10:16:45+00:00,2e7b230,model2,persistence,none,test,macro,+1d,newly_flooded,ece,0.0016,,,1,7702260,dem=glo30-2021;ecmwf=open-0p25;generator=synthetic-1;gfm=V0M2R2;glofas=4.5;imerg=V07;sentinel1=synthetic,reference forecast (repeat the last map). IoU/F1 at thresholds tuned on the validation event
2026-09-27T10:16:45+00:00,2e7b230,model2,persistence,none,test,macro,+1d,newly_flooded,f1,0.0,,,1,7702260,dem=glo30-2021;ecmwf=open-0p25;generator=synthetic-1;gfm=V0M2R2;glofas=4.5;imerg=V07;sentinel1=synthetic,reference forecast (repeat the last map). IoU/F1 at thresholds tuned on the validation event
2026-09-27T10:16:45+00:00,2e7b230,model2,persistence,none,test,macro,+1d,newly_flooded,iou,0.0,,,1,7702260,dem=glo30-2021;ecmwf=open-0p25;generator=synthetic-1;gfm=V0M2R2;glofas=4.5;imerg=V07;sentinel1=synthetic,reference forecast (repeat the last map). IoU/F1 at thresholds tuned on the validation event
2026-09-27T10:16:45+00:00,2e7b230,model2,persistence,none,test,macro,+1d,newly_flooded,precision,,,,0,7702260,dem=glo30-2021;ecmwf=open-0p25;generator=synthetic-1;gfm=V0M2R2;glofas=4.5;imerg=V07;sentinel1=synthetic,reference forecast (repeat the last map). IoU/F1 at thresholds tuned on the validation event
2026-09-27T10:16:45+00:00,2e7b230,model2,persistence,none,test,macro,+1d,newly_flooded,recall,0.0,,,1,7702260,dem=glo30-2021;ecmwf=open-0p25;generator=synthetic-1;gfm=V0M2R2;glofas=4.5;imerg=V07;sentinel1=synthetic,reference forecast (repeat the last map). IoU/F1 at thresholds tuned on the validation event
2026-09-27T10:16:45+00:00,2e7b230,model2,persistence,none,test,macro,+2d,all,brier,0.016,,,1,5286018,dem=glo30-2021;ecmwf=open-0p25;generator=synthetic-1;gfm=V0M2R2;glofas=4.5;imerg=V07;sentinel1=synthetic,reference forecast (repeat the last map). IoU/F1 at thresholds tuned on the validation event
2026-09-27T10:16:45+00:00,2e7b230,model2,persistence,none,test,macro,+2d,all,ece,0.0094,,,1,5286018,dem=glo30-2021;ecmwf=open-0p25;generator=synthetic-1;gfm=V0M2R2;glofas=4.5;imerg=V07;sentinel1=synthetic,reference forecast (repeat the last map). IoU/F1 at thresholds tuned on the validation event
2026-09-27T10:16:45+00:00,2e7b230,model2,persistence,none,test,macro,+2d,all,f1,0.6849,,,1,5286018,dem=glo30-2021;ecmwf=open-0p25;generator=synthetic-1;gfm=V0M2R2;glofas=4.5;imerg=V07;sentinel1=synthetic,reference forecast (repeat the last map). IoU/F1 at thresholds tuned on the validation event
2026-09-27T10:16:45+00:00,2e7b230,model2,persistence,none,test,macro,+2d,all,iou,0.5208,,,1,5286018,dem=glo30-2021;ecmwf=open-0p25;generator=synthetic-1;gfm=V0M2R2;glofas=4.5;imerg=V07;sentinel1=synthetic,reference forecast (repeat the last map). IoU/F1 at thresholds tuned on the validation event
2026-09-27T10:16:45+00:00,2e7b230,model2,persistence,none,test,macro,+2d,all,precision,0.6831,,,1,5286018,dem=glo30-2021;ecmwf=open-0p25;generator=synthetic-1;gfm=V0M2R2;glofas=4.5;imerg=V07;sentinel1=synthetic,reference forecast (repeat the last map). IoU/F1 at thresholds tuned on the validation event
2026-09-27T10:16:45+00:00,2e7b230,model2,persistence,none,test,macro,+2d,all,recall,0.6867,,,1,5286018,dem=glo30-2021;ecmwf=open-0p25;generator=synthetic-1;gfm=V0M2R2;glofas=4.5;imerg=V07;sentinel1=synthetic,reference forecast (repeat the last map). IoU/F1 at thresholds tuned on the validation event
2026-09-27T10:16:45+00:00,2e7b230,model2,persistence,none,test,macro,+2d,drained,brier,0.3046,,,1,137851,dem=glo30-2021;ecmwf=open-0p25;generator=synthetic-1;gfm=V0M2R2;glofas=4.5;imerg=V07;sentinel1=synthetic,reference forecast (repeat the last map). IoU/F1 at thresholds tuned on the validation event
2026-09-27T10:16:45+00:00,2e7b230,model2,persistence,none,test,macro,+2d,drained,ece,0.2969,,,1,137851,dem=glo30-2021;ecmwf=open-0p25;generator=synthetic-1;gfm=V0M2R2;glofas=4.5;imerg=V07;sentinel1=synthetic,reference forecast (repeat the last map). IoU/F1 at thresholds tuned on the validation event
2026-09-27T10:16:45+00:00,2e7b230,model2,persistence,none,test,macro,+2d,drained,f1,0.0,,,1,137851,dem=glo30-2021;ecmwf=open-0p25;generator=synthetic-1;gfm=V0M2R2;glofas=4.5;imerg=V07;sentinel1=synthetic,reference forecast (repeat the last map). IoU/F1 at thresholds tuned on the validation event
2026-09-27T10:16:45+00:00,2e7b230,model2,persistence,none,test,macro,+2d,drained,iou,0.0,,,1,137851,dem=glo30-2021;ecmwf=open-0p25;generator=synthetic-1;gfm=V0M2R2;glofas=4.5;imerg=V07;sentinel1=synthetic,reference forecast (repeat the last map). IoU/F1 at thresholds tuned on the validation event
2026-09-27T10:16:45+00:00,2e7b230,model2,persistence,none,test,macro,+2d,drained,precision,,,,0,137851,dem=glo30-2021;ecmwf=open-0p25;generator=synthetic-1;gfm=V0M2R2;glofas=4.5;imerg=V07;sentinel1=synthetic,reference forecast (repeat the last map). IoU/F1 at thresholds tuned on the validation event
2026-09-27T10:16:45+00:00,2e7b230,model2,persistence,none,test,macro,+2d,drained,recall,0.0,,,1,137851,dem=glo30-2021;ecmwf=open-0p25;generator=synthetic-1;gfm=V0M2R2;glofas=4.5;imerg=V07;sentinel1=synthetic,reference forecast (repeat the last map). IoU/F1 at thresholds tuned on the validation event
2026-09-27T10:16:45+00:00,2e7b230,model2,persistence,none,test,macro,+2d,near_breach,brier,0.2006,,,1,10706,dem=glo30-2021;ecmwf=open-0p25;generator=synthetic-1;gfm=V0M2R2;glofas=4.5;imerg=V07;sentinel1=synthetic,reference forecast (repeat the last map). IoU/F1 at thresholds tuned on the validation event
2026-09-27T10:16:45+00:00,2e7b230,model2,persistence,none,test,macro,+2d,near_breach,ece,0.1921,,,1,10706,dem=glo30-2021;ecmwf=open-0p25;generator=synthetic-1;gfm=V0M2R2;glofas=4.5;imerg=V07;sentinel1=synthetic,reference forecast (repeat the last map). IoU/F1 at thresholds tuned on the validation event
2026-09-27T10:16:45+00:00,2e7b230,model2,persistence,none,test,macro,+2d,near_breach,f1,0.7906,,,1,10706,dem=glo30-2021;ecmwf=open-0p25;generator=synthetic-1;gfm=V0M2R2;glofas=4.5;imerg=V07;sentinel1=synthetic,reference forecast (repeat the last map). IoU/F1 at thresholds tuned on the validation event
2026-09-27T10:16:45+00:00,2e7b230,model2,persistence,none,test,macro,+2d,near_breach,iou,0.6538,,,1,10706,dem=glo30-2021;ecmwf=open-0p25;generator=synthetic-1;gfm=V0M2R2;glofas=4.5;imerg=V07;sentinel1=synthetic,reference forecast (repeat the last map). IoU/F1 at thresholds tuned on the validation event
2026-09-27T10:16:45+00:00,2e7b230,model2,persistence,none,test,macro,+2d,near_breach,precision,0.7254,,,1,10706,dem=glo30-2021;ecmwf=open-0p25;generator=synthetic-1;gfm=V0M2R2;glofas=4.5;imerg=V07;sentinel1=synthetic,reference forecast (repeat the last map). IoU/F1 at thresholds tuned on the validation event
2026-09-27T10:16:45+00:00,2e7b230,model2,persistence,none,test,macro,+2d,near_breach,recall,0.8689,,,1,10706,dem=glo30-2021;ecmwf=open-0p25;generator=synthetic-1;gfm=V0M2R2;glofas=4.5;imerg=V07;sentinel1=synthetic,reference forecast (repeat the last map). IoU/F1 at thresholds tuned on the validation event
2026-09-27T10:16:45+00:00,2e7b230,model2,persistence,none,test,macro,+2d,newly_flooded,brier,0.0083,,,1,5148167,dem=glo30-2021;ecmwf=open-0p25;generator=synthetic-1;gfm=V0M2R2;glofas=4.5;imerg=V07;sentinel1=synthetic,reference forecast (repeat the last map). IoU/F1 at thresholds tuned on the validation event
2026-09-27T10:16:45+00:00,2e7b230,model2,persistence,none,test,macro,+2d,newly_flooded,ece,0.0017,,,1,5148167,dem=glo30-2021;ecmwf=open-0p25;generator=synthetic-1;gfm=V0M2R2;glofas=4.5;imerg=V07;sentinel1=synthetic,reference forecast (repeat the last map). IoU/F1 at thresholds tuned on the validation event
2026-09-27T10:16:45+00:00,2e7b230,model2,persistence,none,test,macro,+2d,newly_flooded,f1,0.0,,,1,5148167,dem=glo30-2021;ecmwf=open-0p25;generator=synthetic-1;gfm=V0M2R2;glofas=4.5;imerg=V07;sentinel1=synthetic,reference forecast (repeat the last map). IoU/F1 at thresholds tuned on the validation event
2026-09-27T10:16:45+00:00,2e7b230,model2,persistence,none,test,macro,+2d,newly_flooded,iou,0.0,,,1,5148167,dem=glo30-2021;ecmwf=open-0p25;generator=synthetic-1;gfm=V0M2R2;glofas=4.5;imerg=V07;sentinel1=synthetic,reference forecast (repeat the last map). IoU/F1 at thresholds tuned on the validation event
2026-09-27T10:16:45+00:00,2e7b230,model2,persistence,none,test,macro,+2d,newly_flooded,precision,,,,0,5148167,dem=glo30-2021;ecmwf=open-0p25;generator=synthetic-1;gfm=V0M2R2;glofas=4.5;imerg=V07;sentinel1=synthetic,reference forecast (repeat the last map). IoU/F1 at thresholds tuned on the validation event
2026-09-27T10:16:45+00:00,2e7b230,model2,persistence,none,test,macro,+2d,newly_flooded,recall,0.0,,,1,5148167,dem=glo30-2021;ecmwf=open-0p25;generator=synthetic-1;gfm=V0M2R2;glofas=4.5;imerg=V07;sentinel1=synthetic,reference forecast (repeat the last map). IoU/F1 at thresholds tuned on the validation event
2026-09-27T10:16:45+00:00,2e7b230,model2,persistence,none,test,macro,+3d,all,brier,0.0197,,,1,5286018,dem=glo30-2021;ecmwf=open-0p25;generator=synthetic-1;gfm=V0M2R2;glofas=4.5;imerg=V07;sentinel1=synthetic,reference forecast (repeat the last map). IoU/F1 at thresholds tuned on the validation event
2026-09-27T10:16:45+00:00,2e7b230,model2,persistence,none,test,macro,+3d,all,ece,0.0099,,,1,5286018,dem=glo30-2021;ecmwf=open-0p25;generator=synthetic-1;gfm=V0M2R2;glofas=4.5;imerg=V07;sentinel1=synthetic,reference forecast (repeat the last map). IoU/F1 at thresholds tuned on the validation event
2026-09-27T10:16:45+00:00,2e7b230,model2,persistence,none,test,macro,+3d,all,f1,0.605,,,1,5286018,dem=glo30-2021;ecmwf=open-0p25;generator=synthetic-1;gfm=V0M2R2;glofas=4.5;imerg=V07;sentinel1=synthetic,reference forecast (repeat the last map). IoU/F1 at thresholds tuned on the validation event
2026-09-27T10:16:45+00:00,2e7b230,model2,persistence,none,test,macro,+3d,all,iou,0.4337,,,1,5286018,dem=glo30-2021;ecmwf=open-0p25;generator=synthetic-1;gfm=V0M2R2;glofas=4.5;imerg=V07;sentinel1=synthetic,reference forecast (repeat the last map). IoU/F1 at thresholds tuned on the validation event
2026-09-27T10:16:45+00:00,2e7b230,model2,persistence,none,test,macro,+3d,all,precision,0.6151,,,1,5286018,dem=glo30-2021;ecmwf=open-0p25;generator=synthetic-1;gfm=V0M2R2;glofas=4.5;imerg=V07;sentinel1=synthetic,reference forecast (repeat the last map). IoU/F1 at thresholds tuned on the validation event
2026-09-27T10:16:45+00:00,2e7b230,model2,persistence,none,test,macro,+3d,all,recall,0.5952,,,1,5286018,dem=glo30-2021;ecmwf=open-0p25;generator=synthetic-1;gfm=V0M2R2;glofas=4.5;imerg=V07;sentinel1=synthetic,reference forecast (repeat the last map). IoU/F1 at thresholds tuned on the validation event
2026-09-27T10:16:45+00:00,2e7b230,model2,persistence,none,test,macro,+3d,drained,brier,0.3699,,,1,132706,dem=glo30-2021;ecmwf=open-0p25;generator=synthetic-1;gfm=V0M2R2;glofas=4.5;imerg=V07;sentinel1=synthetic,reference forecast (repeat the last map). IoU/F1 at thresholds tuned on the validation event
2026-09-27T10:16:45+00:00,2e7b230,model2,persistence,none,test,macro,+3d,drained,ece,0.3649,,,1,132706,dem=glo30-2021;ecmwf=open-0p25;generator=synthetic-1;gfm=V0M2R2;glofas=4.5;imerg=V07;sentinel1=synthetic,reference forecast (repeat the last map). IoU/F1 at thresholds tuned on the validation event
2026-09-27T10:16:45+00:00,2e7b230,model2,persistence,none,test,macro,+3d,drained,f1,0.0,,,1,132706,dem=glo30-2021;ecmwf=open-0p25;generator=synthetic-1;gfm=V0M2R2;glofas=4.5;imerg=V07;sentinel1=synthetic,reference forecast (repeat the last map). IoU/F1 at thresholds tuned on the validation event
2026-09-27T10:16:45+00:00,2e7b230,model2,persistence,none,test,macro,+3d,drained,iou,0.0,,,1,132706,dem=glo30-2021;ecmwf=open-0p25;generator=synthetic-1;gfm=V0M2R2;glofas=4.5;imerg=V07;sentinel1=synthetic,reference forecast (repeat the last map). IoU/F1 at thresholds tuned on the validation event
2026-09-27T10:16:45+00:00,2e7b230,model2,persistence,none,test,macro,+3d,drained,precision,,,,0,132706,dem=glo30-2021;ecmwf=open-0p25;generator=synthetic-1;gfm=V0M2R2;glofas=4.5;imerg=V07;sentinel1=synthetic,reference forecast (repeat the last map). IoU/F1 at thresholds tuned on the validation event
2026-09-27T10:16:45+00:00,2e7b230,model2,persistence,none,test,macro,+3d,drained,recall,0.0,,,1,132706,dem=glo30-2021;ecmwf=open-0p25;generator=synthetic-1;gfm=V0M2R2;glofas=4.5;imerg=V07;sentinel1=synthetic,reference forecast (repeat the last map). IoU/F1 at thresholds tuned on the validation event
2026-09-27T10:16:45+00:00,2e7b230,model2,persistence,none,test,macro,+3d,near_breach,brier,0.2592,,,1,10706,dem=glo30-2021;ecmwf=open-0p25;generator=synthetic-1;gfm=V0M2R2;glofas=4.5;imerg=V07;sentinel1=synthetic,reference forecast (repeat the last map). IoU/F1 at thresholds tuned on the validation event
2026-09-27T10:16:45+00:00,2e7b230,model2,persistence,none,test,macro,+3d,near_breach,ece,0.2525,,,1,10706,dem=glo30-2021;ecmwf=open-0p25;generator=synthetic-1;gfm=V0M2R2;glofas=4.5;imerg=V07;sentinel1=synthetic,reference forecast (repeat the last map). IoU/F1 at thresholds tuned on the validation event
2026-09-27T10:16:45+00:00,2e7b230,model2,persistence,none,test,macro,+3d,near_breach,f1,0.711,,,1,10706,dem=glo30-2021;ecmwf=open-0p25;generator=synthetic-1;gfm=V0M2R2;glofas=4.5;imerg=V07;sentinel1=synthetic,reference forecast (repeat the last map). IoU/F1 at thresholds tuned on the validation event
2026-09-27T10:16:45+00:00,2e7b230,model2,persistence,none,test,macro,+3d,near_breach,iou,0.5516,,,1,10706,dem=glo30-2021;ecmwf=open-0p25;generator=synthetic-1;gfm=V0M2R2;glofas=4.5;imerg=V07;sentinel1=synthetic,reference forecast (repeat the last map). IoU/F1 at thresholds tuned on the validation event
2026-09-27T10:16:45+00:00,2e7b230,model2,persistence,none,test,macro,+3d,near_breach,precision,0.6938,,,1,10706,dem=glo30-2021;ecmwf=open-0p25;generator=synthetic-1;gfm=V0M2R2;glofas=4.5;imerg=V07;sentinel1=synthetic,reference forecast (repeat the last map). IoU/F1 at thresholds tuned on the validation event
2026-09-27T10:16:45+00:00,2e7b230,model2,persistence,none,test,macro,+3d,near_breach,recall,0.729,,,1,10706,dem=glo30-2021;ecmwf=open-0p25;generator=synthetic-1;gfm=V0M2R2;glofas=4.5;imerg=V07;sentinel1=synthetic,reference forecast (repeat the last map). IoU/F1 at thresholds tuned on the validation event
2026-09-27T10:16:45+00:00,2e7b230,model2,persistence,none,test,macro,+3d,newly_flooded,brier,0.0107,,,1,5153312,dem=glo30-2021;ecmwf=open-0p25;generator=synthetic-1;gfm=V0M2R2;glofas=4.5;imerg=V07;sentinel1=synthetic,reference forecast (repeat the last map). IoU/F1 at thresholds tuned on the validation event
2026-09-27T10:16:45+00:00,2e7b230,model2,persistence,none,test,macro,+3d,newly_flooded,ece,0.0008,,,1,5153312,dem=glo30-2021;ecmwf=open-0p25;generator=synthetic-1;gfm=V0M2R2;glofas=4.5;imerg=V07;sentinel1=synthetic,reference forecast (repeat the last map). IoU/F1 at thresholds tuned on the validation event
2026-09-27T10:16:45+00:00,2e7b230,model2,persistence,none,test,macro,+3d,newly_flooded,f1,0.0,,,1,5153312,dem=glo30-2021;ecmwf=open-0p25;generator=synthetic-1;gfm=V0M2R2;glofas=4.5;imerg=V07;sentinel1=synthetic,reference forecast (repeat the last map). IoU/F1 at thresholds tuned on the validation event
2026-09-27T10:16:45+00:00,2e7b230,model2,persistence,none,test,macro,+3d,newly_flooded,iou,0.0,,,1,5153312,dem=glo30-2021;ecmwf=open-0p25;generator=synthetic-1;gfm=V0M2R2;glofas=4.5;imerg=V07;sentinel1=synthetic,reference forecast (repeat the last map). IoU/F1 at thresholds tuned on the validation event
2026-09-27T10:16:45+00:00,2e7b230,model2,persistence,none,test,macro,+3d,newly_flooded,precision,,,,0,5153312,dem=glo30-2021;ecmwf=open-0p25;generator=synthetic-1;gfm=V0M2R2;glofas=4.5;imerg=V07;sentinel1=synthetic,reference forecast (repeat the last map). IoU/F1 at thresholds tuned on the validation event
2026-09-27T10:16:45+00:00,2e7b230,model2,persistence,none,test,macro,+3d,newly_flooded,recall,0.0,,,1,5153312,dem=glo30-2021;ecmwf=open-0p25;generator=synthetic-1;gfm=V0M2R2;glofas=4.5;imerg=V07;sentinel1=synthetic,reference forecast (repeat the last map). IoU/F1 at thresholds tuned on the validation event
2026-09-27T10:16:45+00:00,2e7b230,model2,persistence,none,test,macro,+4d,all,brier,0.0218,,,1,5286018,dem=glo30-2021;ecmwf=open-0p25;generator=synthetic-1;gfm=V0M2R2;glofas=4.5;imerg=V07;sentinel1=synthetic,reference forecast (repeat the last map). IoU/F1 at thresholds tuned on the validation event
2026-09-27T10:16:45+00:00,2e7b230,model2,persistence,none,test,macro,+4d,all,ece,0.0121,,,1,5286018,dem=glo30-2021;ecmwf=open-0p25;generator=synthetic-1;gfm=V0M2R2;glofas=4.5;imerg=V07;sentinel1=synthetic,reference forecast (repeat the last map). IoU/F1 at thresholds tuned on the validation event
2026-09-27T10:16:45+00:00,2e7b230,model2,persistence,none,test,macro,+4d,all,f1,0.5777,,,1,5286018,dem=glo30-2021;ecmwf=open-0p25;generator=synthetic-1;gfm=V0M2R2;glofas=4.5;imerg=V07;sentinel1=synthetic,reference forecast (repeat the last map). IoU/F1 at thresholds tuned on the validation event
2026-09-27T10:16:45+00:00,2e7b230,model2,persistence,none,test,macro,+4d,all,iou,0.4062,,,1,5286018,dem=glo30-2021;ecmwf=open-0p25;generator=synthetic-1;gfm=V0M2R2;glofas=4.5;imerg=V07;sentinel1=synthetic,reference forecast (repeat the last map). IoU/F1 at thresholds tuned on the validation event
2026-09-27T10:16:45+00:00,2e7b230,model2,persistence,none,test,macro,+4d,all,precision,0.5671,,,1,5286018,dem=glo30-2021;ecmwf=open-0p25;generator=synthetic-1;gfm=V0M2R2;glofas=4.5;imerg=V07;sentinel1=synthetic,reference forecast (repeat the last map). IoU/F1 at thresholds tuned on the validation event
2026-09-27T10:16:45+00:00,2e7b230,model2,persistence,none,test,macro,+4d,all,recall,0.5887,,,1,5286018,dem=glo30-2021;ecmwf=open-0p25;generator=synthetic-1;gfm=V0M2R2;glofas=4.5;imerg=V07;sentinel1=synthetic,reference forecast (repeat the last map). IoU/F1 at thresholds tuned on the validation event
2026-09-27T10:16:45+00:00,2e7b230,model2,persistence,none,test,macro,+4d,drained,brier,0.4159,,,1,142342,dem=glo30-2021;ecmwf=open-0p25;generator=synthetic-1;gfm=V0M2R2;glofas=4.5;imerg=V07;sentinel1=synthetic,reference forecast (repeat the last map). IoU/F1 at thresholds tuned on the validation event
2026-09-27T10:16:45+00:00,2e7b230,model2,persistence,none,test,macro,+4d,drained,ece,0.4129,,,1,142342,dem=glo30-2021;ecmwf=open-0p25;generator=synthetic-1;gfm=V0M2R2;glofas=4.5;imerg=V07;sentinel1=synthetic,reference forecast (repeat the last map). IoU/F1 at thresholds tuned on the validation event
2026-09-27T10:16:45+00:00,2e7b230,model2,persistence,none,test,macro,+4d,drained,f1,0.0,,,1,142342,dem=glo30-2021;ecmwf=open-0p25;generator=synthetic-1;gfm=V0M2R2;glofas=4.5;imerg=V07;sentinel1=synthetic,reference forecast (repeat the last map). IoU/F1 at thresholds tuned on the validation event
2026-09-27T10:16:45+00:00,2e7b230,model2,persistence,none,test,macro,+4d,drained,iou,0.0,,,1,142342,dem=glo30-2021;ecmwf=open-0p25;generator=synthetic-1;gfm=V0M2R2;glofas=4.5;imerg=V07;sentinel1=synthetic,reference forecast (repeat the last map). IoU/F1 at thresholds tuned on the validation event
2026-09-27T10:16:45+00:00,2e7b230,model2,persistence,none,test,macro,+4d,drained,precision,,,,0,142342,dem=glo30-2021;ecmwf=open-0p25;generator=synthetic-1;gfm=V0M2R2;glofas=4.5;imerg=V07;sentinel1=synthetic,reference forecast (repeat the last map). IoU/F1 at thresholds tuned on the validation event
2026-09-27T10:16:45+00:00,2e7b230,model2,persistence,none,test,macro,+4d,drained,recall,0.0,,,1,142342,dem=glo30-2021;ecmwf=open-0p25;generator=synthetic-1;gfm=V0M2R2;glofas=4.5;imerg=V07;sentinel1=synthetic,reference forecast (repeat the last map). IoU/F1 at thresholds tuned on the validation event
2026-09-27T10:16:45+00:00,2e7b230,model2,persistence,none,test,macro,+4d,near_breach,brier,0.2801,,,1,10832,dem=glo30-2021;ecmwf=open-0p25;generator=synthetic-1;gfm=V0M2R2;glofas=4.5;imerg=V07;sentinel1=synthetic,reference forecast (repeat the last map). IoU/F1 at thresholds tuned on the validation event
2026-09-27T10:16:45+00:00,2e7b230,model2,persistence,none,test,macro,+4d,near_breach,ece,0.2756,,,1,10832,dem=glo30-2021;ecmwf=open-0p25;generator=synthetic-1;gfm=V0M2R2;glofas=4.5;imerg=V07;sentinel1=synthetic,reference forecast (repeat the last map). IoU/F1 at thresholds tuned on the validation event
2026-09-27T10:16:45+00:00,2e7b230,model2,persistence,none,test,macro,+4d,near_breach,f1,0.5818,,,1,10832,dem=glo30-2021;ecmwf=open-0p25;generator=synthetic-1;gfm=V0M2R2;glofas=4.5;imerg=V07;sentinel1=synthetic,reference forecast (repeat the last map). IoU/F1 at thresholds tuned on the validation event
2026-09-27T10:16:45+00:00,2e7b230,model2,persistence,none,test,macro,+4d,near_breach,iou,0.4102,,,1,10832,dem=glo30-2021;ecmwf=open-0p25;generator=synthetic-1;gfm=V0M2R2;glofas=4.5;imerg=V07;sentinel1=synthetic,reference forecast (repeat the last map). IoU/F1 at thresholds tuned on the validation event
2026-09-27T10:16:45+00:00,2e7b230,model2,persistence,none,test,macro,+4d,near_breach,precision,0.5053,,,1,10832,dem=glo30-2021;ecmwf=open-0p25;generator=synthetic-1;gfm=V0M2R2;glofas=4.5;imerg=V07;sentinel1=synthetic,reference forecast (repeat the last map). IoU/F1 at thresholds tuned on the validation event
2026-09-27T10:16:45+00:00,2e7b230,model2,persistence,none,test,macro,+4d,near_breach,recall,0.6855,,,1,10832,dem=glo30-2021;ecmwf=open-0p25;generator=synthetic-1;gfm=V0M2R2;glofas=4.5;imerg=V07;sentinel1=synthetic,reference forecast (repeat the last map). IoU/F1 at thresholds tuned on the validation event
2026-09-27T10:16:45+00:00,2e7b230,model2,persistence,none,test,macro,+4d,newly_flooded,brier,0.0108,,,1,5143676,dem=glo30-2021;ecmwf=open-0p25;generator=synthetic-1;gfm=V0M2R2;glofas=4.5;imerg=V07;sentinel1=synthetic,reference forecast (repeat the last map). IoU/F1 at thresholds tuned on the validation event
2026-09-27T10:16:45+00:00,2e7b230,model2,persistence,none,test,macro,+4d,newly_flooded,ece,0.001,,,1,5143676,dem=glo30-2021;ecmwf=open-0p25;generator=synthetic-1;gfm=V0M2R2;glofas=4.5;imerg=V07;sentinel1=synthetic,reference forecast (repeat the last map). IoU/F1 at thresholds tuned on the validation event
2026-09-27T10:16:45+00:00,2e7b230,model2,persistence,none,test,macro,+4d,newly_flooded,f1,0.0,,,1,5143676,dem=glo30-2021;ecmwf=open-0p25;generator=synthetic-1;gfm=V0M2R2;glofas=4.5;imerg=V07;sentinel1=synthetic,reference forecast (repeat the last map). IoU/F1 at thresholds tuned on the validation event
2026-09-27T10:16:45+00:00,2e7b230,model2,persistence,none,test,macro,+4d,newly_flooded,iou,0.0,,,1,5143676,dem=glo30-2021;ecmwf=open-0p25;generator=synthetic-1;gfm=V0M2R2;glofas=4.5;imerg=V07;sentinel1=synthetic,reference forecast (repeat the last map). IoU/F1 at thresholds tuned on the validation event
2026-09-27T10:16:45+00:00,2e7b230,model2,persistence,none,test,macro,+4d,newly_flooded,precision,,,,0,5143676,dem=glo30-2021;ecmwf=open-0p25;generator=synthetic-1;gfm=V0M2R2;glofas=4.5;imerg=V07;sentinel1=synthetic,reference forecast (repeat the last map). IoU/F1 at thresholds tuned on the validation event
2026-09-27T10:16:45+00:00,2e7b230,model2,persistence,none,test,macro,+4d,newly_flooded,recall,0.0,,,1,5143676,dem=glo30-2021;ecmwf=open-0p25;generator=synthetic-1;gfm=V0M2R2;glofas=4.5;imerg=V07;sentinel1=synthetic,reference forecast (repeat the last map). IoU/F1 at thresholds tuned on the validation event
2026-09-27T10:16:45+00:00,2e7b230,model2,persistence,none,test,macro,+5d,all,brier,0.0273,,,1,5286018,dem=glo30-2021;ecmwf=open-0p25;generator=synthetic-1;gfm=V0M2R2;glofas=4.5;imerg=V07;sentinel1=synthetic,reference forecast (repeat the last map). IoU/F1 at thresholds tuned on the validation event
2026-09-27T10:16:45+00:00,2e7b230,model2,persistence,none,test,macro,+5d,all,ece,0.0178,,,1,5286018,dem=glo30-2021;ecmwf=open-0p25;generator=synthetic-1;gfm=V0M2R2;glofas=4.5;imerg=V07;sentinel1=synthetic,reference forecast (repeat the last map). IoU/F1 at thresholds tuned on the validation event
2026-09-27T10:16:45+00:00,2e7b230,model2,persistence,none,test,macro,+5d,all,f1,0.4659,,,1,5286018,dem=glo30-2021;ecmwf=open-0p25;generator=synthetic-1;gfm=V0M2R2;glofas=4.5;imerg=V07;sentinel1=synthetic,reference forecast (repeat the last map). IoU/F1 at thresholds tuned on the validation event
2026-09-27T10:16:45+00:00,2e7b230,model2,persistence,none,test,macro,+5d,all,iou,0.3037,,,1,5286018,dem=glo30-2021;ecmwf=open-0p25;generator=synthetic-1;gfm=V0M2R2;glofas=4.5;imerg=V07;sentinel1=synthetic,reference forecast (repeat the last map). IoU/F1 at thresholds tuned on the validation event
2026-09-27T10:16:45+00:00,2e7b230,model2,persistence,none,test,macro,+5d,all,precision,0.4608,,,1,5286018,dem=glo30-2021;ecmwf=open-0p25;generator=synthetic-1;gfm=V0M2R2;glofas=4.5;imerg=V07;sentinel1=synthetic,reference forecast (repeat the last map). IoU/F1 at thresholds tuned on the validation event
2026-09-27T10:16:45+00:00,2e7b230,model2,persistence,none,test,macro,+5d,all,recall,0.4712,,,1,5286018,dem=glo30-2021;ecmwf=open-0p25;generator=synthetic-1;gfm=V0M2R2;glofas=4.5;imerg=V07;sentinel1=synthetic,reference forecast (repeat the last map). IoU/F1 at thresholds tuned on the validation event
2026-09-27T10:16:45+00:00,2e7b230,model2,persistence,none,test,macro,+5d,drained,brier,0.5181,,,1,140243,dem=glo30-2021;ecmwf=open-0p25;generator=synthetic-1;gfm=V0M2R2;glofas=4.5;imerg=V07;sentinel1=synthetic,reference forecast (repeat the last map). IoU/F1 at thresholds tuned on the validation event
2026-09-27T10:16:45+00:00,2e7b230,model2,persistence,none,test,macro,+5d,drained,ece,0.5192,,,1,140243,dem=glo30-2021;ecmwf=open-0p25;generator=synthetic-1;gfm=V0M2R2;glofas=4.5;imerg=V07;sentinel1=synthetic,reference forecast (repeat the last map). IoU/F1 at thresholds tuned on the validation event
2026-09-27T10:16:45+00:00,2e7b230,model2,persistence,none,test,macro,+5d,drained,f1,0.0,,,1,140243,dem=glo30-2021;ecmwf=open-0p25;generator=synthetic-1;gfm=V0M2R2;glofas=4.5;imerg=V07;sentinel1=synthetic,reference forecast (repeat the last map). IoU/F1 at thresholds tuned on the validation event
2026-09-27T10:16:45+00:00,2e7b230,model2,persistence,none,test,macro,+5d,drained,iou,0.0,,,1,140243,dem=glo30-2021;ecmwf=open-0p25;generator=synthetic-1;gfm=V0M2R2;glofas=4.5;imerg=V07;sentinel1=synthetic,reference forecast (repeat the last map). IoU/F1 at thresholds tuned on the validation event
2026-09-27T10:16:45+00:00,2e7b230,model2,persistence,none,test,macro,+5d,drained,precision,,,,0,140243,dem=glo30-2021;ecmwf=open-0p25;generator=synthetic-1;gfm=V0M2R2;glofas=4.5;imerg=V07;sentinel1=synthetic,reference forecast (repeat the last map). IoU/F1 at thresholds tuned on the validation event
2026-09-27T10:16:45+00:00,2e7b230,model2,persistence,none,test,macro,+5d,drained,recall,0.0,,,1,140243,dem=glo30-2021;ecmwf=open-0p25;generator=synthetic-1;gfm=V0M2R2;glofas=4.5;imerg=V07;sentinel1=synthetic,reference forecast (repeat the last map). IoU/F1 at thresholds tuned on the validation event
2026-09-27T10:16:45+00:00,2e7b230,model2,persistence,none,test,macro,+5d,near_breach,brier,0.3029,,,1,8101,dem=glo30-2021;ecmwf=open-0p25;generator=synthetic-1;gfm=V0M2R2;glofas=4.5;imerg=V07;sentinel1=synthetic,reference forecast (repeat the last map). IoU/F1 at thresholds tuned on the validation event
2026-09-27T10:16:45+00:00,2e7b230,model2,persistence,none,test,macro,+5d,near_breach,ece,0.2997,,,1,8101,dem=glo30-2021;ecmwf=open-0p25;generator=synthetic-1;gfm=V0M2R2;glofas=4.5;imerg=V07;sentinel1=synthetic,reference forecast (repeat the last map). IoU/F1 at thresholds tuned on the validation event
2026-09-27T10:16:45+00:00,2e7b230,model2,persistence,none,test,macro,+5d,near_breach,f1,0.5979,,,1,8101,dem=glo30-2021;ecmwf=open-0p25;generator=synthetic-1;gfm=V0M2R2;glofas=4.5;imerg=V07;sentinel1=synthetic,reference forecast (repeat the last map). IoU/F1 at thresholds tuned on the validation event
2026-09-27T10:16:45+00:00,2e7b230,model2,persistence,none,test,macro,+5d,near_breach,iou,0.4264,,,1,8101,dem=glo30-2021;ecmwf=open-0p25;generator=synthetic-1;gfm=V0M2R2;glofas=4.5;imerg=V07;sentinel1=synthetic,reference forecast (repeat the last map). IoU/F1 at thresholds tuned on the validation event
2026-09-27T10:16:45+00:00,2e7b230,model2,persistence,none,test,macro,+5d,near_breach,precision,0.4305,,,1,8101,dem=glo30-2021;ecmwf=open-0p25;generator=synthetic-1;gfm=V0M2R2;glofas=4.5;imerg=V07;sentinel1=synthetic,reference forecast (repeat the last map). IoU/F1 at thresholds tuned on the validation event
2026-09-27T10:16:45+00:00,2e7b230,model2,persistence,none,test,macro,+5d,near_breach,recall,0.9784,,,1,8101,dem=glo30-2021;ecmwf=open-0p25;generator=synthetic-1;gfm=V0M2R2;glofas=4.5;imerg=V07;sentinel1=synthetic,reference forecast (repeat the last map). IoU/F1 at thresholds tuned on the validation event
2026-09-27T10:16:45+00:00,2e7b230,model2,persistence,none,test,macro,+5d,newly_flooded,brier,0.0139,,,1,5145775,dem=glo30-2021;ecmwf=open-0p25;generator=synthetic-1;gfm=V0M2R2;glofas=4.5;imerg=V07;sentinel1=synthetic,reference forecast (repeat the last map). IoU/F1 at thresholds tuned on the validation event
2026-09-27T10:16:45+00:00,2e7b230,model2,persistence,none,test,macro,+5d,newly_flooded,ece,0.0041,,,1,5145775,dem=glo30-2021;ecmwf=open-0p25;generator=synthetic-1;gfm=V0M2R2;glofas=4.5;imerg=V07;sentinel1=synthetic,reference forecast (repeat the last map). IoU/F1 at thresholds tuned on the validation event
2026-09-27T10:16:45+00:00,2e7b230,model2,persistence,none,test,macro,+5d,newly_flooded,f1,0.0,,,1,5145775,dem=glo30-2021;ecmwf=open-0p25;generator=synthetic-1;gfm=V0M2R2;glofas=4.5;imerg=V07;sentinel1=synthetic,reference forecast (repeat the last map). IoU/F1 at thresholds tuned on the validation event
2026-09-27T10:16:45+00:00,2e7b230,model2,persistence,none,test,macro,+5d,newly_flooded,iou,0.0,,,1,5145775,dem=glo30-2021;ecmwf=open-0p25;generator=synthetic-1;gfm=V0M2R2;glofas=4.5;imerg=V07;sentinel1=synthetic,reference forecast (repeat the last map). IoU/F1 at thresholds tuned on the validation event
2026-09-27T10:16:45+00:00,2e7b230,model2,persistence,none,test,macro,+5d,newly_flooded,precision,,,,0,5145775,dem=glo30-2021;ecmwf=open-0p25;generator=synthetic-1;gfm=V0M2R2;glofas=4.5;imerg=V07;sentinel1=synthetic,reference forecast (repeat the last map). IoU/F1 at thresholds tuned on the validation event
2026-09-27T10:16:45+00:00,2e7b230,model2,persistence,none,test,macro,+5d,newly_flooded,recall,0.0,,,1,5145775,dem=glo30-2021;ecmwf=open-0p25;generator=synthetic-1;gfm=V0M2R2;glofas=4.5;imerg=V07;sentinel1=synthetic,reference forecast (repeat the last map). IoU/F1 at thresholds tuned on the validation event
2026-09-27T10:16:45+00:00,2e7b230,model2,persistence,none,test,macro,+6d,all,brier,0.0284,,,1,5286018,dem=glo30-2021;ecmwf=open-0p25;generator=synthetic-1;gfm=V0M2R2;glofas=4.5;imerg=V07;sentinel1=synthetic,reference forecast (repeat the last map). IoU/F1 at thresholds tuned on the validation event
2026-09-27T10:16:45+00:00,2e7b230,model2,persistence,none,test,macro,+6d,all,ece,0.0189,,,1,5286018,dem=glo30-2021;ecmwf=open-0p25;generator=synthetic-1;gfm=V0M2R2;glofas=4.5;imerg=V07;sentinel1=synthetic,reference forecast (repeat the last map). IoU/F1 at thresholds tuned on the validation event
2026-09-27T10:16:45+00:00,2e7b230,model2,persistence,none,test,macro,+6d,all,f1,0.4566,,,1,5286018,dem=glo30-2021;ecmwf=open-0p25;generator=synthetic-1;gfm=V0M2R2;glofas=4.5;imerg=V07;sentinel1=synthetic,reference forecast (repeat the last map). IoU/F1 at thresholds tuned on the validation event
2026-09-27T10:16:45+00:00,2e7b230,model2,persistence,none,test,macro,+6d,all,iou,0.2958,,,1,5286018,dem=glo30-2021;ecmwf=open-0p25;generator=synthetic-1;gfm=V0M2R2;glofas=4.5;imerg=V07;sentinel1=synthetic,reference forecast (repeat the last map). IoU/F1 at thresholds tuned on the validation event
2026-09-27T10:16:45+00:00,2e7b230,model2,persistence,none,test,macro,+6d,all,precision,0.441,,,1,5286018,dem=glo30-2021;ecmwf=open-0p25;generator=synthetic-1;gfm=V0M2R2;glofas=4.5;imerg=V07;sentinel1=synthetic,reference forecast (repeat the last map). IoU/F1 at thresholds tuned on the validation event
2026-09-27T10:16:45+00:00,2e7b230,model2,persistence,none,test,macro,+6d,all,recall,0.4732,,,1,5286018,dem=glo30-2021;ecmwf=open-0p25;generator=synthetic-1;gfm=V0M2R2;glofas=4.5;imerg=V07;sentinel1=synthetic,reference forecast (repeat the last map). IoU/F1 at thresholds tuned on the validation event
2026-09-27T10:16:45+00:00,2e7b230,model2,persistence,none,test,macro,+6d,drained,brier,0.537,,,1,147146,dem=glo30-2021;ecmwf=open-0p25;generator=synthetic-1;gfm=V0M2R2;glofas=4.5;imerg=V07;sentinel1=synthetic,reference forecast (repeat the last map). IoU/F1 at thresholds tuned on the validation event
2026-09-27T10:16:45+00:00,2e7b230,model2,persistence,none,test,macro,+6d,drained,ece,0.539,,,1,147146,dem=glo30-2021;ecmwf=open-0p25;generator=synthetic-1;gfm=V0M2R2;glofas=4.5;imerg=V07;sentinel1=synthetic,reference forecast (repeat the last map). IoU/F1 at thresholds tuned on the validation event
2026-09-27T10:16:45+00:00,2e7b230,model2,persistence,none,test,macro,+6d,drained,f1,0.0,,,1,147146,dem=glo30-2021;ecmwf=open-0p25;generator=synthetic-1;gfm=V0M2R2;glofas=4.5;imerg=V07;sentinel1=synthetic,reference forecast (repeat the last map). IoU/F1 at thresholds tuned on the validation event
2026-09-27T10:16:45+00:00,2e7b230,model2,persistence,none,test,macro,+6d,drained,iou,0.0,,,1,147146,dem=glo30-2021;ecmwf=open-0p25;generator=synthetic-1;gfm=V0M2R2;glofas=4.5;imerg=V07;sentinel1=synthetic,reference forecast (repeat the last map). IoU/F1 at thresholds tuned on the validation event
2026-09-27T10:16:45+00:00,2e7b230,model2,persistence,none,test,macro,+6d,drained,precision,,,,0,147146,dem=glo30-2021;ecmwf=open-0p25;generator=synthetic-1;gfm=V0M2R2;glofas=4.5;imerg=V07;sentinel1=synthetic,reference forecast (repeat the last map). IoU/F1 at thresholds tuned on the validation event
2026-09-27T10:16:45+00:00,2e7b230,model2,persistence,none,test,macro,+6d,drained,recall,0.0,,,1,147146,dem=glo30-2021;ecmwf=open-0p25;generator=synthetic-1;gfm=V0M2R2;glofas=4.5;imerg=V07;sentinel1=synthetic,reference forecast (repeat the last map). IoU/F1 at thresholds tuned on the validation event
2026-09-27T10:16:45+00:00,2e7b230,model2,persistence,none,test,macro,+6d,near_breach,brier,0.3748,,,1,10706,dem=glo30-2021;ecmwf=open-0p25;generator=synthetic-1;gfm=V0M2R2;glofas=4.5;imerg=V07;sentinel1=synthetic,reference forecast (repeat the last map). IoU/F1 at thresholds tuned on the validation event
2026-09-27T10:16:45+00:00,2e7b230,model2,persistence,none,test,macro,+6d,near_breach,ece,0.3741,,,1,10706,dem=glo30-2021;ecmwf=open-0p25;generator=synthetic-1;gfm=V0M2R2;glofas=4.5;imerg=V07;sentinel1=synthetic,reference forecast (repeat the last map). IoU/F1 at thresholds tuned on the validation event
2026-09-27T10:16:45+00:00,2e7b230,model2,persistence,none,test,macro,+6d,near_breach,f1,0.5145,,,1,10706,dem=glo30-2021;ecmwf=open-0p25;generator=synthetic-1;gfm=V0M2R2;glofas=4.5;imerg=V07;sentinel1=synthetic,reference forecast (repeat the last map). IoU/F1 at thresholds tuned on the validation event
2026-09-27T10:16:45+00:00,2e7b230,model2,persistence,none,test,macro,+6d,near_breach,iou,0.3464,,,1,10706,dem=glo30-2021;ecmwf=open-0p25;generator=synthetic-1;gfm=V0M2R2;glofas=4.5;imerg=V07;sentinel1=synthetic,reference forecast (repeat the last map). IoU/F1 at thresholds tuned on the validation event
2026-09-27T10:16:45+00:00,2e7b230,model2,persistence,none,test,macro,+6d,near_breach,precision,0.3494,,,1,10706,dem=glo30-2021;ecmwf=open-0p25;generator=synthetic-1;gfm=V0M2R2;glofas=4.5;imerg=V07;sentinel1=synthetic,reference forecast (repeat the last map). IoU/F1 at thresholds tuned on the validation event
2026-09-27T10:16:45+00:00,2e7b230,model2,persistence,none,test,macro,+6d,near_breach,recall,0.9753,,,1,10706,dem=glo30-2021;ecmwf=open-0p25;generator=synthetic-1;gfm=V0M2R2;glofas=4.5;imerg=V07;sentinel1=synthetic,reference forecast (repeat the last map). IoU/F1 at thresholds tuned on the validation event
2026-09-27T10:16:45+00:00,2e7b230,model2,persistence,none,test,macro,+6d,newly_flooded,brier,0.0139,,,1,5138872,dem=glo30-2021;ecmwf=open-0p25;generator=synthetic-1;gfm=V0M2R2;glofas=4.5;imerg=V07;sentinel1=synthetic,reference forecast (repeat the last map). IoU/F1 at thresholds tuned on the validation event
2026-09-27T10:16:45+00:00,2e7b230,model2,persistence,none,test,macro,+6d,newly_flooded,ece,0.0041,,,1,5138872,dem=glo30-2021;ecmwf=open-0p25;generator=synthetic-1;gfm=V0M2R2;glofas=4.5;imerg=V07;sentinel1=synthetic,reference forecast (repeat the last map). IoU/F1 at thresholds tuned on the validation event
2026-09-27T10:16:45+00:00,2e7b230,model2,persistence,none,test,macro,+6d,newly_flooded,f1,0.0,,,1,5138872,dem=glo30-2021;ecmwf=open-0p25;generator=synthetic-1;gfm=V0M2R2;glofas=4.5;imerg=V07;sentinel1=synthetic,reference forecast (repeat the last map). IoU/F1 at thresholds tuned on the validation event
2026-09-27T10:16:45+00:00,2e7b230,model2,persistence,none,test,macro,+6d,newly_flooded,iou,0.0,,,1,5138872,dem=glo30-2021;ecmwf=open-0p25;generator=synthetic-1;gfm=V0M2R2;glofas=4.5;imerg=V07;sentinel1=synthetic,reference forecast (repeat the last map). IoU/F1 at thresholds tuned on the validation event
2026-09-27T10:16:45+00:00,2e7b230,model2,persistence,none,test,macro,+6d,newly_flooded,precision,,,,0,5138872,dem=glo30-2021;ecmwf=open-0p25;generator=synthetic-1;gfm=V0M2R2;glofas=4.5;imerg=V07;sentinel1=synthetic,reference forecast (repeat the last map). IoU/F1 at thresholds tuned on the validation event
2026-09-27T10:16:45+00:00,2e7b230,model2,persistence,none,test,macro,+6d,newly_flooded,recall,0.0,,,1,5138872,dem=glo30-2021;ecmwf=open-0p25;generator=synthetic-1;gfm=V0M2R2;glofas=4.5;imerg=V07;sentinel1=synthetic,reference forecast (repeat the last map). IoU/F1 at thresholds tuned on the validation event
2026-09-27T10:16:45+00:00,2e7b230,model2,persistence,none,test,macro,+7d,all,brier,0.0291,,,1,5286018,dem=glo30-2021;ecmwf=open-0p25;generator=synthetic-1;gfm=V0M2R2;glofas=4.5;imerg=V07;sentinel1=synthetic,reference forecast (repeat the last map). IoU/F1 at thresholds tuned on the validation event
2026-09-27T10:16:45+00:00,2e7b230,model2,persistence,none,test,macro,+7d,all,ece,0.0197,,,1,5286018,dem=glo30-2021;ecmwf=open-0p25;generator=synthetic-1;gfm=V0M2R2;glofas=4.5;imerg=V07;sentinel1=synthetic,reference forecast (repeat the last map). IoU/F1 at thresholds tuned on the validation event
2026-09-27T10:16:45+00:00,2e7b230,model2,persistence,none,test,macro,+7d,all,f1,0.4247,,,1,5286018,dem=glo30-2021;ecmwf=open-0p25;generator=synthetic-1;gfm=V0M2R2;glofas=4.5;imerg=V07;sentinel1=synthetic,reference forecast (repeat the last map). IoU/F1 at thresholds tuned on the validation event
2026-09-27T10:16:45+00:00,2e7b230,model2,persistence,none,test,macro,+7d,all,iou,0.2696,,,1,5286018,dem=glo30-2021;ecmwf=open-0p25;generator=synthetic-1;gfm=V0M2R2;glofas=4.5;imerg=V07;sentinel1=synthetic,reference forecast (repeat the last map). IoU/F1 at thresholds tuned on the validation event
2026-09-27T10:16:45+00:00,2e7b230,model2,persistence,none,test,macro,+7d,all,precision,0.4235,,,1,5286018,dem=glo30-2021;ecmwf=open-0p25;generator=synthetic-1;gfm=V0M2R2;glofas=4.5;imerg=V07;sentinel1=synthetic,reference forecast (repeat the last map). IoU/F1 at thresholds tuned on the validation event
2026-09-27T10:16:45+00:00,2e7b230,model2,persistence,none,test,macro,+7d,all,recall,0.4258,,,1,5286018,dem=glo30-2021;ecmwf=open-0p25;generator=synthetic-1;gfm=V0M2R2;glofas=4.5;imerg=V07;sentinel1=synthetic,reference forecast (repeat the last map). IoU/F1 at thresholds tuned on the validation event
2026-09-27T10:16:45+00:00,2e7b230,model2,persistence,none,test,macro,+7d,drained,brier,0.5538,,,1,137866,dem=glo30-2021;ecmwf=open-0p25;generator=synthetic-1;gfm=V0M2R2;glofas=4.5;imerg=V07;sentinel1=synthetic,reference forecast (repeat the last map). IoU/F1 at thresholds tuned on the validation event
2026-09-27T10:16:45+00:00,2e7b230,model2,persistence,none,test,macro,+7d,drained,ece,0.5565,,,1,137866,dem=glo30-2021;ecmwf=open-0p25;generator=synthetic-1;gfm=V0M2R2;glofas=4.5;imerg=V07;sentinel1=synthetic,reference forecast (repeat the last map). IoU/F1 at thresholds tuned on the validation event
2026-09-27T10:16:45+00:00,2e7b230,model2,persistence,none,test,macro,+7d,drained,f1,0.0,,,1,137866,dem=glo30-2021;ecmwf=open-0p25;generator=synthetic-1;gfm=V0M2R2;glofas=4.5;imerg=V07;sentinel1=synthetic,reference forecast (repeat the last map). IoU/F1 at thresholds tuned on the validation event
2026-09-27T10:16:45+00:00,2e7b230,model2,persistence,none,test,macro,+7d,drained,iou,0.0,,,1,137866,dem=glo30-2021;ecmwf=open-0p25;generator=synthetic-1;gfm=V0M2R2;glofas=4.5;imerg=V07;sentinel1=synthetic,reference forecast (repeat the last map). IoU/F1 at thresholds tuned on the validation event
2026-09-27T10:16:45+00:00,2e7b230,model2,persistence,none,test,macro,+7d,drained,precision,,,,0,137866,dem=glo30-2021;ecmwf=open-0p25;generator=synthetic-1;gfm=V0M2R2;glofas=4.5;imerg=V07;sentinel1=synthetic,reference forecast (repeat the last map). IoU/F1 at thresholds tuned on the validation event
2026-09-27T10:16:45+00:00,2e7b230,model2,persistence,none,test,macro,+7d,drained,recall,0.0,,,1,137866,dem=glo30-2021;ecmwf=open-0p25;generator=synthetic-1;gfm=V0M2R2;glofas=4.5;imerg=V07;sentinel1=synthetic,reference forecast (repeat the last map). IoU/F1 at thresholds tuned on the validation event
2026-09-27T10:16:45+00:00,2e7b230,model2,persistence,none,test,macro,+7d,near_breach,brier,0.3523,,,1,13437,dem=glo30-2021;ecmwf=open-0p25;generator=synthetic-1;gfm=V0M2R2;glofas=4.5;imerg=V07;sentinel1=synthetic,reference forecast (repeat the last map). IoU/F1 at thresholds tuned on the validation event
2026-09-27T10:16:45+00:00,2e7b230,model2,persistence,none,test,macro,+7d,near_breach,ece,0.3516,,,1,13437,dem=glo30-2021;ecmwf=open-0p25;generator=synthetic-1;gfm=V0M2R2;glofas=4.5;imerg=V07;sentinel1=synthetic,reference forecast (repeat the last map). IoU/F1 at thresholds tuned on the validation event
2026-09-27T10:16:45+00:00,2e7b230,model2,persistence,none,test,macro,+7d,near_breach,f1,0.4853,,,1,13437,dem=glo30-2021;ecmwf=open-0p25;generator=synthetic-1;gfm=V0M2R2;glofas=4.5;imerg=V07;sentinel1=synthetic,reference forecast (repeat the last map). IoU/F1 at thresholds tuned on the validation event
2026-09-27T10:16:45+00:00,2e7b230,model2,persistence,none,test,macro,+7d,near_breach,iou,0.3204,,,1,13437,dem=glo30-2021;ecmwf=open-0p25;generator=synthetic-1;gfm=V0M2R2;glofas=4.5;imerg=V07;sentinel1=synthetic,reference forecast (repeat the last map). IoU/F1 at thresholds tuned on the validation event
2026-09-27T10:16:45+00:00,2e7b230,model2,persistence,none,test,macro,+7d,near_breach,precision,0.323,,,1,13437,dem=glo30-2021;ecmwf=open-0p25;generator=synthetic-1;gfm=V0M2R2;glofas=4.5;imerg=V07;sentinel1=synthetic,reference forecast (repeat the last map). IoU/F1 at thresholds tuned on the validation event
2026-09-27T10:16:45+00:00,2e7b230,model2,persistence,none,test,macro,+7d,near_breach,recall,0.9748,,,1,13437,dem=glo30-2021;ecmwf=open-0p25;generator=synthetic-1;gfm=V0M2R2;glofas=4.5;imerg=V07;sentinel1=synthetic,reference forecast (repeat the last map). IoU/F1 at thresholds tuned on the validation event
2026-09-27T10:16:45+00:00,2e7b230,model2,persistence,none,test,macro,+7d,newly_flooded,brier,0.0151,,,1,5148152,dem=glo30-2021;ecmwf=open-0p25;generator=synthetic-1;gfm=V0M2R2;glofas=4.5;imerg=V07;sentinel1=synthetic,reference forecast (repeat the last map). IoU/F1 at thresholds tuned on the validation event
2026-09-27T10:16:45+00:00,2e7b230,model2,persistence,none,test,macro,+7d,newly_flooded,ece,0.0053,,,1,5148152,dem=glo30-2021;ecmwf=open-0p25;generator=synthetic-1;gfm=V0M2R2;glofas=4.5;imerg=V07;sentinel1=synthetic,reference forecast (repeat the last map). IoU/F1 at thresholds tuned on the validation event
2026-09-27T10:16:45+00:00,2e7b230,model2,persistence,none,test,macro,+7d,newly_flooded,f1,0.0,,,1,5148152,dem=glo30-2021;ecmwf=open-0p25;generator=synthetic-1;gfm=V0M2R2;glofas=4.5;imerg=V07;sentinel1=synthetic,reference forecast (repeat the last map). IoU/F1 at thresholds tuned on the validation event
2026-09-27T10:16:45+00:00,2e7b230,model2,persistence,none,test,macro,+7d,newly_flooded,iou,0.0,,,1,5148152,dem=glo30-2021;ecmwf=open-0p25;generator=synthetic-1;gfm=V0M2R2;glofas=4.5;imerg=V07;sentinel1=synthetic,reference forecast (repeat the last map). IoU/F1 at thresholds tuned on the validation event
2026-09-27T10:16:45+00:00,2e7b230,model2,persistence,none,test,macro,+7d,newly_flooded,precision,,,,0,5148152,dem=glo30-2021;ecmwf=open-0p25;generator=synthetic-1;gfm=V0M2R2;glofas=4.5;imerg=V07;sentinel1=synthetic,reference forecast (repeat the last map). IoU/F1 at thresholds tuned on the validation event
2026-09-27T10:16:45+00:00,2e7b230,model2,persistence,none,test,macro,+7d,newly_flooded,recall,0.0,,,1,5148152,dem=glo30-2021;ecmwf=open-0p25;generator=synthetic-1;gfm=V0M2R2;glofas=4.5;imerg=V07;sentinel1=synthetic,reference forecast (repeat the last map). IoU/F1 at thresholds tuned on the validation event
2026-09-27T10:16:45+00:00,2e7b230,model2,historical_frequency,persistence,test,macro,+1d,all,brier,0.0219,0.0159,-0.3808,1,7905002,dem=glo30-2021;ecmwf=open-0p25;generator=synthetic-1;gfm=V0M2R2;glofas=4.5;imerg=V07;sentinel1=synthetic,IoU/F1 at thresholds tuned on the validation event
2026-09-27T10:16:45+00:00,2e7b230,model2,historical_frequency,persistence,test,macro,+1d,all,ece,0.0191,0.0092,-1.0804,1,7905002,dem=glo30-2021;ecmwf=open-0p25;generator=synthetic-1;gfm=V0M2R2;glofas=4.5;imerg=V07;sentinel1=synthetic,IoU/F1 at thresholds tuned on the validation event
2026-09-27T10:16:45+00:00,2e7b230,model2,historical_frequency,persistence,test,macro,+1d,all,f1,0.1747,0.6836,-1.6087,1,7905002,dem=glo30-2021;ecmwf=open-0p25;generator=synthetic-1;gfm=V0M2R2;glofas=4.5;imerg=V07;sentinel1=synthetic,IoU/F1 at thresholds tuned on the validation event
2026-09-27T10:16:45+00:00,2e7b230,model2,historical_frequency,persistence,test,macro,+1d,all,iou,0.0957,0.5193,-0.8813,1,7905002,dem=glo30-2021;ecmwf=open-0p25;generator=synthetic-1;gfm=V0M2R2;glofas=4.5;imerg=V07;sentinel1=synthetic,IoU/F1 at thresholds tuned on the validation event
2026-09-27T10:16:45+00:00,2e7b230,model2,historical_frequency,persistence,test,macro,+1d,all,precision,0.7423,0.6844,0.1835,1,7905002,dem=glo30-2021;ecmwf=open-0p25;generator=synthetic-1;gfm=V0M2R2;glofas=4.5;imerg=V07;sentinel1=synthetic,IoU/F1 at thresholds tuned on the validation event
2026-09-27T10:16:45+00:00,2e7b230,model2,historical_frequency,persistence,test,macro,+1d,all,recall,0.099,0.6829,-1.8413,1,7905002,dem=glo30-2021;ecmwf=open-0p25;generator=synthetic-1;gfm=V0M2R2;glofas=4.5;imerg=V07;sentinel1=synthetic,IoU/F1 at thresholds tuned on the validation event
2026-09-27T10:16:45+00:00,2e7b230,model2,historical_frequency,persistence,test,macro,+1d,drained,brier,0.557,0.3034,-0.8361,1,202742,dem=glo30-2021;ecmwf=open-0p25;generator=synthetic-1;gfm=V0M2R2;glofas=4.5;imerg=V07;sentinel1=synthetic,IoU/F1 at thresholds tuned on the validation event
2026-09-27T10:16:45+00:00,2e7b230,model2,historical_frequency,persistence,test,macro,+1d,drained,ece,0.5782,0.2956,-0.9558,1,202742,dem=glo30-2021;ecmwf=open-0p25;generator=synthetic-1;gfm=V0M2R2;glofas=4.5;imerg=V07;sentinel1=synthetic,IoU/F1 at thresholds tuned on the validation event
2026-09-27T10:16:45+00:00,2e7b230,model2,historical_frequency,persistence,test,macro,+1d,drained,f1,0.4998,0.0,0.4998,1,202742,dem=glo30-2021;ecmwf=open-0p25;generator=synthetic-1;gfm=V0M2R2;glofas=4.5;imerg=V07;sentinel1=synthetic,IoU/F1 at thresholds tuned on the validation event
2026-09-27T10:16:45+00:00,2e7b230,model2,historical_frequency,persistence,test,macro,+1d,drained,iou,0.3332,0.0,0.3332,1,202742,dem=glo30-2021;ecmwf=open-0p25;generator=synthetic-1;gfm=V0M2R2;glofas=4.5;imerg=V07;sentinel1=synthetic,IoU/F1 at thresholds tuned on the validation event
2026-09-27T10:16:45+00:00,2e7b230,model2,historical_frequency,persistence,test,macro,+1d,drained,precision,0.3359,,,1,202742,dem=glo30-2021;ecmwf=open-0p25;generator=synthetic-1;gfm=V0M2R2;glofas=4.5;imerg=V07;sentinel1=synthetic,IoU/F1 at thresholds tuned on the validation event
2026-09-27T10:16:45+00:00,2e7b230,model2,historical_frequency,persistence,test,macro,+1d,drained,recall,0.9762,0.0,0.9762,1,202742,dem=glo30-2021;ecmwf=open-0p25;generator=synthetic-1;gfm=V0M2R2;glofas=4.5;imerg=V07;sentinel1=synthetic,IoU/F1 at thresholds tuned on the validation event
2026-09-27T10:16:45+00:00,2e7b230,model2,historical_frequency,persistence,test,macro,+1d,near_breach,brier,0.4042,0.1749,-1.3103,1,16202,dem=glo30-2021;ecmwf=open-0p25;generator=synthetic-1;gfm=V0M2R2;glofas=4.5;imerg=V07;sentinel1=synthetic,IoU/F1 at thresholds tuned on the validation event
2026-09-27T10:16:45+00:00,2e7b230,model2,historical_frequency,persistence,test,macro,+1d,near_breach,ece,0.4281,0.1652,-1.5918,1,16202,dem=glo30-2021;ecmwf=open-0p25;generator=synthetic-1;gfm=V0M2R2;glofas=4.5;imerg=V07;sentinel1=synthetic,IoU/F1 at thresholds tuned on the validation event
2026-09-27T10:16:45+00:00,2e7b230,model2,historical_frequency,persistence,test,macro,+1d,near_breach,f1,0.2178,0.7931,-2.7809,1,16202,dem=glo30-2021;ecmwf=open-0p25;generator=synthetic-1;gfm=V0M2R2;glofas=4.5;imerg=V07;sentinel1=synthetic,IoU/F1 at thresholds tuned on the validation event
2026-09-27T10:16:45+00:00,2e7b230,model2,historical_frequency,persistence,test,macro,+1d,near_breach,iou,0.1222,0.6572,-1.5604,1,16202,dem=glo30-2021;ecmwf=open-0p25;generator=synthetic-1;gfm=V0M2R2;glofas=4.5;imerg=V07;sentinel1=synthetic,IoU/F1 at thresholds tuned on the validation event
2026-09-27T10:16:45+00:00,2e7b230,model2,historical_frequency,persistence,test,macro,+1d,near_breach,precision,0.9858,0.9175,0.8283,1,16202,dem=glo30-2021;ecmwf=open-0p25;generator=synthetic-1;gfm=V0M2R2;glofas=4.5;imerg=V07;sentinel1=synthetic,IoU/F1 at thresholds tuned on the validation event
2026-09-27T10:16:45+00:00,2e7b230,model2,historical_frequency,persistence,test,macro,+1d,near_breach,recall,0.1224,0.6985,-1.9104,1,16202,dem=glo30-2021;ecmwf=open-0p25;generator=synthetic-1;gfm=V0M2R2;glofas=4.5;imerg=V07;sentinel1=synthetic,IoU/F1 at thresholds tuned on the validation event
2026-09-27T10:16:45+00:00,2e7b230,model2,historical_frequency,persistence,test,macro,+1d,newly_flooded,brier,0.0078,0.0083,0.0574,1,7702260,dem=glo30-2021;ecmwf=open-0p25;generator=synthetic-1;gfm=V0M2R2;glofas=4.5;imerg=V07;sentinel1=synthetic,IoU/F1 at thresholds tuned on the validation event
2026-09-27T10:16:45+00:00,2e7b230,model2,historical_frequency,persistence,test,macro,+1d,newly_flooded,ece,0.0057,0.0016,-2.4574,1,7702260,dem=glo30-2021;ecmwf=open-0p25;generator=synthetic-1;gfm=V0M2R2;glofas=4.5;imerg=V07;sentinel1=synthetic,IoU/F1 at thresholds tuned on the validation event
2026-09-27T10:16:45+00:00,2e7b230,model2,historical_frequency,persistence,test,macro,+1d,newly_flooded,f1,0.1302,0.0,0.1302,1,7702260,dem=glo30-2021;ecmwf=open-0p25;generator=synthetic-1;gfm=V0M2R2;glofas=4.5;imerg=V07;sentinel1=synthetic,IoU/F1 at thresholds tuned on the validation event
2026-09-27T10:16:45+00:00,2e7b230,model2,historical_frequency,persistence,test,macro,+1d,newly_flooded,iou,0.0696,0.0,0.0696,1,7702260,dem=glo30-2021;ecmwf=open-0p25;generator=synthetic-1;gfm=V0M2R2;glofas=4.5;imerg=V07;sentinel1=synthetic,IoU/F1 at thresholds tuned on the validation event
2026-09-27T10:16:45+00:00,2e7b230,model2,historical_frequency,persistence,test,macro,+1d,newly_flooded,precision,0.4712,,,1,7702260,dem=glo30-2021;ecmwf=open-0p25;generator=synthetic-1;gfm=V0M2R2;glofas=4.5;imerg=V07;sentinel1=synthetic,IoU/F1 at thresholds tuned on the validation event
2026-09-27T10:16:45+00:00,2e7b230,model2,historical_frequency,persistence,test,macro,+1d,newly_flooded,recall,0.0755,0.0,0.0755,1,7702260,dem=glo30-2021;ecmwf=open-0p25;generator=synthetic-1;gfm=V0M2R2;glofas=4.5;imerg=V07;sentinel1=synthetic,IoU/F1 at thresholds tuned on the validation event
2026-09-27T10:16:45+00:00,2e7b230,model2,historical_frequency,persistence,test,macro,+2d,all,brier,0.022,0.016,-0.3753,1,5286018,dem=glo30-2021;ecmwf=open-0p25;generator=synthetic-1;gfm=V0M2R2;glofas=4.5;imerg=V07;sentinel1=synthetic,IoU/F1 at thresholds tuned on the validation event
2026-09-27T10:16:45+00:00,2e7b230,model2,historical_frequency,persistence,test,macro,+2d,all,ece,0.02,0.0094,-1.1437,1,5286018,dem=glo30-2021;ecmwf=open-0p25;generator=synthetic-1;gfm=V0M2R2;glofas=4.5;imerg=V07;sentinel1=synthetic,IoU/F1 at thresholds tuned on the validation event
2026-09-27T10:16:45+00:00,2e7b230,model2,historical_frequency,persistence,test,macro,+2d,all,f1,0.1608,0.6849,-1.6633,1,5286018,dem=glo30-2021;ecmwf=open-0p25;generator=synthetic-1;gfm=V0M2R2;glofas=4.5;imerg=V07;sentinel1=synthetic,IoU/F1 at thresholds tuned on the validation event
2026-09-27T10:16:45+00:00,2e7b230,model2,historical_frequency,persistence,test,macro,+2d,all,iou,0.0874,0.5208,-0.9044,1,5286018,dem=glo30-2021;ecmwf=open-0p25;generator=synthetic-1;gfm=V0M2R2;glofas=4.5;imerg=V07;sentinel1=synthetic,IoU/F1 at thresholds tuned on the validation event
2026-09-27T10:16:45+00:00,2e7b230,model2,historical_frequency,persistence,test,macro,+2d,all,precision,0.8184,0.6831,0.4268,1,5286018,dem=glo30-2021;ecmwf=open-0p25;generator=synthetic-1;gfm=V0M2R2;glofas=4.5;imerg=V07;sentinel1=synthetic,IoU/F1 at thresholds tuned on the validation event
2026-09-27T10:16:45+00:00,2e7b230,model2,historical_frequency,persistence,test,macro,+2d,all,recall,0.0892,0.6867,-1.907,1,5286018,dem=glo30-2021;ecmwf=open-0p25;generator=synthetic-1;gfm=V0M2R2;glofas=4.5;imerg=V07;sentinel1=synthetic,IoU/F1 at thresholds tuned on the validation event
2026-09-27T10:16:45+00:00,2e7b230,model2,historical_frequency,persistence,test,macro,+2d,drained,brier,0.5678,0.3046,-0.8643,1,137851,dem=glo30-2021;ecmwf=open-0p25;generator=synthetic-1;gfm=V0M2R2;glofas=4.5;imerg=V07;sentinel1=synthetic,IoU/F1 at thresholds tuned on the validation event
2026-09-27T10:16:45+00:00,2e7b230,model2,historical_frequency,persistence,test,macro,+2d,drained,ece,0.5858,0.2969,-0.9731,1,137851,dem=glo30-2021;ecmwf=open-0p25;generator=synthetic-1;gfm=V0M2R2;glofas=4.5;imerg=V07;sentinel1=synthetic,IoU/F1 at thresholds tuned on the validation event
2026-09-27T10:16:45+00:00,2e7b230,model2,historical_frequency,persistence,test,macro,+2d,drained,f1,0.4975,0.0,0.4975,1,137851,dem=glo30-2021;ecmwf=open-0p25;generator=synthetic-1;gfm=V0M2R2;glofas=4.5;imerg=V07;sentinel1=synthetic,IoU/F1 at thresholds tuned on the validation event
2026-09-27T10:16:45+00:00,2e7b230,model2,historical_frequency,persistence,test,macro,+2d,drained,iou,0.3311,0.0,0.3311,1,137851,dem=glo30-2021;ecmwf=open-0p25;generator=synthetic-1;gfm=V0M2R2;glofas=4.5;imerg=V07;sentinel1=synthetic,IoU/F1 at thresholds tuned on the validation event
2026-09-27T10:16:45+00:00,2e7b230,model2,historical_frequency,persistence,test,macro,+2d,drained,precision,0.3338,,,1,137851,dem=glo30-2021;ecmwf=open-0p25;generator=synthetic-1;gfm=V0M2R2;glofas=4.5;imerg=V07;sentinel1=synthetic,IoU/F1 at thresholds tuned on the validation event
2026-09-27T10:16:45+00:00,2e7b230,model2,historical_frequency,persistence,test,macro,+2d,drained,recall,0.9766,0.0,0.9766,1,137851,dem=glo30-2021;ecmwf=open-0p25;generator=synthetic-1;gfm=V0M2R2;glofas=4.5;imerg=V07;sentinel1=synthetic,IoU/F1 at thresholds tuned on the validation event
2026-09-27T10:16:45+00:00,2e7b230,model2,historical_frequency,persistence,test,macro,+2d,near_breach,brier,0.3775,0.2006,-0.8821,1,10706,dem=glo30-2021;ecmwf=open-0p25;generator=synthetic-1;gfm=V0M2R2;glofas=4.5;imerg=V07;sentinel1=synthetic,IoU/F1 at thresholds tuned on the validation event
2026-09-27T10:16:45+00:00,2e7b230,model2,historical_frequency,persistence,test,macro,+2d,near_breach,ece,0.3992,0.1921,-1.0785,1,10706,dem=glo30-2021;ecmwf=open-0p25;generator=synthetic-1;gfm=V0M2R2;glofas=4.5;imerg=V07;sentinel1=synthetic,IoU/F1 at thresholds tuned on the validation event
2026-09-27T10:16:45+00:00,2e7b230,model2,historical_frequency,persistence,test,macro,+2d,near_breach,f1,0.183,0.7906,-2.9023,1,10706,dem=glo30-2021;ecmwf=open-0p25;generator=synthetic-1;gfm=V0M2R2;glofas=4.5;imerg=V07;sentinel1=synthetic,IoU/F1 at thresholds tuned on the validation event
2026-09-27T10:16:45+00:00,2e7b230,model2,historical_frequency,persistence,test,macro,+2d,near_breach,iou,0.1007,0.6538,-1.5974,1,10706,dem=glo30-2021;ecmwf=open-0p25;generator=synthetic-1;gfm=V0M2R2;glofas=4.5;imerg=V07;sentinel1=synthetic,IoU/F1 at thresholds tuned on the validation event
2026-09-27T10:16:45+00:00,2e7b230,model2,historical_frequency,persistence,test,macro,+2d,near_breach,precision,0.9858,0.7254,0.9484,1,10706,dem=glo30-2021;ecmwf=open-0p25;generator=synthetic-1;gfm=V0M2R2;glofas=4.5;imerg=V07;sentinel1=synthetic,IoU/F1 at thresholds tuned on the validation event
2026-09-27T10:16:45+00:00,2e7b230,model2,historical_frequency,persistence,test,macro,+2d,near_breach,recall,0.1009,0.8689,-5.8562,1,10706,dem=glo30-2021;ecmwf=open-0p25;generator=synthetic-1;gfm=V0M2R2;glofas=4.5;imerg=V07;sentinel1=synthetic,IoU/F1 at thresholds tuned on the validation event
2026-09-27T10:16:45+00:00,2e7b230,model2,historical_frequency,persistence,test,macro,+2d,newly_flooded,brier,0.0074,0.0083,0.1065,1,5148167,dem=glo30-2021;ecmwf=open-0p25;generator=synthetic-1;gfm=V0M2R2;glofas=4.5;imerg=V07;sentinel1=synthetic,IoU/F1 at thresholds tuned on the validation event
2026-09-27T10:16:45+00:00,2e7b230,model2,historical_frequency,persistence,test,macro,+2d,newly_flooded,ece,0.0049,0.0017,-1.9805,1,5148167,dem=glo30-2021;ecmwf=open-0p25;generator=synthetic-1;gfm=V0M2R2;glofas=4.5;imerg=V07;sentinel1=synthetic,IoU/F1 at thresholds tuned on the validation event
2026-09-27T10:16:45+00:00,2e7b230,model2,historical_frequency,persistence,test,macro,+2d,newly_flooded,f1,0.1338,0.0,0.1338,1,5148167,dem=glo30-2021;ecmwf=open-0p25;generator=synthetic-1;gfm=V0M2R2;glofas=4.5;imerg=V07;sentinel1=synthetic,IoU/F1 at thresholds tuned on the validation event
2026-09-27T10:16:45+00:00,2e7b230,model2,historical_frequency,persistence,test,macro,+2d,newly_flooded,iou,0.0717,0.0,0.0717,1,5148167,dem=glo30-2021;ecmwf=open-0p25;generator=synthetic-1;gfm=V0M2R2;glofas=4.5;imerg=V07;sentinel1=synthetic,IoU/F1 at thresholds tuned on the validation event
2026-09-27T10:16:45+00:00,2e7b230,model2,historical_frequency,persistence,test,macro,+2d,newly_flooded,precision,0.6542,,,1,5148167,dem=glo30-2021;ecmwf=open-0p25;generator=synthetic-1;gfm=V0M2R2;glofas=4.5;imerg=V07;sentinel1=synthetic,IoU/F1 at thresholds tuned on the validation event
2026-09-27T10:16:45+00:00,2e7b230,model2,historical_frequency,persistence,test,macro,+2d,newly_flooded,recall,0.0745,0.0,0.0745,1,5148167,dem=glo30-2021;ecmwf=open-0p25;generator=synthetic-1;gfm=V0M2R2;glofas=4.5;imerg=V07;sentinel1=synthetic,IoU/F1 at thresholds tuned on the validation event
2026-09-27T10:16:45+00:00,2e7b230,model2,historical_frequency,persistence,test,macro,+3d,all,brier,0.0223,0.0197,-0.1311,1,5286018,dem=glo30-2021;ecmwf=open-0p25;generator=synthetic-1;gfm=V0M2R2;glofas=4.5;imerg=V07;sentinel1=synthetic,IoU/F1 at thresholds tuned on the validation event
2026-09-27T10:16:45+00:00,2e7b230,model2,historical_frequency,persistence,test,macro,+3d,all,ece,0.0191,0.0099,-0.9233,1,5286018,dem=glo30-2021;ecmwf=open-0p25;generator=synthetic-1;gfm=V0M2R2;glofas=4.5;imerg=V07;sentinel1=synthetic,IoU/F1 at thresholds tuned on the validation event
2026-09-27T10:16:45+00:00,2e7b230,model2,historical_frequency,persistence,test,macro,+3d,all,f1,0.1736,0.605,-1.0922,1,5286018,dem=glo30-2021;ecmwf=open-0p25;generator=synthetic-1;gfm=V0M2R2;glofas=4.5;imerg=V07;sentinel1=synthetic,IoU/F1 at thresholds tuned on the validation event
2026-09-27T10:16:45+00:00,2e7b230,model2,historical_frequency,persistence,test,macro,+3d,all,iou,0.095,0.4337,-0.598,1,5286018,dem=glo30-2021;ecmwf=open-0p25;generator=synthetic-1;gfm=V0M2R2;glofas=4.5;imerg=V07;sentinel1=synthetic,IoU/F1 at thresholds tuned on the validation event
2026-09-27T10:16:45+00:00,2e7b230,model2,historical_frequency,persistence,test,macro,+3d,all,precision,0.7067,0.6151,0.238,1,5286018,dem=glo30-2021;ecmwf=open-0p25;generator=synthetic-1;gfm=V0M2R2;glofas=4.5;imerg=V07;sentinel1=synthetic,IoU/F1 at thresholds tuned on the validation event
2026-09-27T10:16:45+00:00,2e7b230,model2,historical_frequency,persistence,test,macro,+3d,all,recall,0.0989,0.5952,-1.226,1,5286018,dem=glo30-2021;ecmwf=open-0p25;generator=synthetic-1;gfm=V0M2R2;glofas=4.5;imerg=V07;sentinel1=synthetic,IoU/F1 at thresholds tuned on the validation event
2026-09-27T10:16:45+00:00,2e7b230,model2,historical_frequency,persistence,test,macro,+3d,drained,brier,0.5041,0.3699,-0.3629,1,132706,dem=glo30-2021;ecmwf=open-0p25;generator=synthetic-1;gfm=V0M2R2;glofas=4.5;imerg=V07;sentinel1=synthetic,IoU/F1 at thresholds tuned on the validation event
2026-09-27T10:16:45+00:00,2e7b230,model2,historical_frequency,persistence,test,macro,+3d,drained,ece,0.5043,0.3649,-0.3822,1,132706,dem=glo30-2021;ecmwf=open-0p25;generator=synthetic-1;gfm=V0M2R2;glofas=4.5;imerg=V07;sentinel1=synthetic,IoU/F1 at thresholds tuned on the validation event
2026-09-27T10:16:45+00:00,2e7b230,model2,historical_frequency,persistence,test,macro,+3d,drained,f1,0.5676,0.0,0.5676,1,132706,dem=glo30-2021;ecmwf=open-0p25;generator=synthetic-1;gfm=V0M2R2;glofas=4.5;imerg=V07;sentinel1=synthetic,IoU/F1 at thresholds tuned on the validation event
2026-09-27T10:16:45+00:00,2e7b230,model2,historical_frequency,persistence,test,macro,+3d,drained,iou,0.3962,0.0,0.3962,1,132706,dem=glo30-2021;ecmwf=open-0p25;generator=synthetic-1;gfm=V0M2R2;glofas=4.5;imerg=V07;sentinel1=synthetic,IoU/F1 at thresholds tuned on the validation event
2026-09-27T10:16:45+00:00,2e7b230,model2,historical_frequency,persistence,test,macro,+3d,drained,precision,0.4038,,,1,132706,dem=glo30-2021;ecmwf=open-0p25;generator=synthetic-1;gfm=V0M2R2;glofas=4.5;imerg=V07;sentinel1=synthetic,IoU/F1 at thresholds tuned on the validation event
2026-09-27T10:16:45+00:00,2e7b230,model2,historical_frequency,persistence,test,macro,+3d,drained,recall,0.9546,0.0,0.9546,1,132706,dem=glo30-2021;ecmwf=open-0p25;generator=synthetic-1;gfm=V0M2R2;glofas=4.5;imerg=V07;sentinel1=synthetic,IoU/F1 at thresholds tuned on the validation event
2026-09-27T10:16:45+00:00,2e7b230,model2,historical_frequency,persistence,test,macro,+3d,near_breach,brier,0.3781,0.2592,-0.4586,1,10706,dem=glo30-2021;ecmwf=open-0p25;generator=synthetic-1;gfm=V0M2R2;glofas=4.5;imerg=V07;sentinel1=synthetic,IoU/F1 at thresholds tuned on the validation event
2026-09-27T10:16:45+00:00,2e7b230,model2,historical_frequency,persistence,test,macro,+3d,near_breach,ece,0.3994,0.2525,-0.5817,1,10706,dem=glo30-2021;ecmwf=open-0p25;generator=synthetic-1;gfm=V0M2R2;glofas=4.5;imerg=V07;sentinel1=synthetic,IoU/F1 at thresholds tuned on the validation event
2026-09-27T10:16:45+00:00,2e7b230,model2,historical_frequency,persistence,test,macro,+3d,near_breach,f1,0.183,0.711,-1.8266,1,10706,dem=glo30-2021;ecmwf=open-0p25;generator=synthetic-1;gfm=V0M2R2;glofas=4.5;imerg=V07;sentinel1=synthetic,IoU/F1 at thresholds tuned on the validation event
2026-09-27T10:16:45+00:00,2e7b230,model2,historical_frequency,persistence,test,macro,+3d,near_breach,iou,0.1007,0.5516,-1.0053,1,10706,dem=glo30-2021;ecmwf=open-0p25;generator=synthetic-1;gfm=V0M2R2;glofas=4.5;imerg=V07;sentinel1=synthetic,IoU/F1 at thresholds tuned on the validation event
2026-09-27T10:16:45+00:00,2e7b230,model2,historical_frequency,persistence,test,macro,+3d,near_breach,precision,0.9858,0.6938,0.9537,1,10706,dem=glo30-2021;ecmwf=open-0p25;generator=synthetic-1;gfm=V0M2R2;glofas=4.5;imerg=V07;sentinel1=synthetic,IoU/F1 at thresholds tuned on the validation event
2026-09-27T10:16:45+00:00,2e7b230,model2,historical_frequency,persistence,test,macro,+3d,near_breach,recall,0.1009,0.729,-2.318,1,10706,dem=glo30-2021;ecmwf=open-0p25;generator=synthetic-1;gfm=V0M2R2;glofas=4.5;imerg=V07;sentinel1=synthetic,IoU/F1 at thresholds tuned on the validation event
2026-09-27T10:16:45+00:00,2e7b230,model2,historical_frequency,persistence,test,macro,+3d,newly_flooded,brier,0.0098,0.0107,0.0762,1,5153312,dem=glo30-2021;ecmwf=open-0p25;generator=synthetic-1;gfm=V0M2R2;glofas=4.5;imerg=V07;sentinel1=synthetic,IoU/F1 at thresholds tuned on the validation event
2026-09-27T10:16:45+00:00,2e7b230,model2,historical_frequency,persistence,test,macro,+3d,newly_flooded,ece,0.0073,0.0008,-8.3913,1,5153312,dem=glo30-2021;ecmwf=open-0p25;generator=synthetic-1;gfm=V0M2R2;glofas=4.5;imerg=V07;sentinel1=synthetic,IoU/F1 at thresholds tuned on the validation event
2026-09-27T10:16:45+00:00,2e7b230,model2,historical_frequency,persistence,test,macro,+3d,newly_flooded,f1,0.1251,0.0,0.1251,1,5153312,dem=glo30-2021;ecmwf=open-0p25;generator=synthetic-1;gfm=V0M2R2;glofas=4.5;imerg=V07;sentinel1=synthetic,IoU/F1 at thresholds tuned on the validation event
2026-09-27T10:16:45+00:00,2e7b230,model2,historical_frequency,persistence,test,macro,+3d,newly_flooded,iou,0.0667,0.0,0.0667,1,5153312,dem=glo30-2021;ecmwf=open-0p25;generator=synthetic-1;gfm=V0M2R2;glofas=4.5;imerg=V07;sentinel1=synthetic,IoU/F1 at thresholds tuned on the validation event
2026-09-27T10:16:45+00:00,2e7b230,model2,historical_frequency,persistence,test,macro,+3d,newly_flooded,precision,0.5423,,,1,5153312,dem=glo30-2021;ecmwf=open-0p25;generator=synthetic-1;gfm=V0M2R2;glofas=4.5;imerg=V07;sentinel1=synthetic,IoU/F1 at thresholds tuned on the validation event
2026-09-27T10:16:45+00:00,2e7b230,model2,historical_frequency,persistence,test,macro,+3d,newly_flooded,recall,0.0707,0.0,0.0707,1,5153312,dem=glo30-2021;ecmwf=open-0p25;generator=synthetic-1;gfm=V0M2R2;glofas=4.5;imerg=V07;sentinel1=synthetic,IoU/F1 at thresholds tuned on the validation event
2026-09-27T10:16:45+00:00,2e7b230,model2,historical_frequency,persistence,test,macro,+4d,all,brier,0.0221,0.0218,-0.0166,1,5286018,dem=glo30-2021;ecmwf=open-0p25;generator=synthetic-1;gfm=V0M2R2;glofas=4.5;imerg=V07;sentinel1=synthetic,IoU/F1 at thresholds tuned on the validation event
2026-09-27T10:16:45+00:00,2e7b230,model2,historical_frequency,persistence,test,macro,+4d,all,ece,0.0193,0.0121,-0.6012,1,5286018,dem=glo30-2021;ecmwf=open-0p25;generator=synthetic-1;gfm=V0M2R2;glofas=4.5;imerg=V07;sentinel1=synthetic,IoU/F1 at thresholds tuned on the validation event
2026-09-27T10:16:45+00:00,2e7b230,model2,historical_frequency,persistence,test,macro,+4d,all,f1,0.1694,0.5777,-0.9668,1,5286018,dem=glo30-2021;ecmwf=open-0p25;generator=synthetic-1;gfm=V0M2R2;glofas=4.5;imerg=V07;sentinel1=synthetic,IoU/F1 at thresholds tuned on the validation event
2026-09-27T10:16:45+00:00,2e7b230,model2,historical_frequency,persistence,test,macro,+4d,all,iou,0.0925,0.4062,-0.5282,1,5286018,dem=glo30-2021;ecmwf=open-0p25;generator=synthetic-1;gfm=V0M2R2;glofas=4.5;imerg=V07;sentinel1=synthetic,IoU/F1 at thresholds tuned on the validation event
2026-09-27T10:16:45+00:00,2e7b230,model2,historical_frequency,persistence,test,macro,+4d,all,precision,0.751,0.5671,0.4248,1,5286018,dem=glo30-2021;ecmwf=open-0p25;generator=synthetic-1;gfm=V0M2R2;glofas=4.5;imerg=V07;sentinel1=synthetic,IoU/F1 at thresholds tuned on the validation event
2026-09-27T10:16:45+00:00,2e7b230,model2,historical_frequency,persistence,test,macro,+4d,all,recall,0.0955,0.5887,-1.199,1,5286018,dem=glo30-2021;ecmwf=open-0p25;generator=synthetic-1;gfm=V0M2R2;glofas=4.5;imerg=V07;sentinel1=synthetic,IoU/F1 at thresholds tuned on the validation event
2026-09-27T10:16:45+00:00,2e7b230,model2,historical_frequency,persistence,test,macro,+4d,drained,brier,0.4677,0.4159,-0.1244,1,142342,dem=glo30-2021;ecmwf=open-0p25;generator=synthetic-1;gfm=V0M2R2;glofas=4.5;imerg=V07;sentinel1=synthetic,IoU/F1 at thresholds tuned on the validation event
2026-09-27T10:16:45+00:00,2e7b230,model2,historical_frequency,persistence,test,macro,+4d,drained,ece,0.4669,0.4129,-0.1308,1,142342,dem=glo30-2021;ecmwf=open-0p25;generator=synthetic-1;gfm=V0M2R2;glofas=4.5;imerg=V07;sentinel1=synthetic,IoU/F1 at thresholds tuned on the validation event
2026-09-27T10:16:45+00:00,2e7b230,model2,historical_frequency,persistence,test,macro,+4d,drained,f1,0.6195,0.0,0.6195,1,142342,dem=glo30-2021;ecmwf=open-0p25;generator=synthetic-1;gfm=V0M2R2;glofas=4.5;imerg=V07;sentinel1=synthetic,IoU/F1 at thresholds tuned on the validation event
2026-09-27T10:16:45+00:00,2e7b230,model2,historical_frequency,persistence,test,macro,+4d,drained,iou,0.4488,0.0,0.4488,1,142342,dem=glo30-2021;ecmwf=open-0p25;generator=synthetic-1;gfm=V0M2R2;glofas=4.5;imerg=V07;sentinel1=synthetic,IoU/F1 at thresholds tuned on the validation event
2026-09-27T10:16:45+00:00,2e7b230,model2,historical_frequency,persistence,test,macro,+4d,drained,precision,0.4539,,,1,142342,dem=glo30-2021;ecmwf=open-0p25;generator=synthetic-1;gfm=V0M2R2;glofas=4.5;imerg=V07;sentinel1=synthetic,IoU/F1 at thresholds tuned on the validation event
2026-09-27T10:16:45+00:00,2e7b230,model2,historical_frequency,persistence,test,macro,+4d,drained,recall,0.9755,0.0,0.9755,1,142342,dem=glo30-2021;ecmwf=open-0p25;generator=synthetic-1;gfm=V0M2R2;glofas=4.5;imerg=V07;sentinel1=synthetic,IoU/F1 at thresholds tuned on the validation event
2026-09-27T10:16:45+00:00,2e7b230,model2,historical_frequency,persistence,test,macro,+4d,near_breach,brier,0.2852,0.2801,-0.0184,1,10832,dem=glo30-2021;ecmwf=open-0p25;generator=synthetic-1;gfm=V0M2R2;glofas=4.5;imerg=V07;sentinel1=synthetic,IoU/F1 at thresholds tuned on the validation event
2026-09-27T10:16:45+00:00,2e7b230,model2,historical_frequency,persistence,test,macro,+4d,near_breach,ece,0.2871,0.2756,-0.0415,1,10832,dem=glo30-2021;ecmwf=open-0p25;generator=synthetic-1;gfm=V0M2R2;glofas=4.5;imerg=V07;sentinel1=synthetic,IoU/F1 at thresholds tuned on the validation event
2026-09-27T10:16:45+00:00,2e7b230,model2,historical_frequency,persistence,test,macro,+4d,near_breach,f1,0.0,0.5818,-1.3911,1,10832,dem=glo30-2021;ecmwf=open-0p25;generator=synthetic-1;gfm=V0M2R2;glofas=4.5;imerg=V07;sentinel1=synthetic,IoU/F1 at thresholds tuned on the validation event
2026-09-27T10:16:45+00:00,2e7b230,model2,historical_frequency,persistence,test,macro,+4d,near_breach,iou,0.0,0.4102,-0.6956,1,10832,dem=glo30-2021;ecmwf=open-0p25;generator=synthetic-1;gfm=V0M2R2;glofas=4.5;imerg=V07;sentinel1=synthetic,IoU/F1 at thresholds tuned on the validation event
2026-09-27T10:16:45+00:00,2e7b230,model2,historical_frequency,persistence,test,macro,+4d,near_breach,precision,,0.5053,,0,10832,dem=glo30-2021;ecmwf=open-0p25;generator=synthetic-1;gfm=V0M2R2;glofas=4.5;imerg=V07;sentinel1=synthetic,IoU/F1 at thresholds tuned on the validation event
2026-09-27T10:16:45+00:00,2e7b230,model2,historical_frequency,persistence,test,macro,+4d,near_breach,recall,0.0,0.6855,-2.1798,1,10832,dem=glo30-2021;ecmwf=open-0p25;generator=synthetic-1;gfm=V0M2R2;glofas=4.5;imerg=V07;sentinel1=synthetic,IoU/F1 at thresholds tuned on the validation event
2026-09-27T10:16:45+00:00,2e7b230,model2,historical_frequency,persistence,test,macro,+4d,newly_flooded,brier,0.0098,0.0108,0.0978,1,5143676,dem=glo30-2021;ecmwf=open-0p25;generator=synthetic-1;gfm=V0M2R2;glofas=4.5;imerg=V07;sentinel1=synthetic,IoU/F1 at thresholds tuned on the validation event
2026-09-27T10:16:45+00:00,2e7b230,model2,historical_frequency,persistence,test,macro,+4d,newly_flooded,ece,0.0072,0.001,-6.4608,1,5143676,dem=glo30-2021;ecmwf=open-0p25;generator=synthetic-1;gfm=V0M2R2;glofas=4.5;imerg=V07;sentinel1=synthetic,IoU/F1 at thresholds tuned on the validation event
2026-09-27T10:16:45+00:00,2e7b230,model2,historical_frequency,persistence,test,macro,+4d,newly_flooded,f1,0.1461,0.0,0.1461,1,5143676,dem=glo30-2021;ecmwf=open-0p25;generator=synthetic-1;gfm=V0M2R2;glofas=4.5;imerg=V07;sentinel1=synthetic,IoU/F1 at thresholds tuned on the validation event
2026-09-27T10:16:45+00:00,2e7b230,model2,historical_frequency,persistence,test,macro,+4d,newly_flooded,iou,0.0788,0.0,0.0788,1,5143676,dem=glo30-2021;ecmwf=open-0p25;generator=synthetic-1;gfm=V0M2R2;glofas=4.5;imerg=V07;sentinel1=synthetic,IoU/F1 at thresholds tuned on the validation event
2026-09-27T10:16:45+00:00,2e7b230,model2,historical_frequency,persistence,test,macro,+4d,newly_flooded,precision,0.6227,,,1,5143676,dem=glo30-2021;ecmwf=open-0p25;generator=synthetic-1;gfm=V0M2R2;glofas=4.5;imerg=V07;sentinel1=synthetic,IoU/F1 at thresholds tuned on the validation event
2026-09-27T10:16:45+00:00,2e7b230,model2,historical_frequency,persistence,test,macro,+4d,newly_flooded,recall,0.0828,0.0,0.0828,1,5143676,dem=glo30-2021;ecmwf=open-0p25;generator=synthetic-1;gfm=V0M2R2;glofas=4.5;imerg=V07;sentinel1=synthetic,IoU/F1 at thresholds tuned on the validation event
2026-09-27T10:16:45+00:00,2e7b230,model2,historical_frequency,persistence,test,macro,+5d,all,brier,0.0223,0.0273,0.1833,1,5286018,dem=glo30-2021;ecmwf=open-0p25;generator=synthetic-1;gfm=V0M2R2;glofas=4.5;imerg=V07;sentinel1=synthetic,IoU/F1 at thresholds tuned on the validation event
2026-09-27T10:16:45+00:00,2e7b230,model2,historical_frequency,persistence,test,macro,+5d,all,ece,0.019,0.0178,-0.0697,1,5286018,dem=glo30-2021;ecmwf=open-0p25;generator=synthetic-1;gfm=V0M2R2;glofas=4.5;imerg=V07;sentinel1=synthetic,IoU/F1 at thresholds tuned on the validation event
2026-09-27T10:16:45+00:00,2e7b230,model2,historical_frequency,persistence,test,macro,+5d,all,f1,0.1745,0.4659,-0.5456,1,5286018,dem=glo30-2021;ecmwf=open-0p25;generator=synthetic-1;gfm=V0M2R2;glofas=4.5;imerg=V07;sentinel1=synthetic,IoU/F1 at thresholds tuned on the validation event
2026-09-27T10:16:45+00:00,2e7b230,model2,historical_frequency,persistence,test,macro,+5d,all,iou,0.0956,0.3037,-0.2989,1,5286018,dem=glo30-2021;ecmwf=open-0p25;generator=synthetic-1;gfm=V0M2R2;glofas=4.5;imerg=V07;sentinel1=synthetic,IoU/F1 at thresholds tuned on the validation event
2026-09-27T10:16:45+00:00,2e7b230,model2,historical_frequency,persistence,test,macro,+5d,all,precision,0.6914,0.4608,0.4278,1,5286018,dem=glo30-2021;ecmwf=open-0p25;generator=synthetic-1;gfm=V0M2R2;glofas=4.5;imerg=V07;sentinel1=synthetic,IoU/F1 at thresholds tuned on the validation event
2026-09-27T10:16:45+00:00,2e7b230,model2,historical_frequency,persistence,test,macro,+5d,all,recall,0.0999,0.4712,-0.7022,1,5286018,dem=glo30-2021;ecmwf=open-0p25;generator=synthetic-1;gfm=V0M2R2;glofas=4.5;imerg=V07;sentinel1=synthetic,IoU/F1 at thresholds tuned on the validation event
2026-09-27T10:16:45+00:00,2e7b230,model2,historical_frequency,persistence,test,macro,+5d,drained,brier,0.3923,0.5181,0.2427,1,140243,dem=glo30-2021;ecmwf=open-0p25;generator=synthetic-1;gfm=V0M2R2;glofas=4.5;imerg=V07;sentinel1=synthetic,IoU/F1 at thresholds tuned on the validation event
2026-09-27T10:16:45+00:00,2e7b230,model2,historical_frequency,persistence,test,macro,+5d,drained,ece,0.3699,0.5192,0.2875,1,140243,dem=glo30-2021;ecmwf=open-0p25;generator=synthetic-1;gfm=V0M2R2;glofas=4.5;imerg=V07;sentinel1=synthetic,IoU/F1 at thresholds tuned on the validation event
2026-09-27T10:16:45+00:00,2e7b230,model2,historical_frequency,persistence,test,macro,+5d,drained,f1,0.7097,0.0,0.7097,1,140243,dem=glo30-2021;ecmwf=open-0p25;generator=synthetic-1;gfm=V0M2R2;glofas=4.5;imerg=V07;sentinel1=synthetic,IoU/F1 at thresholds tuned on the validation event
2026-09-27T10:16:45+00:00,2e7b230,model2,historical_frequency,persistence,test,macro,+5d,drained,iou,0.55,0.0,0.55,1,140243,dem=glo30-2021;ecmwf=open-0p25;generator=synthetic-1;gfm=V0M2R2;glofas=4.5;imerg=V07;sentinel1=synthetic,IoU/F1 at thresholds tuned on the validation event
2026-09-27T10:16:45+00:00,2e7b230,model2,historical_frequency,persistence,test,macro,+5d,drained,precision,0.5606,,,1,140243,dem=glo30-2021;ecmwf=open-0p25;generator=synthetic-1;gfm=V0M2R2;glofas=4.5;imerg=V07;sentinel1=synthetic,IoU/F1 at thresholds tuned on the validation event
2026-09-27T10:16:45+00:00,2e7b230,model2,historical_frequency,persistence,test,macro,+5d,drained,recall,0.967,0.0,0.967,1,140243,dem=glo30-2021;ecmwf=open-0p25;generator=synthetic-1;gfm=V0M2R2;glofas=4.5;imerg=V07;sentinel1=synthetic,IoU/F1 at thresholds tuned on the validation event
2026-09-27T10:16:45+00:00,2e7b230,model2,historical_frequency,persistence,test,macro,+5d,near_breach,brier,0.2288,0.3029,0.2447,1,8101,dem=glo30-2021;ecmwf=open-0p25;generator=synthetic-1;gfm=V0M2R2;glofas=4.5;imerg=V07;sentinel1=synthetic,IoU/F1 at thresholds tuned on the validation event
2026-09-27T10:16:45+00:00,2e7b230,model2,historical_frequency,persistence,test,macro,+5d,near_breach,ece,0.2312,0.2997,0.2286,1,8101,dem=glo30-2021;ecmwf=open-0p25;generator=synthetic-1;gfm=V0M2R2;glofas=4.5;imerg=V07;sentinel1=synthetic,IoU/F1 at thresholds tuned on the validation event
2026-09-27T10:16:45+00:00,2e7b230,model2,historical_frequency,persistence,test,macro,+5d,near_breach,f1,0.0,0.5979,-1.4869,1,8101,dem=glo30-2021;ecmwf=open-0p25;generator=synthetic-1;gfm=V0M2R2;glofas=4.5;imerg=V07;sentinel1=synthetic,IoU/F1 at thresholds tuned on the validation event
2026-09-27T10:16:45+00:00,2e7b230,model2,historical_frequency,persistence,test,macro,+5d,near_breach,iou,0.0,0.4264,-0.7434,1,8101,dem=glo30-2021;ecmwf=open-0p25;generator=synthetic-1;gfm=V0M2R2;glofas=4.5;imerg=V07;sentinel1=synthetic,IoU/F1 at thresholds tuned on the validation event
2026-09-27T10:16:45+00:00,2e7b230,model2,historical_frequency,persistence,test,macro,+5d,near_breach,precision,,0.4305,,0,8101,dem=glo30-2021;ecmwf=open-0p25;generator=synthetic-1;gfm=V0M2R2;glofas=4.5;imerg=V07;sentinel1=synthetic,IoU/F1 at thresholds tuned on the validation event
2026-09-27T10:16:45+00:00,2e7b230,model2,historical_frequency,persistence,test,macro,+5d,near_breach,recall,0.0,0.9784,-45.1905,1,8101,dem=glo30-2021;ecmwf=open-0p25;generator=synthetic-1;gfm=V0M2R2;glofas=4.5;imerg=V07;sentinel1=synthetic,IoU/F1 at thresholds tuned on the validation event
2026-09-27T10:16:45+00:00,2e7b230,model2,historical_frequency,persistence,test,macro,+5d,newly_flooded,brier,0.0122,0.0139,0.1229,1,5145775,dem=glo30-2021;ecmwf=open-0p25;generator=synthetic-1;gfm=V0M2R2;glofas=4.5;imerg=V07;sentinel1=synthetic,IoU/F1 at thresholds tuned on the validation event
2026-09-27T10:16:45+00:00,2e7b230,model2,historical_frequency,persistence,test,macro,+5d,newly_flooded,ece,0.0094,0.0041,-1.305,1,5145775,dem=glo30-2021;ecmwf=open-0p25;generator=synthetic-1;gfm=V0M2R2;glofas=4.5;imerg=V07;sentinel1=synthetic,IoU/F1 at thresholds tuned on the validation event
2026-09-27T10:16:45+00:00,2e7b230,model2,historical_frequency,persistence,test,macro,+5d,newly_flooded,f1,0.1552,0.0,0.1552,1,5145775,dem=glo30-2021;ecmwf=open-0p25;generator=synthetic-1;gfm=V0M2R2;glofas=4.5;imerg=V07;sentinel1=synthetic,IoU/F1 at thresholds tuned on the validation event
2026-09-27T10:16:45+00:00,2e7b230,model2,historical_frequency,persistence,test,macro,+5d,newly_flooded,iou,0.0841,0.0,0.0841,1,5145775,dem=glo30-2021;ecmwf=open-0p25;generator=synthetic-1;gfm=V0M2R2;glofas=4.5;imerg=V07;sentinel1=synthetic,IoU/F1 at thresholds tuned on the validation event
2026-09-27T10:16:45+00:00,2e7b230,model2,historical_frequency,persistence,test,macro,+5d,newly_flooded,precision,0.6391,,,1,5145775,dem=glo30-2021;ecmwf=open-0p25;generator=synthetic-1;gfm=V0M2R2;glofas=4.5;imerg=V07;sentinel1=synthetic,IoU/F1 at thresholds tuned on the validation event
2026-09-27T10:16:45+00:00,2e7b230,model2,historical_frequency,persistence,test,macro,+5d,newly_flooded,recall,0.0883,0.0,0.0883,1,5145775,dem=glo30-2021;ecmwf=open-0p25;generator=synthetic-1;gfm=V0M2R2;glofas=4.5;imerg=V07;sentinel1=synthetic,IoU/F1 at thresholds tuned on the validation event
2026-09-27T10:16:45+00:00,2e7b230,model2,historical_frequency,persistence,test,macro,+6d,all,brier,0.0224,0.0284,0.2122,1,5286018,dem=glo30-2021;ecmwf=open-0p25;generator=synthetic-1;gfm=V0M2R2;glofas=4.5;imerg=V07;sentinel1=synthetic,IoU/F1 at thresholds tuned on the validation event
2026-09-27T10:16:45+00:00,2e7b230,model2,historical_frequency,persistence,test,macro,+6d,all,ece,0.0196,0.0189,-0.0358,1,5286018,dem=glo30-2021;ecmwf=open-0p25;generator=synthetic-1;gfm=V0M2R2;glofas=4.5;imerg=V07;sentinel1=synthetic,IoU/F1 at thresholds tuned on the validation event
2026-09-27T10:16:45+00:00,2e7b230,model2,historical_frequency,persistence,test,macro,+6d,all,f1,0.1662,0.4566,-0.5343,1,5286018,dem=glo30-2021;ecmwf=open-0p25;generator=synthetic-1;gfm=V0M2R2;glofas=4.5;imerg=V07;sentinel1=synthetic,IoU/F1 at thresholds tuned on the validation event
2026-09-27T10:16:45+00:00,2e7b230,model2,historical_frequency,persistence,test,macro,+6d,all,iou,0.0906,0.2958,-0.2913,1,5286018,dem=glo30-2021;ecmwf=open-0p25;generator=synthetic-1;gfm=V0M2R2;glofas=4.5;imerg=V07;sentinel1=synthetic,IoU/F1 at thresholds tuned on the validation event
2026-09-27T10:16:45+00:00,2e7b230,model2,historical_frequency,persistence,test,macro,+6d,all,precision,0.7472,0.441,0.5477,1,5286018,dem=glo30-2021;ecmwf=open-0p25;generator=synthetic-1;gfm=V0M2R2;glofas=4.5;imerg=V07;sentinel1=synthetic,IoU/F1 at thresholds tuned on the validation event
2026-09-27T10:16:45+00:00,2e7b230,model2,historical_frequency,persistence,test,macro,+6d,all,recall,0.0935,0.4732,-0.7208,1,5286018,dem=glo30-2021;ecmwf=open-0p25;generator=synthetic-1;gfm=V0M2R2;glofas=4.5;imerg=V07;sentinel1=synthetic,IoU/F1 at thresholds tuned on the validation event
2026-09-27T10:16:45+00:00,2e7b230,model2,historical_frequency,persistence,test,macro,+6d,drained,brier,0.3826,0.537,0.2874,1,147146,dem=glo30-2021;ecmwf=open-0p25;generator=synthetic-1;gfm=V0M2R2;glofas=4.5;imerg=V07;sentinel1=synthetic,IoU/F1 at thresholds tuned on the validation event
2026-09-27T10:16:45+00:00,2e7b230,model2,historical_frequency,persistence,test,macro,+6d,drained,ece,0.3549,0.539,0.3414,1,147146,dem=glo30-2021;ecmwf=open-0p25;generator=synthetic-1;gfm=V0M2R2;glofas=4.5;imerg=V07;sentinel1=synthetic,IoU/F1 at thresholds tuned on the validation event
2026-09-27T10:16:45+00:00,2e7b230,model2,historical_frequency,persistence,test,macro,+6d,drained,f1,0.7277,0.0,0.7277,1,147146,dem=glo30-2021;ecmwf=open-0p25;generator=synthetic-1;gfm=V0M2R2;glofas=4.5;imerg=V07;sentinel1=synthetic,IoU/F1 at thresholds tuned on the validation event
2026-09-27T10:16:45+00:00,2e7b230,model2,historical_frequency,persistence,test,macro,+6d,drained,iou,0.5719,0.0,0.5719,1,147146,dem=glo30-2021;ecmwf=open-0p25;generator=synthetic-1;gfm=V0M2R2;glofas=4.5;imerg=V07;sentinel1=synthetic,IoU/F1 at thresholds tuned on the validation event
2026-09-27T10:16:45+00:00,2e7b230,model2,historical_frequency,persistence,test,macro,+6d,drained,precision,0.582,,,1,147146,dem=glo30-2021;ecmwf=open-0p25;generator=synthetic-1;gfm=V0M2R2;glofas=4.5;imerg=V07;sentinel1=synthetic,IoU/F1 at thresholds tuned on the validation event
2026-09-27T10:16:45+00:00,2e7b230,model2,historical_frequency,persistence,test,macro,+6d,drained,recall,0.9706,0.0,0.9706,1,147146,dem=glo30-2021;ecmwf=open-0p25;generator=synthetic-1;gfm=V0M2R2;glofas=4.5;imerg=V07;sentinel1=synthetic,IoU/F1 at thresholds tuned on the validation event
2026-09-27T10:16:45+00:00,2e7b230,model2,historical_frequency,persistence,test,macro,+6d,near_breach,brier,0.2071,0.3748,0.4474,1,10706,dem=glo30-2021;ecmwf=open-0p25;generator=synthetic-1;gfm=V0M2R2;glofas=4.5;imerg=V07;sentinel1=synthetic,IoU/F1 at thresholds tuned on the validation event
2026-09-27T10:16:45+00:00,2e7b230,model2,historical_frequency,persistence,test,macro,+6d,near_breach,ece,0.2089,0.3741,0.4417,1,10706,dem=glo30-2021;ecmwf=open-0p25;generator=synthetic-1;gfm=V0M2R2;glofas=4.5;imerg=V07;sentinel1=synthetic,IoU/F1 at thresholds tuned on the validation event
2026-09-27T10:16:45+00:00,2e7b230,model2,historical_frequency,persistence,test,macro,+6d,near_breach,f1,0.0636,0.5145,-0.9289,1,10706,dem=glo30-2021;ecmwf=open-0p25;generator=synthetic-1;gfm=V0M2R2;glofas=4.5;imerg=V07;sentinel1=synthetic,IoU/F1 at thresholds tuned on the validation event
2026-09-27T10:16:45+00:00,2e7b230,model2,historical_frequency,persistence,test,macro,+6d,near_breach,iou,0.0328,0.3464,-0.4797,1,10706,dem=glo30-2021;ecmwf=open-0p25;generator=synthetic-1;gfm=V0M2R2;glofas=4.5;imerg=V07;sentinel1=synthetic,IoU/F1 at thresholds tuned on the validation event
2026-09-27T10:16:45+00:00,2e7b230,model2,historical_frequency,persistence,test,macro,+6d,near_breach,precision,0.8333,0.3494,0.7438,1,10706,dem=glo30-2021;ecmwf=open-0p25;generator=synthetic-1;gfm=V0M2R2;glofas=4.5;imerg=V07;sentinel1=synthetic,IoU/F1 at thresholds tuned on the validation event
2026-09-27T10:16:45+00:00,2e7b230,model2,historical_frequency,persistence,test,macro,+6d,near_breach,recall,0.0331,0.9753,-38.1786,1,10706,dem=glo30-2021;ecmwf=open-0p25;generator=synthetic-1;gfm=V0M2R2;glofas=4.5;imerg=V07;sentinel1=synthetic,IoU/F1 at thresholds tuned on the validation event
2026-09-27T10:16:45+00:00,2e7b230,model2,historical_frequency,persistence,test,macro,+6d,newly_flooded,brier,0.0121,0.0139,0.1289,1,5138872,dem=glo30-2021;ecmwf=open-0p25;generator=synthetic-1;gfm=V0M2R2;glofas=4.5;imerg=V07;sentinel1=synthetic,IoU/F1 at thresholds tuned on the validation event
2026-09-27T10:16:45+00:00,2e7b230,model2,historical_frequency,persistence,test,macro,+6d,newly_flooded,ece,0.01,0.0041,-1.4711,1,5138872,dem=glo30-2021;ecmwf=open-0p25;generator=synthetic-1;gfm=V0M2R2;glofas=4.5;imerg=V07;sentinel1=synthetic,IoU/F1 at thresholds tuned on the validation event
2026-09-27T10:16:45+00:00,2e7b230,model2,historical_frequency,persistence,test,macro,+6d,newly_flooded,f1,0.1325,0.0,0.1325,1,5138872,dem=glo30-2021;ecmwf=open-0p25;generator=synthetic-1;gfm=V0M2R2;glofas=4.5;imerg=V07;sentinel1=synthetic,IoU/F1 at thresholds tuned on the validation event
2026-09-27T10:16:45+00:00,2e7b230,model2,historical_frequency,persistence,test,macro,+6d,newly_flooded,iou,0.071,0.0,0.071,1,5138872,dem=glo30-2021;ecmwf=open-0p25;generator=synthetic-1;gfm=V0M2R2;glofas=4.5;imerg=V07;sentinel1=synthetic,IoU/F1 at thresholds tuned on the validation event
2026-09-27T10:16:45+00:00,2e7b230,model2,historical_frequency,persistence,test,macro,+6d,newly_flooded,precision,0.7324,,,1,5138872,dem=glo30-2021;ecmwf=open-0p25;generator=synthetic-1;gfm=V0M2R2;glofas=4.5;imerg=V07;sentinel1=synthetic,IoU/F1 at thresholds tuned on the validation event
2026-09-27T10:16:45+00:00,2e7b230,model2,historical_frequency,persistence,test,macro,+6d,newly_flooded,recall,0.0729,0.0,0.0729,1,5138872,dem=glo30-2021;ecmwf=open-0p25;generator=synthetic-1;gfm=V0M2R2;glofas=4.5;imerg=V07;sentinel1=synthetic,IoU/F1 at thresholds tuned on the validation event
2026-09-27T10:16:45+00:00,2e7b230,model2,historical_frequency,persistence,test,macro,+7d,all,brier,0.0221,0.0291,0.241,1,5286018,dem=glo30-2021;ecmwf=open-0p25;generator=synthetic-1;gfm=V0M2R2;glofas=4.5;imerg=V07;sentinel1=synthetic,IoU/F1 at thresholds tuned on the validation event
2026-09-27T10:16:45+00:00,2e7b230,model2,historical_frequency,persistence,test,macro,+7d,all,ece,0.0191,0.0197,0.0286,1,5286018,dem=glo30-2021;ecmwf=open-0p25;generator=synthetic-1;gfm=V0M2R2;glofas=4.5;imerg=V07;sentinel1=synthetic,IoU/F1 at thresholds tuned on the validation event
2026-09-27T10:16:45+00:00,2e7b230,model2,historical_frequency,persistence,test,macro,+7d,all,f1,0.1731,0.4247,-0.4373,1,5286018,dem=glo30-2021;ecmwf=open-0p25;generator=synthetic-1;gfm=V0M2R2;glofas=4.5;imerg=V07;sentinel1=synthetic,IoU/F1 at thresholds tuned on the validation event
2026-09-27T10:16:45+00:00,2e7b230,model2,historical_frequency,persistence,test,macro,+7d,all,iou,0.0947,0.2696,-0.2394,1,5286018,dem=glo30-2021;ecmwf=open-0p25;generator=synthetic-1;gfm=V0M2R2;glofas=4.5;imerg=V07;sentinel1=synthetic,IoU/F1 at thresholds tuned on the validation event
2026-09-27T10:16:45+00:00,2e7b230,model2,historical_frequency,persistence,test,macro,+7d,all,precision,0.7275,0.4235,0.5273,1,5286018,dem=glo30-2021;ecmwf=open-0p25;generator=synthetic-1;gfm=V0M2R2;glofas=4.5;imerg=V07;sentinel1=synthetic,IoU/F1 at thresholds tuned on the validation event
2026-09-27T10:16:45+00:00,2e7b230,model2,historical_frequency,persistence,test,macro,+7d,all,recall,0.0982,0.4258,-0.5705,1,5286018,dem=glo30-2021;ecmwf=open-0p25;generator=synthetic-1;gfm=V0M2R2;glofas=4.5;imerg=V07;sentinel1=synthetic,IoU/F1 at thresholds tuned on the validation event
2026-09-27T10:16:45+00:00,2e7b230,model2,historical_frequency,persistence,test,macro,+7d,drained,brier,0.3548,0.5538,0.3594,1,137866,dem=glo30-2021;ecmwf=open-0p25;generator=synthetic-1;gfm=V0M2R2;glofas=4.5;imerg=V07;sentinel1=synthetic,IoU/F1 at thresholds tuned on the validation event
2026-09-27T10:16:45+00:00,2e7b230,model2,historical_frequency,persistence,test,macro,+7d,drained,ece,0.3383,0.5565,0.392,1,137866,dem=glo30-2021;ecmwf=open-0p25;generator=synthetic-1;gfm=V0M2R2;glofas=4.5;imerg=V07;sentinel1=synthetic,IoU/F1 at thresholds tuned on the validation event
2026-09-27T10:16:45+00:00,2e7b230,model2,historical_frequency,persistence,test,macro,+7d,drained,f1,0.7464,0.0,0.7464,1,137866,dem=glo30-2021;ecmwf=open-0p25;generator=synthetic-1;gfm=V0M2R2;glofas=4.5;imerg=V07;sentinel1=synthetic,IoU/F1 at thresholds tuned on the validation event
2026-09-27T10:16:45+00:00,2e7b230,model2,historical_frequency,persistence,test,macro,+7d,drained,iou,0.5954,0.0,0.5954,1,137866,dem=glo30-2021;ecmwf=open-0p25;generator=synthetic-1;gfm=V0M2R2;glofas=4.5;imerg=V07;sentinel1=synthetic,IoU/F1 at thresholds tuned on the validation event
2026-09-27T10:16:45+00:00,2e7b230,model2,historical_frequency,persistence,test,macro,+7d,drained,precision,0.6018,,,1,137866,dem=glo30-2021;ecmwf=open-0p25;generator=synthetic-1;gfm=V0M2R2;glofas=4.5;imerg=V07;sentinel1=synthetic,IoU/F1 at thresholds tuned on the validation event
2026-09-27T10:16:45+00:00,2e7b230,model2,historical_frequency,persistence,test,macro,+7d,drained,recall,0.9825,0.0,0.9825,1,137866,dem=glo30-2021;ecmwf=open-0p25;generator=synthetic-1;gfm=V0M2R2;glofas=4.5;imerg=V07;sentinel1=synthetic,IoU/F1 at thresholds tuned on the validation event
2026-09-27T10:16:45+00:00,2e7b230,model2,historical_frequency,persistence,test,macro,+7d,near_breach,brier,0.1594,0.3523,0.5475,1,13437,dem=glo30-2021;ecmwf=open-0p25;generator=synthetic-1;gfm=V0M2R2;glofas=4.5;imerg=V07;sentinel1=synthetic,IoU/F1 at thresholds tuned on the validation event
2026-09-27T10:16:45+00:00,2e7b230,model2,historical_frequency,persistence,test,macro,+7d,near_breach,ece,0.1561,0.3516,0.5562,1,13437,dem=glo30-2021;ecmwf=open-0p25;generator=synthetic-1;gfm=V0M2R2;glofas=4.5;imerg=V07;sentinel1=synthetic,IoU/F1 at thresholds tuned on the validation event
2026-09-27T10:16:45+00:00,2e7b230,model2,historical_frequency,persistence,test,macro,+7d,near_breach,f1,0.1124,0.4853,-0.7243,1,13437,dem=glo30-2021;ecmwf=open-0p25;generator=synthetic-1;gfm=V0M2R2;glofas=4.5;imerg=V07;sentinel1=synthetic,IoU/F1 at thresholds tuned on the validation event
2026-09-27T10:16:45+00:00,2e7b230,model2,historical_frequency,persistence,test,macro,+7d,near_breach,iou,0.0596,0.3204,-0.3837,1,13437,dem=glo30-2021;ecmwf=open-0p25;generator=synthetic-1;gfm=V0M2R2;glofas=4.5;imerg=V07;sentinel1=synthetic,IoU/F1 at thresholds tuned on the validation event
2026-09-27T10:16:45+00:00,2e7b230,model2,historical_frequency,persistence,test,macro,+7d,near_breach,precision,0.8827,0.323,0.8267,1,13437,dem=glo30-2021;ecmwf=open-0p25;generator=synthetic-1;gfm=V0M2R2;glofas=4.5;imerg=V07;sentinel1=synthetic,IoU/F1 at thresholds tuned on the validation event
2026-09-27T10:16:45+00:00,2e7b230,model2,historical_frequency,persistence,test,macro,+7d,near_breach,recall,0.06,0.9748,-36.3167,1,13437,dem=glo30-2021;ecmwf=open-0p25;generator=synthetic-1;gfm=V0M2R2;glofas=4.5;imerg=V07;sentinel1=synthetic,IoU/F1 at thresholds tuned on the validation event
2026-09-27T10:16:45+00:00,2e7b230,model2,historical_frequency,persistence,test,macro,+7d,newly_flooded,brier,0.0132,0.0151,0.1247,1,5148152,dem=glo30-2021;ecmwf=open-0p25;generator=synthetic-1;gfm=V0M2R2;glofas=4.5;imerg=V07;sentinel1=synthetic,IoU/F1 at thresholds tuned on the validation event
2026-09-27T10:16:45+00:00,2e7b230,model2,historical_frequency,persistence,test,macro,+7d,newly_flooded,ece,0.0106,0.0053,-1.0013,1,5148152,dem=glo30-2021;ecmwf=open-0p25;generator=synthetic-1;gfm=V0M2R2;glofas=4.5;imerg=V07;sentinel1=synthetic,IoU/F1 at thresholds tuned on the validation event
2026-09-27T10:16:45+00:00,2e7b230,model2,historical_frequency,persistence,test,macro,+7d,newly_flooded,f1,0.1512,0.0,0.1512,1,5148152,dem=glo30-2021;ecmwf=open-0p25;generator=synthetic-1;gfm=V0M2R2;glofas=4.5;imerg=V07;sentinel1=synthetic,IoU/F1 at thresholds tuned on the validation event
2026-09-27T10:16:45+00:00,2e7b230,model2,historical_frequency,persistence,test,macro,+7d,newly_flooded,iou,0.0818,0.0,0.0818,1,5148152,dem=glo30-2021;ecmwf=open-0p25;generator=synthetic-1;gfm=V0M2R2;glofas=4.5;imerg=V07;sentinel1=synthetic,IoU/F1 at thresholds tuned on the validation event
2026-09-27T10:16:45+00:00,2e7b230,model2,historical_frequency,persistence,test,macro,+7d,newly_flooded,precision,0.6484,,,1,5148152,dem=glo30-2021;ecmwf=open-0p25;generator=synthetic-1;gfm=V0M2R2;glofas=4.5;imerg=V07;sentinel1=synthetic,IoU/F1 at thresholds tuned on the validation event
2026-09-27T10:16:45+00:00,2e7b230,model2,historical_frequency,persistence,test,macro,+7d,newly_flooded,recall,0.0856,0.0,0.0856,1,5148152,dem=glo30-2021;ecmwf=open-0p25;generator=synthetic-1;gfm=V0M2R2;glofas=4.5;imerg=V07;sentinel1=synthetic,IoU/F1 at thresholds tuned on the validation event
2026-09-27T10:16:45+00:00,2e7b230,model2,river_threshold,persistence,test,macro,+1d,all,brier,0.021,0.0159,-0.3217,1,7905002,dem=glo30-2021;ecmwf=open-0p25;generator=synthetic-1;gfm=V0M2R2;glofas=4.5;imerg=V07;sentinel1=synthetic,IoU/F1 at thresholds tuned on the validation event
2026-09-27T10:16:45+00:00,2e7b230,model2,river_threshold,persistence,test,macro,+1d,all,ece,0.0182,0.0092,-0.9868,1,7905002,dem=glo30-2021;ecmwf=open-0p25;generator=synthetic-1;gfm=V0M2R2;glofas=4.5;imerg=V07;sentinel1=synthetic,IoU/F1 at thresholds tuned on the validation event
2026-09-27T10:16:45+00:00,2e7b230,model2,river_threshold,persistence,test,macro,+1d,all,f1,0.3352,0.6836,-1.1015,1,7905002,dem=glo30-2021;ecmwf=open-0p25;generator=synthetic-1;gfm=V0M2R2;glofas=4.5;imerg=V07;sentinel1=synthetic,IoU/F1 at thresholds tuned on the validation event
2026-09-27T10:16:45+00:00,2e7b230,model2,river_threshold,persistence,test,macro,+1d,all,iou,0.2013,0.5193,-0.6616,1,7905002,dem=glo30-2021;ecmwf=open-0p25;generator=synthetic-1;gfm=V0M2R2;glofas=4.5;imerg=V07;sentinel1=synthetic,IoU/F1 at thresholds tuned on the validation event
2026-09-27T10:16:45+00:00,2e7b230,model2,river_threshold,persistence,test,macro,+1d,all,precision,0.7274,0.6844,0.1364,1,7905002,dem=glo30-2021;ecmwf=open-0p25;generator=synthetic-1;gfm=V0M2R2;glofas=4.5;imerg=V07;sentinel1=synthetic,IoU/F1 at thresholds tuned on the validation event
2026-09-27T10:16:45+00:00,2e7b230,model2,river_threshold,persistence,test,macro,+1d,all,recall,0.2178,0.6829,-1.4668,1,7905002,dem=glo30-2021;ecmwf=open-0p25;generator=synthetic-1;gfm=V0M2R2;glofas=4.5;imerg=V07;sentinel1=synthetic,IoU/F1 at thresholds tuned on the validation event
2026-09-27T10:16:45+00:00,2e7b230,model2,river_threshold,persistence,test,macro,+1d,drained,brier,0.5326,0.3034,-0.7555,1,202742,dem=glo30-2021;ecmwf=open-0p25;generator=synthetic-1;gfm=V0M2R2;glofas=4.5;imerg=V07;sentinel1=synthetic,IoU/F1 at thresholds tuned on the validation event
2026-09-27T10:16:45+00:00,2e7b230,model2,river_threshold,persistence,test,macro,+1d,drained,ece,0.534,0.2956,-0.8063,1,202742,dem=glo30-2021;ecmwf=open-0p25;generator=synthetic-1;gfm=V0M2R2;glofas=4.5;imerg=V07;sentinel1=synthetic,IoU/F1 at thresholds tuned on the validation event
2026-09-27T10:16:45+00:00,2e7b230,model2,river_threshold,persistence,test,macro,+1d,drained,f1,0.5187,0.0,0.5187,1,202742,dem=glo30-2021;ecmwf=open-0p25;generator=synthetic-1;gfm=V0M2R2;glofas=4.5;imerg=V07;sentinel1=synthetic,IoU/F1 at thresholds tuned on the validation event
2026-09-27T10:16:45+00:00,2e7b230,model2,river_threshold,persistence,test,macro,+1d,drained,iou,0.3502,0.0,0.3502,1,202742,dem=glo30-2021;ecmwf=open-0p25;generator=synthetic-1;gfm=V0M2R2;glofas=4.5;imerg=V07;sentinel1=synthetic,IoU/F1 at thresholds tuned on the validation event
2026-09-27T10:16:45+00:00,2e7b230,model2,river_threshold,persistence,test,macro,+1d,drained,precision,0.357,,,1,202742,dem=glo30-2021;ecmwf=open-0p25;generator=synthetic-1;gfm=V0M2R2;glofas=4.5;imerg=V07;sentinel1=synthetic,IoU/F1 at thresholds tuned on the validation event
2026-09-27T10:16:45+00:00,2e7b230,model2,river_threshold,persistence,test,macro,+1d,drained,recall,0.9488,0.0,0.9488,1,202742,dem=glo30-2021;ecmwf=open-0p25;generator=synthetic-1;gfm=V0M2R2;glofas=4.5;imerg=V07;sentinel1=synthetic,IoU/F1 at thresholds tuned on the validation event
2026-09-27T10:16:45+00:00,2e7b230,model2,river_threshold,persistence,test,macro,+1d,near_breach,brier,0.3326,0.1749,-0.901,1,16202,dem=glo30-2021;ecmwf=open-0p25;generator=synthetic-1;gfm=V0M2R2;glofas=4.5;imerg=V07;sentinel1=synthetic,IoU/F1 at thresholds tuned on the validation event
2026-09-27T10:16:45+00:00,2e7b230,model2,river_threshold,persistence,test,macro,+1d,near_breach,ece,0.3497,0.1652,-1.1173,1,16202,dem=glo30-2021;ecmwf=open-0p25;generator=synthetic-1;gfm=V0M2R2;glofas=4.5;imerg=V07;sentinel1=synthetic,IoU/F1 at thresholds tuned on the validation event
2026-09-27T10:16:45+00:00,2e7b230,model2,river_threshold,persistence,test,macro,+1d,near_breach,f1,0.4844,0.7931,-1.4924,1,16202,dem=glo30-2021;ecmwf=open-0p25;generator=synthetic-1;gfm=V0M2R2;glofas=4.5;imerg=V07;sentinel1=synthetic,IoU/F1 at thresholds tuned on the validation event
2026-09-27T10:16:45+00:00,2e7b230,model2,river_threshold,persistence,test,macro,+1d,near_breach,iou,0.3196,0.6572,-0.9847,1,16202,dem=glo30-2021;ecmwf=open-0p25;generator=synthetic-1;gfm=V0M2R2;glofas=4.5;imerg=V07;sentinel1=synthetic,IoU/F1 at thresholds tuned on the validation event
2026-09-27T10:16:45+00:00,2e7b230,model2,river_threshold,persistence,test,macro,+1d,near_breach,precision,0.9816,0.9175,0.7769,1,16202,dem=glo30-2021;ecmwf=open-0p25;generator=synthetic-1;gfm=V0M2R2;glofas=4.5;imerg=V07;sentinel1=synthetic,IoU/F1 at thresholds tuned on the validation event
2026-09-27T10:16:45+00:00,2e7b230,model2,river_threshold,persistence,test,macro,+1d,near_breach,recall,0.3215,0.6985,-1.2501,1,16202,dem=glo30-2021;ecmwf=open-0p25;generator=synthetic-1;gfm=V0M2R2;glofas=4.5;imerg=V07;sentinel1=synthetic,IoU/F1 at thresholds tuned on the validation event
2026-09-27T10:16:45+00:00,2e7b230,model2,river_threshold,persistence,test,macro,+1d,newly_flooded,brier,0.0075,0.0083,0.0958,1,7702260,dem=glo30-2021;ecmwf=open-0p25;generator=synthetic-1;gfm=V0M2R2;glofas=4.5;imerg=V07;sentinel1=synthetic,IoU/F1 at thresholds tuned on the validation event
2026-09-27T10:16:45+00:00,2e7b230,model2,river_threshold,persistence,test,macro,+1d,newly_flooded,ece,0.0055,0.0016,-2.3492,1,7702260,dem=glo30-2021;ecmwf=open-0p25;generator=synthetic-1;gfm=V0M2R2;glofas=4.5;imerg=V07;sentinel1=synthetic,IoU/F1 at thresholds tuned on the validation event
2026-09-27T10:16:45+00:00,2e7b230,model2,river_threshold,persistence,test,macro,+1d,newly_flooded,f1,0.321,0.0,0.321,1,7702260,dem=glo30-2021;ecmwf=open-0p25;generator=synthetic-1;gfm=V0M2R2;glofas=4.5;imerg=V07;sentinel1=synthetic,IoU/F1 at thresholds tuned on the validation event
2026-09-27T10:16:45+00:00,2e7b230,model2,river_threshold,persistence,test,macro,+1d,newly_flooded,iou,0.1912,0.0,0.1912,1,7702260,dem=glo30-2021;ecmwf=open-0p25;generator=synthetic-1;gfm=V0M2R2;glofas=4.5;imerg=V07;sentinel1=synthetic,IoU/F1 at thresholds tuned on the validation event
2026-09-27T10:16:45+00:00,2e7b230,model2,river_threshold,persistence,test,macro,+1d,newly_flooded,precision,0.5277,,,1,7702260,dem=glo30-2021;ecmwf=open-0p25;generator=synthetic-1;gfm=V0M2R2;glofas=4.5;imerg=V07;sentinel1=synthetic,IoU/F1 at thresholds tuned on the validation event
2026-09-27T10:16:45+00:00,2e7b230,model2,river_threshold,persistence,test,macro,+1d,newly_flooded,recall,0.2306,0.0,0.2306,1,7702260,dem=glo30-2021;ecmwf=open-0p25;generator=synthetic-1;gfm=V0M2R2;glofas=4.5;imerg=V07;sentinel1=synthetic,IoU/F1 at thresholds tuned on the validation event
2026-09-27T10:16:45+00:00,2e7b230,model2,river_threshold,persistence,test,macro,+2d,all,brier,0.0207,0.016,-0.293,1,5286018,dem=glo30-2021;ecmwf=open-0p25;generator=synthetic-1;gfm=V0M2R2;glofas=4.5;imerg=V07;sentinel1=synthetic,IoU/F1 at thresholds tuned on the validation event
2026-09-27T10:16:45+00:00,2e7b230,model2,river_threshold,persistence,test,macro,+2d,all,ece,0.0178,0.0094,-0.9,1,5286018,dem=glo30-2021;ecmwf=open-0p25;generator=synthetic-1;gfm=V0M2R2;glofas=4.5;imerg=V07;sentinel1=synthetic,IoU/F1 at thresholds tuned on the validation event
2026-09-27T10:16:45+00:00,2e7b230,model2,river_threshold,persistence,test,macro,+2d,all,f1,0.3671,0.6849,-1.0085,1,5286018,dem=glo30-2021;ecmwf=open-0p25;generator=synthetic-1;gfm=V0M2R2;glofas=4.5;imerg=V07;sentinel1=synthetic,IoU/F1 at thresholds tuned on the validation event
2026-09-27T10:16:45+00:00,2e7b230,model2,river_threshold,persistence,test,macro,+2d,all,iou,0.2248,0.5208,-0.6176,1,5286018,dem=glo30-2021;ecmwf=open-0p25;generator=synthetic-1;gfm=V0M2R2;glofas=4.5;imerg=V07;sentinel1=synthetic,IoU/F1 at thresholds tuned on the validation event
2026-09-27T10:16:45+00:00,2e7b230,model2,river_threshold,persistence,test,macro,+2d,all,precision,0.7336,0.6831,0.1591,1,5286018,dem=glo30-2021;ecmwf=open-0p25;generator=synthetic-1;gfm=V0M2R2;glofas=4.5;imerg=V07;sentinel1=synthetic,IoU/F1 at thresholds tuned on the validation event
2026-09-27T10:16:45+00:00,2e7b230,model2,river_threshold,persistence,test,macro,+2d,all,recall,0.2448,0.6867,-1.4102,1,5286018,dem=glo30-2021;ecmwf=open-0p25;generator=synthetic-1;gfm=V0M2R2;glofas=4.5;imerg=V07;sentinel1=synthetic,IoU/F1 at thresholds tuned on the validation event
2026-09-27T10:16:45+00:00,2e7b230,model2,river_threshold,persistence,test,macro,+2d,drained,brier,0.5297,0.3046,-0.739,1,137851,dem=glo30-2021;ecmwf=open-0p25;generator=synthetic-1;gfm=V0M2R2;glofas=4.5;imerg=V07;sentinel1=synthetic,IoU/F1 at thresholds tuned on the validation event
2026-09-27T10:16:45+00:00,2e7b230,model2,river_threshold,persistence,test,macro,+2d,drained,ece,0.5345,0.2969,-0.8005,1,137851,dem=glo30-2021;ecmwf=open-0p25;generator=synthetic-1;gfm=V0M2R2;glofas=4.5;imerg=V07;sentinel1=synthetic,IoU/F1 at thresholds tuned on the validation event
2026-09-27T10:16:45+00:00,2e7b230,model2,river_threshold,persistence,test,macro,+2d,drained,f1,0.5242,0.0,0.5242,1,137851,dem=glo30-2021;ecmwf=open-0p25;generator=synthetic-1;gfm=V0M2R2;glofas=4.5;imerg=V07;sentinel1=synthetic,IoU/F1 at thresholds tuned on the validation event
2026-09-27T10:16:45+00:00,2e7b230,model2,river_threshold,persistence,test,macro,+2d,drained,iou,0.3552,0.0,0.3552,1,137851,dem=glo30-2021;ecmwf=open-0p25;generator=synthetic-1;gfm=V0M2R2;glofas=4.5;imerg=V07;sentinel1=synthetic,IoU/F1 at thresholds tuned on the validation event
2026-09-27T10:16:45+00:00,2e7b230,model2,river_threshold,persistence,test,macro,+2d,drained,precision,0.3616,,,1,137851,dem=glo30-2021;ecmwf=open-0p25;generator=synthetic-1;gfm=V0M2R2;glofas=4.5;imerg=V07;sentinel1=synthetic,IoU/F1 at thresholds tuned on the validation event
2026-09-27T10:16:45+00:00,2e7b230,model2,river_threshold,persistence,test,macro,+2d,drained,recall,0.9527,0.0,0.9527,1,137851,dem=glo30-2021;ecmwf=open-0p25;generator=synthetic-1;gfm=V0M2R2;glofas=4.5;imerg=V07;sentinel1=synthetic,IoU/F1 at thresholds tuned on the validation event
2026-09-27T10:16:45+00:00,2e7b230,model2,river_threshold,persistence,test,macro,+2d,near_breach,brier,0.3278,0.2006,-0.6341,1,10706,dem=glo30-2021;ecmwf=open-0p25;generator=synthetic-1;gfm=V0M2R2;glofas=4.5;imerg=V07;sentinel1=synthetic,IoU/F1 at thresholds tuned on the validation event
2026-09-27T10:16:45+00:00,2e7b230,model2,river_threshold,persistence,test,macro,+2d,near_breach,ece,0.3433,0.1921,-0.7874,1,10706,dem=glo30-2021;ecmwf=open-0p25;generator=synthetic-1;gfm=V0M2R2;glofas=4.5;imerg=V07;sentinel1=synthetic,IoU/F1 at thresholds tuned on the validation event
2026-09-27T10:16:45+00:00,2e7b230,model2,river_threshold,persistence,test,macro,+2d,near_breach,f1,0.4283,0.7906,-1.731,1,10706,dem=glo30-2021;ecmwf=open-0p25;generator=synthetic-1;gfm=V0M2R2;glofas=4.5;imerg=V07;sentinel1=synthetic,IoU/F1 at thresholds tuned on the validation event
2026-09-27T10:16:45+00:00,2e7b230,model2,river_threshold,persistence,test,macro,+2d,near_breach,iou,0.2725,0.6538,-1.1013,1,10706,dem=glo30-2021;ecmwf=open-0p25;generator=synthetic-1;gfm=V0M2R2;glofas=4.5;imerg=V07;sentinel1=synthetic,IoU/F1 at thresholds tuned on the validation event
2026-09-27T10:16:45+00:00,2e7b230,model2,river_threshold,persistence,test,macro,+2d,near_breach,precision,0.9844,0.7254,0.943,1,10706,dem=glo30-2021;ecmwf=open-0p25;generator=synthetic-1;gfm=V0M2R2;glofas=4.5;imerg=V07;sentinel1=synthetic,IoU/F1 at thresholds tuned on the validation event
2026-09-27T10:16:45+00:00,2e7b230,model2,river_threshold,persistence,test,macro,+2d,near_breach,recall,0.2737,0.8689,-4.5387,1,10706,dem=glo30-2021;ecmwf=open-0p25;generator=synthetic-1;gfm=V0M2R2;glofas=4.5;imerg=V07;sentinel1=synthetic,IoU/F1 at thresholds tuned on the validation event
2026-09-27T10:16:45+00:00,2e7b230,model2,river_threshold,persistence,test,macro,+2d,newly_flooded,brier,0.0071,0.0083,0.1464,1,5148167,dem=glo30-2021;ecmwf=open-0p25;generator=synthetic-1;gfm=V0M2R2;glofas=4.5;imerg=V07;sentinel1=synthetic,IoU/F1 at thresholds tuned on the validation event
2026-09-27T10:16:45+00:00,2e7b230,model2,river_threshold,persistence,test,macro,+2d,newly_flooded,ece,0.0049,0.0017,-1.9778,1,5148167,dem=glo30-2021;ecmwf=open-0p25;generator=synthetic-1;gfm=V0M2R2;glofas=4.5;imerg=V07;sentinel1=synthetic,IoU/F1 at thresholds tuned on the validation event
2026-09-27T10:16:45+00:00,2e7b230,model2,river_threshold,persistence,test,macro,+2d,newly_flooded,f1,0.3906,0.0,0.3906,1,5148167,dem=glo30-2021;ecmwf=open-0p25;generator=synthetic-1;gfm=V0M2R2;glofas=4.5;imerg=V07;sentinel1=synthetic,IoU/F1 at thresholds tuned on the validation event
2026-09-27T10:16:45+00:00,2e7b230,model2,river_threshold,persistence,test,macro,+2d,newly_flooded,iou,0.2427,0.0,0.2427,1,5148167,dem=glo30-2021;ecmwf=open-0p25;generator=synthetic-1;gfm=V0M2R2;glofas=4.5;imerg=V07;sentinel1=synthetic,IoU/F1 at thresholds tuned on the validation event
2026-09-27T10:16:45+00:00,2e7b230,model2,river_threshold,persistence,test,macro,+2d,newly_flooded,precision,0.5599,,,1,5148167,dem=glo30-2021;ecmwf=open-0p25;generator=synthetic-1;gfm=V0M2R2;glofas=4.5;imerg=V07;sentinel1=synthetic,IoU/F1 at thresholds tuned on the validation event
2026-09-27T10:16:45+00:00,2e7b230,model2,river_threshold,persistence,test,macro,+2d,newly_flooded,recall,0.2999,0.0,0.2999,1,5148167,dem=glo30-2021;ecmwf=open-0p25;generator=synthetic-1;gfm=V0M2R2;glofas=4.5;imerg=V07;sentinel1=synthetic,IoU/F1 at thresholds tuned on the validation event
2026-09-27T10:16:45+00:00,2e7b230,model2,river_threshold,persistence,test,macro,+3d,all,brier,0.0206,0.0197,-0.0471,1,5286018,dem=glo30-2021;ecmwf=open-0p25;generator=synthetic-1;gfm=V0M2R2;glofas=4.5;imerg=V07;sentinel1=synthetic,IoU/F1 at thresholds tuned on the validation event
2026-09-27T10:16:45+00:00,2e7b230,model2,river_threshold,persistence,test,macro,+3d,all,ece,0.0177,0.0099,-0.7817,1,5286018,dem=glo30-2021;ecmwf=open-0p25;generator=synthetic-1;gfm=V0M2R2;glofas=4.5;imerg=V07;sentinel1=synthetic,IoU/F1 at thresholds tuned on the validation event
2026-09-27T10:16:45+00:00,2e7b230,model2,river_threshold,persistence,test,macro,+3d,all,f1,0.3681,0.605,-0.5998,1,5286018,dem=glo30-2021;ecmwf=open-0p25;generator=synthetic-1;gfm=V0M2R2;glofas=4.5;imerg=V07;sentinel1=synthetic,IoU/F1 at thresholds tuned on the validation event
2026-09-27T10:16:45+00:00,2e7b230,model2,river_threshold,persistence,test,macro,+3d,all,iou,0.2255,0.4337,-0.3676,1,5286018,dem=glo30-2021;ecmwf=open-0p25;generator=synthetic-1;gfm=V0M2R2;glofas=4.5;imerg=V07;sentinel1=synthetic,IoU/F1 at thresholds tuned on the validation event
2026-09-27T10:16:45+00:00,2e7b230,model2,river_threshold,persistence,test,macro,+3d,all,precision,0.7498,0.6151,0.3499,1,5286018,dem=glo30-2021;ecmwf=open-0p25;generator=synthetic-1;gfm=V0M2R2;glofas=4.5;imerg=V07;sentinel1=synthetic,IoU/F1 at thresholds tuned on the validation event
2026-09-27T10:16:45+00:00,2e7b230,model2,river_threshold,persistence,test,macro,+3d,all,recall,0.2439,0.5952,-0.8679,1,5286018,dem=glo30-2021;ecmwf=open-0p25;generator=synthetic-1;gfm=V0M2R2;glofas=4.5;imerg=V07;sentinel1=synthetic,IoU/F1 at thresholds tuned on the validation event
2026-09-27T10:16:45+00:00,2e7b230,model2,river_threshold,persistence,test,macro,+3d,drained,brier,0.4789,0.3699,-0.2948,1,132706,dem=glo30-2021;ecmwf=open-0p25;generator=synthetic-1;gfm=V0M2R2;glofas=4.5;imerg=V07;sentinel1=synthetic,IoU/F1 at thresholds tuned on the validation event
2026-09-27T10:16:45+00:00,2e7b230,model2,river_threshold,persistence,test,macro,+3d,drained,ece,0.4789,0.3649,-0.3123,1,132706,dem=glo30-2021;ecmwf=open-0p25;generator=synthetic-1;gfm=V0M2R2;glofas=4.5;imerg=V07;sentinel1=synthetic,IoU/F1 at thresholds tuned on the validation event
2026-09-27T10:16:45+00:00,2e7b230,model2,river_threshold,persistence,test,macro,+3d,drained,f1,0.5995,0.0,0.5995,1,132706,dem=glo30-2021;ecmwf=open-0p25;generator=synthetic-1;gfm=V0M2R2;glofas=4.5;imerg=V07;sentinel1=synthetic,IoU/F1 at thresholds tuned on the validation event
2026-09-27T10:16:45+00:00,2e7b230,model2,river_threshold,persistence,test,macro,+3d,drained,iou,0.4281,0.0,0.4281,1,132706,dem=glo30-2021;ecmwf=open-0p25;generator=synthetic-1;gfm=V0M2R2;glofas=4.5;imerg=V07;sentinel1=synthetic,IoU/F1 at thresholds tuned on the validation event
2026-09-27T10:16:45+00:00,2e7b230,model2,river_threshold,persistence,test,macro,+3d,drained,precision,0.4363,,,1,132706,dem=glo30-2021;ecmwf=open-0p25;generator=synthetic-1;gfm=V0M2R2;glofas=4.5;imerg=V07;sentinel1=synthetic,IoU/F1 at thresholds tuned on the validation event
2026-09-27T10:16:45+00:00,2e7b230,model2,river_threshold,persistence,test,macro,+3d,drained,recall,0.9581,0.0,0.9581,1,132706,dem=glo30-2021;ecmwf=open-0p25;generator=synthetic-1;gfm=V0M2R2;glofas=4.5;imerg=V07;sentinel1=synthetic,IoU/F1 at thresholds tuned on the validation event
2026-09-27T10:16:45+00:00,2e7b230,model2,river_threshold,persistence,test,macro,+3d,near_breach,brier,0.3274,0.2592,-0.2629,1,10706,dem=glo30-2021;ecmwf=open-0p25;generator=synthetic-1;gfm=V0M2R2;glofas=4.5;imerg=V07;sentinel1=synthetic,IoU/F1 at thresholds tuned on the validation event
2026-09-27T10:16:45+00:00,2e7b230,model2,river_threshold,persistence,test,macro,+3d,near_breach,ece,0.3423,0.2525,-0.3557,1,10706,dem=glo30-2021;ecmwf=open-0p25;generator=synthetic-1;gfm=V0M2R2;glofas=4.5;imerg=V07;sentinel1=synthetic,IoU/F1 at thresholds tuned on the validation event
2026-09-27T10:16:45+00:00,2e7b230,model2,river_threshold,persistence,test,macro,+3d,near_breach,f1,0.4285,0.711,-0.9775,1,10706,dem=glo30-2021;ecmwf=open-0p25;generator=synthetic-1;gfm=V0M2R2;glofas=4.5;imerg=V07;sentinel1=synthetic,IoU/F1 at thresholds tuned on the validation event
2026-09-27T10:16:45+00:00,2e7b230,model2,river_threshold,persistence,test,macro,+3d,near_breach,iou,0.2726,0.5516,-0.622,1,10706,dem=glo30-2021;ecmwf=open-0p25;generator=synthetic-1;gfm=V0M2R2;glofas=4.5;imerg=V07;sentinel1=synthetic,IoU/F1 at thresholds tuned on the validation event
2026-09-27T10:16:45+00:00,2e7b230,model2,river_threshold,persistence,test,macro,+3d,near_breach,precision,0.9836,0.6938,0.9465,1,10706,dem=glo30-2021;ecmwf=open-0p25;generator=synthetic-1;gfm=V0M2R2;glofas=4.5;imerg=V07;sentinel1=synthetic,IoU/F1 at thresholds tuned on the validation event
2026-09-27T10:16:45+00:00,2e7b230,model2,river_threshold,persistence,test,macro,+3d,near_breach,recall,0.2739,0.729,-1.6797,1,10706,dem=glo30-2021;ecmwf=open-0p25;generator=synthetic-1;gfm=V0M2R2;glofas=4.5;imerg=V07;sentinel1=synthetic,IoU/F1 at thresholds tuned on the validation event
2026-09-27T10:16:45+00:00,2e7b230,model2,river_threshold,persistence,test,macro,+3d,newly_flooded,brier,0.0088,0.0107,0.1743,1,5153312,dem=glo30-2021;ecmwf=open-0p25;generator=synthetic-1;gfm=V0M2R2;glofas=4.5;imerg=V07;sentinel1=synthetic,IoU/F1 at thresholds tuned on the validation event
2026-09-27T10:16:45+00:00,2e7b230,model2,river_threshold,persistence,test,macro,+3d,newly_flooded,ece,0.0064,0.0008,-7.3469,1,5153312,dem=glo30-2021;ecmwf=open-0p25;generator=synthetic-1;gfm=V0M2R2;glofas=4.5;imerg=V07;sentinel1=synthetic,IoU/F1 at thresholds tuned on the validation event
2026-09-27T10:16:45+00:00,2e7b230,model2,river_threshold,persistence,test,macro,+3d,newly_flooded,f1,0.3783,0.0,0.3783,1,5153312,dem=glo30-2021;ecmwf=open-0p25;generator=synthetic-1;gfm=V0M2R2;glofas=4.5;imerg=V07;sentinel1=synthetic,IoU/F1 at thresholds tuned on the validation event
2026-09-27T10:16:45+00:00,2e7b230,model2,river_threshold,persistence,test,macro,+3d,newly_flooded,iou,0.2333,0.0,0.2333,1,5153312,dem=glo30-2021;ecmwf=open-0p25;generator=synthetic-1;gfm=V0M2R2;glofas=4.5;imerg=V07;sentinel1=synthetic,IoU/F1 at thresholds tuned on the validation event
2026-09-27T10:16:45+00:00,2e7b230,model2,river_threshold,persistence,test,macro,+3d,newly_flooded,precision,0.6252,,,1,5153312,dem=glo30-2021;ecmwf=open-0p25;generator=synthetic-1;gfm=V0M2R2;glofas=4.5;imerg=V07;sentinel1=synthetic,IoU/F1 at thresholds tuned on the validation event
2026-09-27T10:16:45+00:00,2e7b230,model2,river_threshold,persistence,test,macro,+3d,newly_flooded,recall,0.2712,0.0,0.2712,1,5153312,dem=glo30-2021;ecmwf=open-0p25;generator=synthetic-1;gfm=V0M2R2;glofas=4.5;imerg=V07;sentinel1=synthetic,IoU/F1 at thresholds tuned on the validation event
2026-09-27T10:16:45+00:00,2e7b230,model2,river_threshold,persistence,test,macro,+4d,all,brier,0.0203,0.0218,0.0673,1,5286018,dem=glo30-2021;ecmwf=open-0p25;generator=synthetic-1;gfm=V0M2R2;glofas=4.5;imerg=V07;sentinel1=synthetic,IoU/F1 at thresholds tuned on the validation event
2026-09-27T10:16:45+00:00,2e7b230,model2,river_threshold,persistence,test,macro,+4d,all,ece,0.0173,0.0121,-0.4316,1,5286018,dem=glo30-2021;ecmwf=open-0p25;generator=synthetic-1;gfm=V0M2R2;glofas=4.5;imerg=V07;sentinel1=synthetic,IoU/F1 at thresholds tuned on the validation event
2026-09-27T10:16:45+00:00,2e7b230,model2,river_threshold,persistence,test,macro,+4d,all,f1,0.3871,0.5777,-0.4512,1,5286018,dem=glo30-2021;ecmwf=open-0p25;generator=synthetic-1;gfm=V0M2R2;glofas=4.5;imerg=V07;sentinel1=synthetic,IoU/F1 at thresholds tuned on the validation event
2026-09-27T10:16:45+00:00,2e7b230,model2,river_threshold,persistence,test,macro,+4d,all,iou,0.24,0.4062,-0.2798,1,5286018,dem=glo30-2021;ecmwf=open-0p25;generator=synthetic-1;gfm=V0M2R2;glofas=4.5;imerg=V07;sentinel1=synthetic,IoU/F1 at thresholds tuned on the validation event
2026-09-27T10:16:45+00:00,2e7b230,model2,river_threshold,persistence,test,macro,+4d,all,precision,0.7465,0.5671,0.4144,1,5286018,dem=glo30-2021;ecmwf=open-0p25;generator=synthetic-1;gfm=V0M2R2;glofas=4.5;imerg=V07;sentinel1=synthetic,IoU/F1 at thresholds tuned on the validation event
2026-09-27T10:16:45+00:00,2e7b230,model2,river_threshold,persistence,test,macro,+4d,all,recall,0.2613,0.5887,-0.7957,1,5286018,dem=glo30-2021;ecmwf=open-0p25;generator=synthetic-1;gfm=V0M2R2;glofas=4.5;imerg=V07;sentinel1=synthetic,IoU/F1 at thresholds tuned on the validation event
2026-09-27T10:16:45+00:00,2e7b230,model2,river_threshold,persistence,test,macro,+4d,drained,brier,0.4316,0.4159,-0.0377,1,142342,dem=glo30-2021;ecmwf=open-0p25;generator=synthetic-1;gfm=V0M2R2;glofas=4.5;imerg=V07;sentinel1=synthetic,IoU/F1 at thresholds tuned on the validation event
2026-09-27T10:16:45+00:00,2e7b230,model2,river_threshold,persistence,test,macro,+4d,drained,ece,0.4288,0.4129,-0.0385,1,142342,dem=glo30-2021;ecmwf=open-0p25;generator=synthetic-1;gfm=V0M2R2;glofas=4.5;imerg=V07;sentinel1=synthetic,IoU/F1 at thresholds tuned on the validation event
2026-09-27T10:16:45+00:00,2e7b230,model2,river_threshold,persistence,test,macro,+4d,drained,f1,0.6513,0.0,0.6513,1,142342,dem=glo30-2021;ecmwf=open-0p25;generator=synthetic-1;gfm=V0M2R2;glofas=4.5;imerg=V07;sentinel1=synthetic,IoU/F1 at thresholds tuned on the validation event
2026-09-27T10:16:45+00:00,2e7b230,model2,river_threshold,persistence,test,macro,+4d,drained,iou,0.4829,0.0,0.4829,1,142342,dem=glo30-2021;ecmwf=open-0p25;generator=synthetic-1;gfm=V0M2R2;glofas=4.5;imerg=V07;sentinel1=synthetic,IoU/F1 at thresholds tuned on the validation event
2026-09-27T10:16:45+00:00,2e7b230,model2,river_threshold,persistence,test,macro,+4d,drained,precision,0.493,,,1,142342,dem=glo30-2021;ecmwf=open-0p25;generator=synthetic-1;gfm=V0M2R2;glofas=4.5;imerg=V07;sentinel1=synthetic,IoU/F1 at thresholds tuned on the validation event
2026-09-27T10:16:45+00:00,2e7b230,model2,river_threshold,persistence,test,macro,+4d,drained,recall,0.9594,0.0,0.9594,1,142342,dem=glo30-2021;ecmwf=open-0p25;generator=synthetic-1;gfm=V0M2R2;glofas=4.5;imerg=V07;sentinel1=synthetic,IoU/F1 at thresholds tuned on the validation event
2026-09-27T10:16:45+00:00,2e7b230,model2,river_threshold,persistence,test,macro,+4d,near_breach,brier,0.2879,0.2801,-0.0279,1,10832,dem=glo30-2021;ecmwf=open-0p25;generator=synthetic-1;gfm=V0M2R2;glofas=4.5;imerg=V07;sentinel1=synthetic,IoU/F1 at thresholds tuned on the validation event
2026-09-27T10:16:45+00:00,2e7b230,model2,river_threshold,persistence,test,macro,+4d,near_breach,ece,0.2878,0.2756,-0.0441,1,10832,dem=glo30-2021;ecmwf=open-0p25;generator=synthetic-1;gfm=V0M2R2;glofas=4.5;imerg=V07;sentinel1=synthetic,IoU/F1 at thresholds tuned on the validation event
2026-09-27T10:16:45+00:00,2e7b230,model2,river_threshold,persistence,test,macro,+4d,near_breach,f1,0.0062,0.5818,-1.3762,1,10832,dem=glo30-2021;ecmwf=open-0p25;generator=synthetic-1;gfm=V0M2R2;glofas=4.5;imerg=V07;sentinel1=synthetic,IoU/F1 at thresholds tuned on the validation event
2026-09-27T10:16:45+00:00,2e7b230,model2,river_threshold,persistence,test,macro,+4d,near_breach,iou,0.0031,0.4102,-0.6903,1,10832,dem=glo30-2021;ecmwf=open-0p25;generator=synthetic-1;gfm=V0M2R2;glofas=4.5;imerg=V07;sentinel1=synthetic,IoU/F1 at thresholds tuned on the validation event
2026-09-27T10:16:45+00:00,2e7b230,model2,river_threshold,persistence,test,macro,+4d,near_breach,precision,0.5263,0.5053,0.0424,1,10832,dem=glo30-2021;ecmwf=open-0p25;generator=synthetic-1;gfm=V0M2R2;glofas=4.5;imerg=V07;sentinel1=synthetic,IoU/F1 at thresholds tuned on the validation event
2026-09-27T10:16:45+00:00,2e7b230,model2,river_threshold,persistence,test,macro,+4d,near_breach,recall,0.0031,0.6855,-2.1698,1,10832,dem=glo30-2021;ecmwf=open-0p25;generator=synthetic-1;gfm=V0M2R2;glofas=4.5;imerg=V07;sentinel1=synthetic,IoU/F1 at thresholds tuned on the validation event
2026-09-27T10:16:45+00:00,2e7b230,model2,river_threshold,persistence,test,macro,+4d,newly_flooded,brier,0.0089,0.0108,0.1787,1,5143676,dem=glo30-2021;ecmwf=open-0p25;generator=synthetic-1;gfm=V0M2R2;glofas=4.5;imerg=V07;sentinel1=synthetic,IoU/F1 at thresholds tuned on the validation event
2026-09-27T10:16:45+00:00,2e7b230,model2,river_threshold,persistence,test,macro,+4d,newly_flooded,ece,0.0066,0.001,-5.7809,1,5143676,dem=glo30-2021;ecmwf=open-0p25;generator=synthetic-1;gfm=V0M2R2;glofas=4.5;imerg=V07;sentinel1=synthetic,IoU/F1 at thresholds tuned on the validation event
2026-09-27T10:16:45+00:00,2e7b230,model2,river_threshold,persistence,test,macro,+4d,newly_flooded,f1,0.3881,0.0,0.3881,1,5143676,dem=glo30-2021;ecmwf=open-0p25;generator=synthetic-1;gfm=V0M2R2;glofas=4.5;imerg=V07;sentinel1=synthetic,IoU/F1 at thresholds tuned on the validation event
2026-09-27T10:16:45+00:00,2e7b230,model2,river_threshold,persistence,test,macro,+4d,newly_flooded,iou,0.2408,0.0,0.2408,1,5143676,dem=glo30-2021;ecmwf=open-0p25;generator=synthetic-1;gfm=V0M2R2;glofas=4.5;imerg=V07;sentinel1=synthetic,IoU/F1 at thresholds tuned on the validation event
2026-09-27T10:16:45+00:00,2e7b230,model2,river_threshold,persistence,test,macro,+4d,newly_flooded,precision,0.622,,,1,5143676,dem=glo30-2021;ecmwf=open-0p25;generator=synthetic-1;gfm=V0M2R2;glofas=4.5;imerg=V07;sentinel1=synthetic,IoU/F1 at thresholds tuned on the validation event
2026-09-27T10:16:45+00:00,2e7b230,model2,river_threshold,persistence,test,macro,+4d,newly_flooded,recall,0.282,0.0,0.282,1,5143676,dem=glo30-2021;ecmwf=open-0p25;generator=synthetic-1;gfm=V0M2R2;glofas=4.5;imerg=V07;sentinel1=synthetic,IoU/F1 at thresholds tuned on the validation event
2026-09-27T10:16:45+00:00,2e7b230,model2,river_threshold,persistence,test,macro,+5d,all,brier,0.0208,0.0273,0.2394,1,5286018,dem=glo30-2021;ecmwf=open-0p25;generator=synthetic-1;gfm=V0M2R2;glofas=4.5;imerg=V07;sentinel1=synthetic,IoU/F1 at thresholds tuned on the validation event
2026-09-27T10:16:45+00:00,2e7b230,model2,river_threshold,persistence,test,macro,+5d,all,ece,0.0178,0.0178,-0.0049,1,5286018,dem=glo30-2021;ecmwf=open-0p25;generator=synthetic-1;gfm=V0M2R2;glofas=4.5;imerg=V07;sentinel1=synthetic,IoU/F1 at thresholds tuned on the validation event
2026-09-27T10:16:45+00:00,2e7b230,model2,river_threshold,persistence,test,macro,+5d,all,f1,0.367,0.4659,-0.1852,1,5286018,dem=glo30-2021;ecmwf=open-0p25;generator=synthetic-1;gfm=V0M2R2;glofas=4.5;imerg=V07;sentinel1=synthetic,IoU/F1 at thresholds tuned on the validation event
2026-09-27T10:16:45+00:00,2e7b230,model2,river_threshold,persistence,test,macro,+5d,all,iou,0.2247,0.3037,-0.1134,1,5286018,dem=glo30-2021;ecmwf=open-0p25;generator=synthetic-1;gfm=V0M2R2;glofas=4.5;imerg=V07;sentinel1=synthetic,IoU/F1 at thresholds tuned on the validation event
2026-09-27T10:16:45+00:00,2e7b230,model2,river_threshold,persistence,test,macro,+5d,all,precision,0.726,0.4608,0.4919,1,5286018,dem=glo30-2021;ecmwf=open-0p25;generator=synthetic-1;gfm=V0M2R2;glofas=4.5;imerg=V07;sentinel1=synthetic,IoU/F1 at thresholds tuned on the validation event
2026-09-27T10:16:45+00:00,2e7b230,model2,river_threshold,persistence,test,macro,+5d,all,recall,0.2456,0.4712,-0.4267,1,5286018,dem=glo30-2021;ecmwf=open-0p25;generator=synthetic-1;gfm=V0M2R2;glofas=4.5;imerg=V07;sentinel1=synthetic,IoU/F1 at thresholds tuned on the validation event
2026-09-27T10:16:45+00:00,2e7b230,model2,river_threshold,persistence,test,macro,+5d,drained,brier,0.392,0.5181,0.2433,1,140243,dem=glo30-2021;ecmwf=open-0p25;generator=synthetic-1;gfm=V0M2R2;glofas=4.5;imerg=V07;sentinel1=synthetic,IoU/F1 at thresholds tuned on the validation event
2026-09-27T10:16:45+00:00,2e7b230,model2,river_threshold,persistence,test,macro,+5d,drained,ece,0.3824,0.5192,0.2635,1,140243,dem=glo30-2021;ecmwf=open-0p25;generator=synthetic-1;gfm=V0M2R2;glofas=4.5;imerg=V07;sentinel1=synthetic,IoU/F1 at thresholds tuned on the validation event
2026-09-27T10:16:45+00:00,2e7b230,model2,river_threshold,persistence,test,macro,+5d,drained,f1,0.7173,0.0,0.7173,1,140243,dem=glo30-2021;ecmwf=open-0p25;generator=synthetic-1;gfm=V0M2R2;glofas=4.5;imerg=V07;sentinel1=synthetic,IoU/F1 at thresholds tuned on the validation event
2026-09-27T10:16:45+00:00,2e7b230,model2,river_threshold,persistence,test,macro,+5d,drained,iou,0.5592,0.0,0.5592,1,140243,dem=glo30-2021;ecmwf=open-0p25;generator=synthetic-1;gfm=V0M2R2;glofas=4.5;imerg=V07;sentinel1=synthetic,IoU/F1 at thresholds tuned on the validation event
2026-09-27T10:16:45+00:00,2e7b230,model2,river_threshold,persistence,test,macro,+5d,drained,precision,0.5718,,,1,140243,dem=glo30-2021;ecmwf=open-0p25;generator=synthetic-1;gfm=V0M2R2;glofas=4.5;imerg=V07;sentinel1=synthetic,IoU/F1 at thresholds tuned on the validation event
2026-09-27T10:16:45+00:00,2e7b230,model2,river_threshold,persistence,test,macro,+5d,drained,recall,0.9621,0.0,0.9621,1,140243,dem=glo30-2021;ecmwf=open-0p25;generator=synthetic-1;gfm=V0M2R2;glofas=4.5;imerg=V07;sentinel1=synthetic,IoU/F1 at thresholds tuned on the validation event
2026-09-27T10:16:45+00:00,2e7b230,model2,river_threshold,persistence,test,macro,+5d,near_breach,brier,0.234,0.3029,0.2276,1,8101,dem=glo30-2021;ecmwf=open-0p25;generator=synthetic-1;gfm=V0M2R2;glofas=4.5;imerg=V07;sentinel1=synthetic,IoU/F1 at thresholds tuned on the validation event
2026-09-27T10:16:45+00:00,2e7b230,model2,river_threshold,persistence,test,macro,+5d,near_breach,ece,0.2343,0.2997,0.2182,1,8101,dem=glo30-2021;ecmwf=open-0p25;generator=synthetic-1;gfm=V0M2R2;glofas=4.5;imerg=V07;sentinel1=synthetic,IoU/F1 at thresholds tuned on the validation event
2026-09-27T10:16:45+00:00,2e7b230,model2,river_threshold,persistence,test,macro,+5d,near_breach,f1,0.0,0.5979,-1.4869,1,8101,dem=glo30-2021;ecmwf=open-0p25;generator=synthetic-1;gfm=V0M2R2;glofas=4.5;imerg=V07;sentinel1=synthetic,IoU/F1 at thresholds tuned on the validation event
2026-09-27T10:16:45+00:00,2e7b230,model2,river_threshold,persistence,test,macro,+5d,near_breach,iou,0.0,0.4264,-0.7434,1,8101,dem=glo30-2021;ecmwf=open-0p25;generator=synthetic-1;gfm=V0M2R2;glofas=4.5;imerg=V07;sentinel1=synthetic,IoU/F1 at thresholds tuned on the validation event
2026-09-27T10:16:45+00:00,2e7b230,model2,river_threshold,persistence,test,macro,+5d,near_breach,precision,,0.4305,,0,8101,dem=glo30-2021;ecmwf=open-0p25;generator=synthetic-1;gfm=V0M2R2;glofas=4.5;imerg=V07;sentinel1=synthetic,IoU/F1 at thresholds tuned on the validation event
2026-09-27T10:16:45+00:00,2e7b230,model2,river_threshold,persistence,test,macro,+5d,near_breach,recall,0.0,0.9784,-45.1905,1,8101,dem=glo30-2021;ecmwf=open-0p25;generator=synthetic-1;gfm=V0M2R2;glofas=4.5;imerg=V07;sentinel1=synthetic,IoU/F1 at thresholds tuned on the validation event
2026-09-27T10:16:45+00:00,2e7b230,model2,river_threshold,persistence,test,macro,+5d,newly_flooded,brier,0.0106,0.0139,0.2353,1,5145775,dem=glo30-2021;ecmwf=open-0p25;generator=synthetic-1;gfm=V0M2R2;glofas=4.5;imerg=V07;sentinel1=synthetic,IoU/F1 at thresholds tuned on the validation event
2026-09-27T10:16:45+00:00,2e7b230,model2,river_threshold,persistence,test,macro,+5d,newly_flooded,ece,0.008,0.0041,-0.9445,1,5145775,dem=glo30-2021;ecmwf=open-0p25;generator=synthetic-1;gfm=V0M2R2;glofas=4.5;imerg=V07;sentinel1=synthetic,IoU/F1 at thresholds tuned on the validation event
2026-09-27T10:16:45+00:00,2e7b230,model2,river_threshold,persistence,test,macro,+5d,newly_flooded,f1,0.4445,0.0,0.4445,1,5145775,dem=glo30-2021;ecmwf=open-0p25;generator=synthetic-1;gfm=V0M2R2;glofas=4.5;imerg=V07;sentinel1=synthetic,IoU/F1 at thresholds tuned on the validation event
2026-09-27T10:16:45+00:00,2e7b230,model2,river_threshold,persistence,test,macro,+5d,newly_flooded,iou,0.2857,0.0,0.2857,1,5145775,dem=glo30-2021;ecmwf=open-0p25;generator=synthetic-1;gfm=V0M2R2;glofas=4.5;imerg=V07;sentinel1=synthetic,IoU/F1 at thresholds tuned on the validation event
2026-09-27T10:16:45+00:00,2e7b230,model2,river_threshold,persistence,test,macro,+5d,newly_flooded,precision,0.7051,,,1,5145775,dem=glo30-2021;ecmwf=open-0p25;generator=synthetic-1;gfm=V0M2R2;glofas=4.5;imerg=V07;sentinel1=synthetic,IoU/F1 at thresholds tuned on the validation event
2026-09-27T10:16:45+00:00,2e7b230,model2,river_threshold,persistence,test,macro,+5d,newly_flooded,recall,0.3245,0.0,0.3245,1,5145775,dem=glo30-2021;ecmwf=open-0p25;generator=synthetic-1;gfm=V0M2R2;glofas=4.5;imerg=V07;sentinel1=synthetic,IoU/F1 at thresholds tuned on the validation event
2026-09-27T10:16:45+00:00,2e7b230,model2,river_threshold,persistence,test,macro,+6d,all,brier,0.0208,0.0284,0.267,1,5286018,dem=glo30-2021;ecmwf=open-0p25;generator=synthetic-1;gfm=V0M2R2;glofas=4.5;imerg=V07;sentinel1=synthetic,IoU/F1 at thresholds tuned on the validation event
2026-09-27T10:16:45+00:00,2e7b230,model2,river_threshold,persistence,test,macro,+6d,all,ece,0.018,0.0189,0.0477,1,5286018,dem=glo30-2021;ecmwf=open-0p25;generator=synthetic-1;gfm=V0M2R2;glofas=4.5;imerg=V07;sentinel1=synthetic,IoU/F1 at thresholds tuned on the validation event
2026-09-27T10:16:45+00:00,2e7b230,model2,river_threshold,persistence,test,macro,+6d,all,f1,0.3689,0.4566,-0.1614,1,5286018,dem=glo30-2021;ecmwf=open-0p25;generator=synthetic-1;gfm=V0M2R2;glofas=4.5;imerg=V07;sentinel1=synthetic,IoU/F1 at thresholds tuned on the validation event
2026-09-27T10:16:45+00:00,2e7b230,model2,river_threshold,persistence,test,macro,+6d,all,iou,0.2261,0.2958,-0.099,1,5286018,dem=glo30-2021;ecmwf=open-0p25;generator=synthetic-1;gfm=V0M2R2;glofas=4.5;imerg=V07;sentinel1=synthetic,IoU/F1 at thresholds tuned on the validation event
2026-09-27T10:16:45+00:00,2e7b230,model2,river_threshold,persistence,test,macro,+6d,all,precision,0.722,0.441,0.5027,1,5286018,dem=glo30-2021;ecmwf=open-0p25;generator=synthetic-1;gfm=V0M2R2;glofas=4.5;imerg=V07;sentinel1=synthetic,IoU/F1 at thresholds tuned on the validation event
2026-09-27T10:16:45+00:00,2e7b230,model2,river_threshold,persistence,test,macro,+6d,all,recall,0.2477,0.4732,-0.4281,1,5286018,dem=glo30-2021;ecmwf=open-0p25;generator=synthetic-1;gfm=V0M2R2;glofas=4.5;imerg=V07;sentinel1=synthetic,IoU/F1 at thresholds tuned on the validation event
2026-09-27T10:16:45+00:00,2e7b230,model2,river_threshold,persistence,test,macro,+6d,drained,brier,0.3754,0.537,0.3009,1,147146,dem=glo30-2021;ecmwf=open-0p25;generator=synthetic-1;gfm=V0M2R2;glofas=4.5;imerg=V07;sentinel1=synthetic,IoU/F1 at thresholds tuned on the validation event
2026-09-27T10:16:45+00:00,2e7b230,model2,river_threshold,persistence,test,macro,+6d,drained,ece,0.3655,0.539,0.3219,1,147146,dem=glo30-2021;ecmwf=open-0p25;generator=synthetic-1;gfm=V0M2R2;glofas=4.5;imerg=V07;sentinel1=synthetic,IoU/F1 at thresholds tuned on the validation event
2026-09-27T10:16:45+00:00,2e7b230,model2,river_threshold,persistence,test,macro,+6d,drained,f1,0.732,0.0,0.732,1,147146,dem=glo30-2021;ecmwf=open-0p25;generator=synthetic-1;gfm=V0M2R2;glofas=4.5;imerg=V07;sentinel1=synthetic,IoU/F1 at thresholds tuned on the validation event
2026-09-27T10:16:45+00:00,2e7b230,model2,river_threshold,persistence,test,macro,+6d,drained,iou,0.5773,0.0,0.5773,1,147146,dem=glo30-2021;ecmwf=open-0p25;generator=synthetic-1;gfm=V0M2R2;glofas=4.5;imerg=V07;sentinel1=synthetic,IoU/F1 at thresholds tuned on the validation event
2026-09-27T10:16:45+00:00,2e7b230,model2,river_threshold,persistence,test,macro,+6d,drained,precision,0.592,,,1,147146,dem=glo30-2021;ecmwf=open-0p25;generator=synthetic-1;gfm=V0M2R2;glofas=4.5;imerg=V07;sentinel1=synthetic,IoU/F1 at thresholds tuned on the validation event
2026-09-27T10:16:45+00:00,2e7b230,model2,river_threshold,persistence,test,macro,+6d,drained,recall,0.9587,0.0,0.9587,1,147146,dem=glo30-2021;ecmwf=open-0p25;generator=synthetic-1;gfm=V0M2R2;glofas=4.5;imerg=V07;sentinel1=synthetic,IoU/F1 at thresholds tuned on the validation event
2026-09-27T10:16:45+00:00,2e7b230,model2,river_threshold,persistence,test,macro,+6d,near_breach,brier,0.2011,0.3748,0.4636,1,10706,dem=glo30-2021;ecmwf=open-0p25;generator=synthetic-1;gfm=V0M2R2;glofas=4.5;imerg=V07;sentinel1=synthetic,IoU/F1 at thresholds tuned on the validation event
2026-09-27T10:16:45+00:00,2e7b230,model2,river_threshold,persistence,test,macro,+6d,near_breach,ece,0.2008,0.3741,0.4634,1,10706,dem=glo30-2021;ecmwf=open-0p25;generator=synthetic-1;gfm=V0M2R2;glofas=4.5;imerg=V07;sentinel1=synthetic,IoU/F1 at thresholds tuned on the validation event
2026-09-27T10:16:45+00:00,2e7b230,model2,river_threshold,persistence,test,macro,+6d,near_breach,f1,0.0633,0.5145,-0.9294,1,10706,dem=glo30-2021;ecmwf=open-0p25;generator=synthetic-1;gfm=V0M2R2;glofas=4.5;imerg=V07;sentinel1=synthetic,IoU/F1 at thresholds tuned on the validation event
2026-09-27T10:16:45+00:00,2e7b230,model2,river_threshold,persistence,test,macro,+6d,near_breach,iou,0.0327,0.3464,-0.4799,1,10706,dem=glo30-2021;ecmwf=open-0p25;generator=synthetic-1;gfm=V0M2R2;glofas=4.5;imerg=V07;sentinel1=synthetic,IoU/F1 at thresholds tuned on the validation event
2026-09-27T10:16:45+00:00,2e7b230,model2,river_threshold,persistence,test,macro,+6d,near_breach,precision,0.75,0.3494,0.6157,1,10706,dem=glo30-2021;ecmwf=open-0p25;generator=synthetic-1;gfm=V0M2R2;glofas=4.5;imerg=V07;sentinel1=synthetic,IoU/F1 at thresholds tuned on the validation event
2026-09-27T10:16:45+00:00,2e7b230,model2,river_threshold,persistence,test,macro,+6d,near_breach,recall,0.0331,0.9753,-38.1786,1,10706,dem=glo30-2021;ecmwf=open-0p25;generator=synthetic-1;gfm=V0M2R2;glofas=4.5;imerg=V07;sentinel1=synthetic,IoU/F1 at thresholds tuned on the validation event
2026-09-27T10:16:45+00:00,2e7b230,model2,river_threshold,persistence,test,macro,+6d,newly_flooded,brier,0.0107,0.0139,0.2294,1,5138872,dem=glo30-2021;ecmwf=open-0p25;generator=synthetic-1;gfm=V0M2R2;glofas=4.5;imerg=V07;sentinel1=synthetic,IoU/F1 at thresholds tuned on the validation event
2026-09-27T10:16:45+00:00,2e7b230,model2,river_threshold,persistence,test,macro,+6d,newly_flooded,ece,0.0081,0.0041,-1.0011,1,5138872,dem=glo30-2021;ecmwf=open-0p25;generator=synthetic-1;gfm=V0M2R2;glofas=4.5;imerg=V07;sentinel1=synthetic,IoU/F1 at thresholds tuned on the validation event
2026-09-27T10:16:45+00:00,2e7b230,model2,river_threshold,persistence,test,macro,+6d,newly_flooded,f1,0.4447,0.0,0.4447,1,5138872,dem=glo30-2021;ecmwf=open-0p25;generator=synthetic-1;gfm=V0M2R2;glofas=4.5;imerg=V07;sentinel1=synthetic,IoU/F1 at thresholds tuned on the validation event
2026-09-27T10:16:45+00:00,2e7b230,model2,river_threshold,persistence,test,macro,+6d,newly_flooded,iou,0.2859,0.0,0.2859,1,5138872,dem=glo30-2021;ecmwf=open-0p25;generator=synthetic-1;gfm=V0M2R2;glofas=4.5;imerg=V07;sentinel1=synthetic,IoU/F1 at thresholds tuned on the validation event
2026-09-27T10:16:45+00:00,2e7b230,model2,river_threshold,persistence,test,macro,+6d,newly_flooded,precision,0.7075,,,1,5138872,dem=glo30-2021;ecmwf=open-0p25;generator=synthetic-1;gfm=V0M2R2;glofas=4.5;imerg=V07;sentinel1=synthetic,IoU/F1 at thresholds tuned on the validation event
2026-09-27T10:16:45+00:00,2e7b230,model2,river_threshold,persistence,test,macro,+6d,newly_flooded,recall,0.3242,0.0,0.3242,1,5138872,dem=glo30-2021;ecmwf=open-0p25;generator=synthetic-1;gfm=V0M2R2;glofas=4.5;imerg=V07;sentinel1=synthetic,IoU/F1 at thresholds tuned on the validation event
2026-09-27T10:16:45+00:00,2e7b230,model2,river_threshold,persistence,test,macro,+7d,all,brier,0.0207,0.0291,0.2912,1,5286018,dem=glo30-2021;ecmwf=open-0p25;generator=synthetic-1;gfm=V0M2R2;glofas=4.5;imerg=V07;sentinel1=synthetic,IoU/F1 at thresholds tuned on the validation event
2026-09-27T10:16:45+00:00,2e7b230,model2,river_threshold,persistence,test,macro,+7d,all,ece,0.0177,0.0197,0.0988,1,5286018,dem=glo30-2021;ecmwf=open-0p25;generator=synthetic-1;gfm=V0M2R2;glofas=4.5;imerg=V07;sentinel1=synthetic,IoU/F1 at thresholds tuned on the validation event
2026-09-27T10:16:45+00:00,2e7b230,model2,river_threshold,persistence,test,macro,+7d,all,f1,0.3695,0.4247,-0.0959,1,5286018,dem=glo30-2021;ecmwf=open-0p25;generator=synthetic-1;gfm=V0M2R2;glofas=4.5;imerg=V07;sentinel1=synthetic,IoU/F1 at thresholds tuned on the validation event
2026-09-27T10:16:45+00:00,2e7b230,model2,river_threshold,persistence,test,macro,+7d,all,iou,0.2266,0.2696,-0.0588,1,5286018,dem=glo30-2021;ecmwf=open-0p25;generator=synthetic-1;gfm=V0M2R2;glofas=4.5;imerg=V07;sentinel1=synthetic,IoU/F1 at thresholds tuned on the validation event
2026-09-27T10:16:45+00:00,2e7b230,model2,river_threshold,persistence,test,macro,+7d,all,precision,0.7368,0.4235,0.5434,1,5286018,dem=glo30-2021;ecmwf=open-0p25;generator=synthetic-1;gfm=V0M2R2;glofas=4.5;imerg=V07;sentinel1=synthetic,IoU/F1 at thresholds tuned on the validation event
2026-09-27T10:16:45+00:00,2e7b230,model2,river_threshold,persistence,test,macro,+7d,all,recall,0.2466,0.4258,-0.3121,1,5286018,dem=glo30-2021;ecmwf=open-0p25;generator=synthetic-1;gfm=V0M2R2;glofas=4.5;imerg=V07;sentinel1=synthetic,IoU/F1 at thresholds tuned on the validation event
2026-09-27T10:16:45+00:00,2e7b230,model2,river_threshold,persistence,test,macro,+7d,drained,brier,0.3578,0.5538,0.3539,1,137866,dem=glo30-2021;ecmwf=open-0p25;generator=synthetic-1;gfm=V0M2R2;glofas=4.5;imerg=V07;sentinel1=synthetic,IoU/F1 at thresholds tuned on the validation event
2026-09-27T10:16:45+00:00,2e7b230,model2,river_threshold,persistence,test,macro,+7d,drained,ece,0.3493,0.5565,0.3722,1,137866,dem=glo30-2021;ecmwf=open-0p25;generator=synthetic-1;gfm=V0M2R2;glofas=4.5;imerg=V07;sentinel1=synthetic,IoU/F1 at thresholds tuned on the validation event
2026-09-27T10:16:45+00:00,2e7b230,model2,river_threshold,persistence,test,macro,+7d,drained,f1,0.7496,0.0,0.7496,1,137866,dem=glo30-2021;ecmwf=open-0p25;generator=synthetic-1;gfm=V0M2R2;glofas=4.5;imerg=V07;sentinel1=synthetic,IoU/F1 at thresholds tuned on the validation event
2026-09-27T10:16:45+00:00,2e7b230,model2,river_threshold,persistence,test,macro,+7d,drained,iou,0.5995,0.0,0.5995,1,137866,dem=glo30-2021;ecmwf=open-0p25;generator=synthetic-1;gfm=V0M2R2;glofas=4.5;imerg=V07;sentinel1=synthetic,IoU/F1 at thresholds tuned on the validation event
2026-09-27T10:16:45+00:00,2e7b230,model2,river_threshold,persistence,test,macro,+7d,drained,precision,0.611,,,1,137866,dem=glo30-2021;ecmwf=open-0p25;generator=synthetic-1;gfm=V0M2R2;glofas=4.5;imerg=V07;sentinel1=synthetic,IoU/F1 at thresholds tuned on the validation event
2026-09-27T10:16:45+00:00,2e7b230,model2,river_threshold,persistence,test,macro,+7d,drained,recall,0.9696,0.0,0.9696,1,137866,dem=glo30-2021;ecmwf=open-0p25;generator=synthetic-1;gfm=V0M2R2;glofas=4.5;imerg=V07;sentinel1=synthetic,IoU/F1 at thresholds tuned on the validation event
2026-09-27T10:16:45+00:00,2e7b230,model2,river_threshold,persistence,test,macro,+7d,near_breach,brier,0.1724,0.3523,0.5105,1,13437,dem=glo30-2021;ecmwf=open-0p25;generator=synthetic-1;gfm=V0M2R2;glofas=4.5;imerg=V07;sentinel1=synthetic,IoU/F1 at thresholds tuned on the validation event
2026-09-27T10:16:45+00:00,2e7b230,model2,river_threshold,persistence,test,macro,+7d,near_breach,ece,0.1718,0.3516,0.5115,1,13437,dem=glo30-2021;ecmwf=open-0p25;generator=synthetic-1;gfm=V0M2R2;glofas=4.5;imerg=V07;sentinel1=synthetic,IoU/F1 at thresholds tuned on the validation event
2026-09-27T10:16:45+00:00,2e7b230,model2,river_threshold,persistence,test,macro,+7d,near_breach,f1,0.0868,0.4853,-0.7741,1,13437,dem=glo30-2021;ecmwf=open-0p25;generator=synthetic-1;gfm=V0M2R2;glofas=4.5;imerg=V07;sentinel1=synthetic,IoU/F1 at thresholds tuned on the validation event
2026-09-27T10:16:45+00:00,2e7b230,model2,river_threshold,persistence,test,macro,+7d,near_breach,iou,0.0454,0.3204,-0.4046,1,13437,dem=glo30-2021;ecmwf=open-0p25;generator=synthetic-1;gfm=V0M2R2;glofas=4.5;imerg=V07;sentinel1=synthetic,IoU/F1 at thresholds tuned on the validation event
2026-09-27T10:16:45+00:00,2e7b230,model2,river_threshold,persistence,test,macro,+7d,near_breach,precision,0.4672,0.323,0.213,1,13437,dem=glo30-2021;ecmwf=open-0p25;generator=synthetic-1;gfm=V0M2R2;glofas=4.5;imerg=V07;sentinel1=synthetic,IoU/F1 at thresholds tuned on the validation event
2026-09-27T10:16:45+00:00,2e7b230,model2,river_threshold,persistence,test,macro,+7d,near_breach,recall,0.0479,0.9748,-36.8,1,13437,dem=glo30-2021;ecmwf=open-0p25;generator=synthetic-1;gfm=V0M2R2;glofas=4.5;imerg=V07;sentinel1=synthetic,IoU/F1 at thresholds tuned on the validation event
2026-09-27T10:16:45+00:00,2e7b230,model2,river_threshold,persistence,test,macro,+7d,newly_flooded,brier,0.0116,0.0151,0.2296,1,5148152,dem=glo30-2021;ecmwf=open-0p25;generator=synthetic-1;gfm=V0M2R2;glofas=4.5;imerg=V07;sentinel1=synthetic,IoU/F1 at thresholds tuned on the validation event
2026-09-27T10:16:45+00:00,2e7b230,model2,river_threshold,persistence,test,macro,+7d,newly_flooded,ece,0.0089,0.0053,-0.6874,1,5148152,dem=glo30-2021;ecmwf=open-0p25;generator=synthetic-1;gfm=V0M2R2;glofas=4.5;imerg=V07;sentinel1=synthetic,IoU/F1 at thresholds tuned on the validation event
2026-09-27T10:16:45+00:00,2e7b230,model2,river_threshold,persistence,test,macro,+7d,newly_flooded,f1,0.4336,0.0,0.4336,1,5148152,dem=glo30-2021;ecmwf=open-0p25;generator=synthetic-1;gfm=V0M2R2;glofas=4.5;imerg=V07;sentinel1=synthetic,IoU/F1 at thresholds tuned on the validation event
2026-09-27T10:16:45+00:00,2e7b230,model2,river_threshold,persistence,test,macro,+7d,newly_flooded,iou,0.2768,0.0,0.2768,1,5148152,dem=glo30-2021;ecmwf=open-0p25;generator=synthetic-1;gfm=V0M2R2;glofas=4.5;imerg=V07;sentinel1=synthetic,IoU/F1 at thresholds tuned on the validation event
2026-09-27T10:16:45+00:00,2e7b230,model2,river_threshold,persistence,test,macro,+7d,newly_flooded,precision,0.7169,,,1,5148152,dem=glo30-2021;ecmwf=open-0p25;generator=synthetic-1;gfm=V0M2R2;glofas=4.5;imerg=V07;sentinel1=synthetic,IoU/F1 at thresholds tuned on the validation event
2026-09-27T10:16:45+00:00,2e7b230,model2,river_threshold,persistence,test,macro,+7d,newly_flooded,recall,0.3108,0.0,0.3108,1,5148152,dem=glo30-2021;ecmwf=open-0p25;generator=synthetic-1;gfm=V0M2R2;glofas=4.5;imerg=V07;sentinel1=synthetic,IoU/F1 at thresholds tuned on the validation event
2026-09-27T10:16:45+00:00,2e7b230,model2,xgboost,persistence,test,macro,+1d,all,brier,0.0276,0.0159,-0.7382,1,7905002,dem=glo30-2021;ecmwf=open-0p25;generator=synthetic-1;gfm=V0M2R2;glofas=4.5;imerg=V07;sentinel1=synthetic,IoU/F1 at thresholds tuned on the validation event
2026-09-27T10:16:45+00:00,2e7b230,model2,xgboost,persistence,test,macro,+1d,all,ece,0.0174,0.0092,-0.8993,1,7905002,dem=glo30-2021;ecmwf=open-0p25;generator=synthetic-1;gfm=V0M2R2;glofas=4.5;imerg=V07;sentinel1=synthetic,IoU/F1 at thresholds tuned on the validation event
2026-09-27T10:16:45+00:00,2e7b230,model2,xgboost,persistence,test,macro,+1d,all,f1,0.1097,0.6836,-1.8144,1,7905002,dem=glo30-2021;ecmwf=open-0p25;generator=synthetic-1;gfm=V0M2R2;glofas=4.5;imerg=V07;sentinel1=synthetic,IoU/F1 at thresholds tuned on the validation event
2026-09-27T10:16:45+00:00,2e7b230,model2,xgboost,persistence,test,macro,+1d,all,iou,0.058,0.5193,-0.9598,1,7905002,dem=glo30-2021;ecmwf=open-0p25;generator=synthetic-1;gfm=V0M2R2;glofas=4.5;imerg=V07;sentinel1=synthetic,IoU/F1 at thresholds tuned on the validation event
2026-09-27T10:16:45+00:00,2e7b230,model2,xgboost,persistence,test,macro,+1d,all,precision,0.5198,0.6844,-0.5216,1,7905002,dem=glo30-2021;ecmwf=open-0p25;generator=synthetic-1;gfm=V0M2R2;glofas=4.5;imerg=V07;sentinel1=synthetic,IoU/F1 at thresholds tuned on the validation event
2026-09-27T10:16:45+00:00,2e7b230,model2,xgboost,persistence,test,macro,+1d,all,recall,0.0613,0.6829,-1.9603,1,7905002,dem=glo30-2021;ecmwf=open-0p25;generator=synthetic-1;gfm=V0M2R2;glofas=4.5;imerg=V07;sentinel1=synthetic,IoU/F1 at thresholds tuned on the validation event
2026-09-27T10:16:45+00:00,2e7b230,model2,xgboost,persistence,test,macro,+1d,drained,brier,0.6295,0.3034,-1.0749,1,202742,dem=glo30-2021;ecmwf=open-0p25;generator=synthetic-1;gfm=V0M2R2;glofas=4.5;imerg=V07;sentinel1=synthetic,IoU/F1 at thresholds tuned on the validation event
2026-09-27T10:16:45+00:00,2e7b230,model2,xgboost,persistence,test,macro,+1d,drained,ece,0.6446,0.2956,-1.1807,1,202742,dem=glo30-2021;ecmwf=open-0p25;generator=synthetic-1;gfm=V0M2R2;glofas=4.5;imerg=V07;sentinel1=synthetic,IoU/F1 at thresholds tuned on the validation event
2026-09-27T10:16:45+00:00,2e7b230,model2,xgboost,persistence,test,macro,+1d,drained,f1,0.481,0.0,0.481,1,202742,dem=glo30-2021;ecmwf=open-0p25;generator=synthetic-1;gfm=V0M2R2;glofas=4.5;imerg=V07;sentinel1=synthetic,IoU/F1 at thresholds tuned on the validation event
2026-09-27T10:16:45+00:00,2e7b230,model2,xgboost,persistence,test,macro,+1d,drained,iou,0.3166,0.0,0.3166,1,202742,dem=glo30-2021;ecmwf=open-0p25;generator=synthetic-1;gfm=V0M2R2;glofas=4.5;imerg=V07;sentinel1=synthetic,IoU/F1 at thresholds tuned on the validation event
2026-09-27T10:16:45+00:00,2e7b230,model2,xgboost,persistence,test,macro,+1d,drained,precision,0.3166,,,1,202742,dem=glo30-2021;ecmwf=open-0p25;generator=synthetic-1;gfm=V0M2R2;glofas=4.5;imerg=V07;sentinel1=synthetic,IoU/F1 at thresholds tuned on the validation event
2026-09-27T10:16:45+00:00,2e7b230,model2,xgboost,persistence,test,macro,+1d,drained,recall,1.0,0.0,1.0,1,202742,dem=glo30-2021;ecmwf=open-0p25;generator=synthetic-1;gfm=V0M2R2;glofas=4.5;imerg=V07;sentinel1=synthetic,IoU/F1 at thresholds tuned on the validation event
2026-09-27T10:16:45+00:00,2e7b230,model2,xgboost,persistence,test,macro,+1d,near_breach,brier,0.3803,0.1749,-1.1736,1,16202,dem=glo30-2021;ecmwf=open-0p25;generator=synthetic-1;gfm=V0M2R2;glofas=4.5;imerg=V07;sentinel1=synthetic,IoU/F1 at thresholds tuned on the validation event
2026-09-27T10:16:45+00:00,2e7b230,model2,xgboost,persistence,test,macro,+1d,near_breach,ece,0.4015,0.1652,-1.4306,1,16202,dem=glo30-2021;ecmwf=open-0p25;generator=synthetic-1;gfm=V0M2R2;glofas=4.5;imerg=V07;sentinel1=synthetic,IoU/F1 at thresholds tuned on the validation event
2026-09-27T10:16:45+00:00,2e7b230,model2,xgboost,persistence,test,macro,+1d,near_breach,f1,0.0636,0.7931,-3.5264,1,16202,dem=glo30-2021;ecmwf=open-0p25;generator=synthetic-1;gfm=V0M2R2;glofas=4.5;imerg=V07;sentinel1=synthetic,IoU/F1 at thresholds tuned on the validation event
2026-09-27T10:16:45+00:00,2e7b230,model2,xgboost,persistence,test,macro,+1d,near_breach,iou,0.0328,0.6572,-1.8211,1,16202,dem=glo30-2021;ecmwf=open-0p25;generator=synthetic-1;gfm=V0M2R2;glofas=4.5;imerg=V07;sentinel1=synthetic,IoU/F1 at thresholds tuned on the validation event
2026-09-27T10:16:45+00:00,2e7b230,model2,xgboost,persistence,test,macro,+1d,near_breach,precision,0.827,0.9175,-1.0952,1,16202,dem=glo30-2021;ecmwf=open-0p25;generator=synthetic-1;gfm=V0M2R2;glofas=4.5;imerg=V07;sentinel1=synthetic,IoU/F1 at thresholds tuned on the validation event
2026-09-27T10:16:45+00:00,2e7b230,model2,xgboost,persistence,test,macro,+1d,near_breach,recall,0.0331,0.6985,-2.2068,1,16202,dem=glo30-2021;ecmwf=open-0p25;generator=synthetic-1;gfm=V0M2R2;glofas=4.5;imerg=V07;sentinel1=synthetic,IoU/F1 at thresholds tuned on the validation event
2026-09-27T10:16:45+00:00,2e7b230,model2,xgboost,persistence,test,macro,+1d,newly_flooded,brier,0.0117,0.0083,-0.4142,1,7702260,dem=glo30-2021;ecmwf=open-0p25;generator=synthetic-1;gfm=V0M2R2;glofas=4.5;imerg=V07;sentinel1=synthetic,IoU/F1 at thresholds tuned on the validation event
2026-09-27T10:16:45+00:00,2e7b230,model2,xgboost,persistence,test,macro,+1d,newly_flooded,ece,0.0174,0.0016,-9.6194,1,7702260,dem=glo30-2021;ecmwf=open-0p25;generator=synthetic-1;gfm=V0M2R2;glofas=4.5;imerg=V07;sentinel1=synthetic,IoU/F1 at thresholds tuned on the validation event
2026-09-27T10:16:45+00:00,2e7b230,model2,xgboost,persistence,test,macro,+1d,newly_flooded,f1,0.2691,0.0,0.2691,1,7702260,dem=glo30-2021;ecmwf=open-0p25;generator=synthetic-1;gfm=V0M2R2;glofas=4.5;imerg=V07;sentinel1=synthetic,IoU/F1 at thresholds tuned on the validation event
2026-09-27T10:16:45+00:00,2e7b230,model2,xgboost,persistence,test,macro,+1d,newly_flooded,iou,0.1555,0.0,0.1555,1,7702260,dem=glo30-2021;ecmwf=open-0p25;generator=synthetic-1;gfm=V0M2R2;glofas=4.5;imerg=V07;sentinel1=synthetic,IoU/F1 at thresholds tuned on the validation event
2026-09-27T10:16:45+00:00,2e7b230,model2,xgboost,persistence,test,macro,+1d,newly_flooded,precision,0.5064,,,1,7702260,dem=glo30-2021;ecmwf=open-0p25;generator=synthetic-1;gfm=V0M2R2;glofas=4.5;imerg=V07;sentinel1=synthetic,IoU/F1 at thresholds tuned on the validation event
2026-09-27T10:16:45+00:00,2e7b230,model2,xgboost,persistence,test,macro,+1d,newly_flooded,recall,0.1832,0.0,0.1832,1,7702260,dem=glo30-2021;ecmwf=open-0p25;generator=synthetic-1;gfm=V0M2R2;glofas=4.5;imerg=V07;sentinel1=synthetic,IoU/F1 at thresholds tuned on the validation event
2026-09-27T10:16:45+00:00,2e7b230,model2,xgboost,persistence,test,macro,+2d,all,brier,0.0287,0.016,-0.7927,1,5286018,dem=glo30-2021;ecmwf=open-0p25;generator=synthetic-1;gfm=V0M2R2;glofas=4.5;imerg=V07;sentinel1=synthetic,IoU/F1 at thresholds tuned on the validation event
2026-09-27T10:16:45+00:00,2e7b230,model2,xgboost,persistence,test,macro,+2d,all,ece,0.0191,0.0094,-1.043,1,5286018,dem=glo30-2021;ecmwf=open-0p25;generator=synthetic-1;gfm=V0M2R2;glofas=4.5;imerg=V07;sentinel1=synthetic,IoU/F1 at thresholds tuned on the validation event
2026-09-27T10:16:45+00:00,2e7b230,model2,xgboost,persistence,test,macro,+2d,all,f1,0.1497,0.6849,-1.6984,1,5286018,dem=glo30-2021;ecmwf=open-0p25;generator=synthetic-1;gfm=V0M2R2;glofas=4.5;imerg=V07;sentinel1=synthetic,IoU/F1 at thresholds tuned on the validation event
2026-09-27T10:16:45+00:00,2e7b230,model2,xgboost,persistence,test,macro,+2d,all,iou,0.0809,0.5208,-0.9179,1,5286018,dem=glo30-2021;ecmwf=open-0p25;generator=synthetic-1;gfm=V0M2R2;glofas=4.5;imerg=V07;sentinel1=synthetic,IoU/F1 at thresholds tuned on the validation event
2026-09-27T10:16:45+00:00,2e7b230,model2,xgboost,persistence,test,macro,+2d,all,precision,0.3507,0.6831,-1.0491,1,5286018,dem=glo30-2021;ecmwf=open-0p25;generator=synthetic-1;gfm=V0M2R2;glofas=4.5;imerg=V07;sentinel1=synthetic,IoU/F1 at thresholds tuned on the validation event
2026-09-27T10:16:45+00:00,2e7b230,model2,xgboost,persistence,test,macro,+2d,all,recall,0.0952,0.6867,-1.8878,1,5286018,dem=glo30-2021;ecmwf=open-0p25;generator=synthetic-1;gfm=V0M2R2;glofas=4.5;imerg=V07;sentinel1=synthetic,IoU/F1 at thresholds tuned on the validation event
2026-09-27T10:16:45+00:00,2e7b230,model2,xgboost,persistence,test,macro,+2d,drained,brier,0.6208,0.3046,-1.0382,1,137851,dem=glo30-2021;ecmwf=open-0p25;generator=synthetic-1;gfm=V0M2R2;glofas=4.5;imerg=V07;sentinel1=synthetic,IoU/F1 at thresholds tuned on the validation event
2026-09-27T10:16:45+00:00,2e7b230,model2,xgboost,persistence,test,macro,+2d,drained,ece,0.6378,0.2969,-1.1485,1,137851,dem=glo30-2021;ecmwf=open-0p25;generator=synthetic-1;gfm=V0M2R2;glofas=4.5;imerg=V07;sentinel1=synthetic,IoU/F1 at thresholds tuned on the validation event
2026-09-27T10:16:45+00:00,2e7b230,model2,xgboost,persistence,test,macro,+2d,drained,f1,0.4843,0.0,0.4843,1,137851,dem=glo30-2021;ecmwf=open-0p25;generator=synthetic-1;gfm=V0M2R2;glofas=4.5;imerg=V07;sentinel1=synthetic,IoU/F1 at thresholds tuned on the validation event
2026-09-27T10:16:45+00:00,2e7b230,model2,xgboost,persistence,test,macro,+2d,drained,iou,0.3195,0.0,0.3195,1,137851,dem=glo30-2021;ecmwf=open-0p25;generator=synthetic-1;gfm=V0M2R2;glofas=4.5;imerg=V07;sentinel1=synthetic,IoU/F1 at thresholds tuned on the validation event
2026-09-27T10:16:45+00:00,2e7b230,model2,xgboost,persistence,test,macro,+2d,drained,precision,0.3195,,,1,137851,dem=glo30-2021;ecmwf=open-0p25;generator=synthetic-1;gfm=V0M2R2;glofas=4.5;imerg=V07;sentinel1=synthetic,IoU/F1 at thresholds tuned on the validation event
2026-09-27T10:16:45+00:00,2e7b230,model2,xgboost,persistence,test,macro,+2d,drained,recall,1.0,0.0,1.0,1,137851,dem=glo30-2021;ecmwf=open-0p25;generator=synthetic-1;gfm=V0M2R2;glofas=4.5;imerg=V07;sentinel1=synthetic,IoU/F1 at thresholds tuned on the validation event
2026-09-27T10:16:45+00:00,2e7b230,model2,xgboost,persistence,test,macro,+2d,near_breach,brier,0.3591,0.2006,-0.7903,1,10706,dem=glo30-2021;ecmwf=open-0p25;generator=synthetic-1;gfm=V0M2R2;glofas=4.5;imerg=V07;sentinel1=synthetic,IoU/F1 at thresholds tuned on the validation event
2026-09-27T10:16:45+00:00,2e7b230,model2,xgboost,persistence,test,macro,+2d,near_breach,ece,0.3695,0.1921,-0.9239,1,10706,dem=glo30-2021;ecmwf=open-0p25;generator=synthetic-1;gfm=V0M2R2;glofas=4.5;imerg=V07;sentinel1=synthetic,IoU/F1 at thresholds tuned on the validation event
2026-09-27T10:16:45+00:00,2e7b230,model2,xgboost,persistence,test,macro,+2d,near_breach,f1,0.1647,0.7906,-2.9897,1,10706,dem=glo30-2021;ecmwf=open-0p25;generator=synthetic-1;gfm=V0M2R2;glofas=4.5;imerg=V07;sentinel1=synthetic,IoU/F1 at thresholds tuned on the validation event
2026-09-27T10:16:45+00:00,2e7b230,model2,xgboost,persistence,test,macro,+2d,near_breach,iou,0.0898,0.6538,-1.6291,1,10706,dem=glo30-2021;ecmwf=open-0p25;generator=synthetic-1;gfm=V0M2R2;glofas=4.5;imerg=V07;sentinel1=synthetic,IoU/F1 at thresholds tuned on the validation event
2026-09-27T10:16:45+00:00,2e7b230,model2,xgboost,persistence,test,macro,+2d,near_breach,precision,0.9356,0.7254,0.7656,1,10706,dem=glo30-2021;ecmwf=open-0p25;generator=synthetic-1;gfm=V0M2R2;glofas=4.5;imerg=V07;sentinel1=synthetic,IoU/F1 at thresholds tuned on the validation event
2026-09-27T10:16:45+00:00,2e7b230,model2,xgboost,persistence,test,macro,+2d,near_breach,recall,0.0903,0.8689,-5.9368,1,10706,dem=glo30-2021;ecmwf=open-0p25;generator=synthetic-1;gfm=V0M2R2;glofas=4.5;imerg=V07;sentinel1=synthetic,IoU/F1 at thresholds tuned on the validation event
2026-09-27T10:16:45+00:00,2e7b230,model2,xgboost,persistence,test,macro,+2d,newly_flooded,brier,0.0128,0.0083,-0.5508,1,5148167,dem=glo30-2021;ecmwf=open-0p25;generator=synthetic-1;gfm=V0M2R2;glofas=4.5;imerg=V07;sentinel1=synthetic,IoU/F1 at thresholds tuned on the validation event
2026-09-27T10:16:45+00:00,2e7b230,model2,xgboost,persistence,test,macro,+2d,newly_flooded,ece,0.0179,0.0017,-9.8024,1,5148167,dem=glo30-2021;ecmwf=open-0p25;generator=synthetic-1;gfm=V0M2R2;glofas=4.5;imerg=V07;sentinel1=synthetic,IoU/F1 at thresholds tuned on the validation event
2026-09-27T10:16:45+00:00,2e7b230,model2,xgboost,persistence,test,macro,+2d,newly_flooded,f1,0.3011,0.0,0.3011,1,5148167,dem=glo30-2021;ecmwf=open-0p25;generator=synthetic-1;gfm=V0M2R2;glofas=4.5;imerg=V07;sentinel1=synthetic,IoU/F1 at thresholds tuned on the validation event
2026-09-27T10:16:45+00:00,2e7b230,model2,xgboost,persistence,test,macro,+2d,newly_flooded,iou,0.1773,0.0,0.1773,1,5148167,dem=glo30-2021;ecmwf=open-0p25;generator=synthetic-1;gfm=V0M2R2;glofas=4.5;imerg=V07;sentinel1=synthetic,IoU/F1 at thresholds tuned on the validation event
2026-09-27T10:16:45+00:00,2e7b230,model2,xgboost,persistence,test,macro,+2d,newly_flooded,precision,0.33,,,1,5148167,dem=glo30-2021;ecmwf=open-0p25;generator=synthetic-1;gfm=V0M2R2;glofas=4.5;imerg=V07;sentinel1=synthetic,IoU/F1 at thresholds tuned on the validation event
2026-09-27T10:16:45+00:00,2e7b230,model2,xgboost,persistence,test,macro,+2d,newly_flooded,recall,0.2769,0.0,0.2769,1,5148167,dem=glo30-2021;ecmwf=open-0p25;generator=synthetic-1;gfm=V0M2R2;glofas=4.5;imerg=V07;sentinel1=synthetic,IoU/F1 at thresholds tuned on the validation event
2026-09-27T10:16:45+00:00,2e7b230,model2,xgboost,persistence,test,macro,+3d,all,brier,0.0272,0.0197,-0.38,1,5286018,dem=glo30-2021;ecmwf=open-0p25;generator=synthetic-1;gfm=V0M2R2;glofas=4.5;imerg=V07;sentinel1=synthetic,IoU/F1 at thresholds tuned on the validation event
2026-09-27T10:16:45+00:00,2e7b230,model2,xgboost,persistence,test,macro,+3d,all,ece,0.0152,0.0099,-0.5302,1,5286018,dem=glo30-2021;ecmwf=open-0p25;generator=synthetic-1;gfm=V0M2R2;glofas=4.5;imerg=V07;sentinel1=synthetic,IoU/F1 at thresholds tuned on the validation event
2026-09-27T10:16:45+00:00,2e7b230,model2,xgboost,persistence,test,macro,+3d,all,f1,0.1677,0.605,-1.107,1,5286018,dem=glo30-2021;ecmwf=open-0p25;generator=synthetic-1;gfm=V0M2R2;glofas=4.5;imerg=V07;sentinel1=synthetic,IoU/F1 at thresholds tuned on the validation event
2026-09-27T10:16:45+00:00,2e7b230,model2,xgboost,persistence,test,macro,+3d,all,iou,0.0915,0.4337,-0.6042,1,5286018,dem=glo30-2021;ecmwf=open-0p25;generator=synthetic-1;gfm=V0M2R2;glofas=4.5;imerg=V07;sentinel1=synthetic,IoU/F1 at thresholds tuned on the validation event
2026-09-27T10:16:45+00:00,2e7b230,model2,xgboost,persistence,test,macro,+3d,all,precision,0.5165,0.6151,-0.2562,1,5286018,dem=glo30-2021;ecmwf=open-0p25;generator=synthetic-1;gfm=V0M2R2;glofas=4.5;imerg=V07;sentinel1=synthetic,IoU/F1 at thresholds tuned on the validation event
2026-09-27T10:16:45+00:00,2e7b230,model2,xgboost,persistence,test,macro,+3d,all,recall,0.1001,0.5952,-1.2231,1,5286018,dem=glo30-2021;ecmwf=open-0p25;generator=synthetic-1;gfm=V0M2R2;glofas=4.5;imerg=V07;sentinel1=synthetic,IoU/F1 at thresholds tuned on the validation event
2026-09-27T10:16:45+00:00,2e7b230,model2,xgboost,persistence,test,macro,+3d,drained,brier,0.5536,0.3699,-0.4966,1,132706,dem=glo30-2021;ecmwf=open-0p25;generator=synthetic-1;gfm=V0M2R2;glofas=4.5;imerg=V07;sentinel1=synthetic,IoU/F1 at thresholds tuned on the validation event
2026-09-27T10:16:45+00:00,2e7b230,model2,xgboost,persistence,test,macro,+3d,drained,ece,0.5694,0.3649,-0.5606,1,132706,dem=glo30-2021;ecmwf=open-0p25;generator=synthetic-1;gfm=V0M2R2;glofas=4.5;imerg=V07;sentinel1=synthetic,IoU/F1 at thresholds tuned on the validation event
2026-09-27T10:16:45+00:00,2e7b230,model2,xgboost,persistence,test,macro,+3d,drained,f1,0.5596,0.0,0.5596,1,132706,dem=glo30-2021;ecmwf=open-0p25;generator=synthetic-1;gfm=V0M2R2;glofas=4.5;imerg=V07;sentinel1=synthetic,IoU/F1 at thresholds tuned on the validation event
2026-09-27T10:16:45+00:00,2e7b230,model2,xgboost,persistence,test,macro,+3d,drained,iou,0.3885,0.0,0.3885,1,132706,dem=glo30-2021;ecmwf=open-0p25;generator=synthetic-1;gfm=V0M2R2;glofas=4.5;imerg=V07;sentinel1=synthetic,IoU/F1 at thresholds tuned on the validation event
2026-09-27T10:16:45+00:00,2e7b230,model2,xgboost,persistence,test,macro,+3d,drained,precision,0.3885,,,1,132706,dem=glo30-2021;ecmwf=open-0p25;generator=synthetic-1;gfm=V0M2R2;glofas=4.5;imerg=V07;sentinel1=synthetic,IoU/F1 at thresholds tuned on the validation event
2026-09-27T10:16:45+00:00,2e7b230,model2,xgboost,persistence,test,macro,+3d,drained,recall,1.0,0.0,1.0,1,132706,dem=glo30-2021;ecmwf=open-0p25;generator=synthetic-1;gfm=V0M2R2;glofas=4.5;imerg=V07;sentinel1=synthetic,IoU/F1 at thresholds tuned on the validation event
2026-09-27T10:16:45+00:00,2e7b230,model2,xgboost,persistence,test,macro,+3d,near_breach,brier,0.3528,0.2592,-0.3608,1,10706,dem=glo30-2021;ecmwf=open-0p25;generator=synthetic-1;gfm=V0M2R2;glofas=4.5;imerg=V07;sentinel1=synthetic,IoU/F1 at thresholds tuned on the validation event
2026-09-27T10:16:45+00:00,2e7b230,model2,xgboost,persistence,test,macro,+3d,near_breach,ece,0.3604,0.2525,-0.4273,1,10706,dem=glo30-2021;ecmwf=open-0p25;generator=synthetic-1;gfm=V0M2R2;glofas=4.5;imerg=V07;sentinel1=synthetic,IoU/F1 at thresholds tuned on the validation event
2026-09-27T10:16:45+00:00,2e7b230,model2,xgboost,persistence,test,macro,+3d,near_breach,f1,0.1938,0.711,-1.7896,1,10706,dem=glo30-2021;ecmwf=open-0p25;generator=synthetic-1;gfm=V0M2R2;glofas=4.5;imerg=V07;sentinel1=synthetic,IoU/F1 at thresholds tuned on the validation event
2026-09-27T10:16:45+00:00,2e7b230,model2,xgboost,persistence,test,macro,+3d,near_breach,iou,0.1073,0.5516,-0.9908,1,10706,dem=glo30-2021;ecmwf=open-0p25;generator=synthetic-1;gfm=V0M2R2;glofas=4.5;imerg=V07;sentinel1=synthetic,IoU/F1 at thresholds tuned on the validation event
2026-09-27T10:16:45+00:00,2e7b230,model2,xgboost,persistence,test,macro,+3d,near_breach,precision,0.9456,0.6938,0.8222,1,10706,dem=glo30-2021;ecmwf=open-0p25;generator=synthetic-1;gfm=V0M2R2;glofas=4.5;imerg=V07;sentinel1=synthetic,IoU/F1 at thresholds tuned on the validation event
2026-09-27T10:16:45+00:00,2e7b230,model2,xgboost,persistence,test,macro,+3d,near_breach,recall,0.1079,0.729,-2.292,1,10706,dem=glo30-2021;ecmwf=open-0p25;generator=synthetic-1;gfm=V0M2R2;glofas=4.5;imerg=V07;sentinel1=synthetic,IoU/F1 at thresholds tuned on the validation event
2026-09-27T10:16:45+00:00,2e7b230,model2,xgboost,persistence,test,macro,+3d,newly_flooded,brier,0.0136,0.0107,-0.2758,1,5153312,dem=glo30-2021;ecmwf=open-0p25;generator=synthetic-1;gfm=V0M2R2;glofas=4.5;imerg=V07;sentinel1=synthetic,IoU/F1 at thresholds tuned on the validation event
2026-09-27T10:16:45+00:00,2e7b230,model2,xgboost,persistence,test,macro,+3d,newly_flooded,ece,0.0173,0.0008,-21.4197,1,5153312,dem=glo30-2021;ecmwf=open-0p25;generator=synthetic-1;gfm=V0M2R2;glofas=4.5;imerg=V07;sentinel1=synthetic,IoU/F1 at thresholds tuned on the validation event
2026-09-27T10:16:45+00:00,2e7b230,model2,xgboost,persistence,test,macro,+3d,newly_flooded,f1,0.3092,0.0,0.3092,1,5153312,dem=glo30-2021;ecmwf=open-0p25;generator=synthetic-1;gfm=V0M2R2;glofas=4.5;imerg=V07;sentinel1=synthetic,IoU/F1 at thresholds tuned on the validation event
2026-09-27T10:16:45+00:00,2e7b230,model2,xgboost,persistence,test,macro,+3d,newly_flooded,iou,0.1829,0.0,0.1829,1,5153312,dem=glo30-2021;ecmwf=open-0p25;generator=synthetic-1;gfm=V0M2R2;glofas=4.5;imerg=V07;sentinel1=synthetic,IoU/F1 at thresholds tuned on the validation event
2026-09-27T10:16:45+00:00,2e7b230,model2,xgboost,persistence,test,macro,+3d,newly_flooded,precision,0.4931,,,1,5153312,dem=glo30-2021;ecmwf=open-0p25;generator=synthetic-1;gfm=V0M2R2;glofas=4.5;imerg=V07;sentinel1=synthetic,IoU/F1 at thresholds tuned on the validation event
2026-09-27T10:16:45+00:00,2e7b230,model2,xgboost,persistence,test,macro,+3d,newly_flooded,recall,0.2252,0.0,0.2252,1,5153312,dem=glo30-2021;ecmwf=open-0p25;generator=synthetic-1;gfm=V0M2R2;glofas=4.5;imerg=V07;sentinel1=synthetic,IoU/F1 at thresholds tuned on the validation event
2026-09-27T10:16:45+00:00,2e7b230,model2,xgboost,persistence,test,macro,+4d,all,brier,0.0266,0.0218,-0.2208,1,5286018,dem=glo30-2021;ecmwf=open-0p25;generator=synthetic-1;gfm=V0M2R2;glofas=4.5;imerg=V07;sentinel1=synthetic,IoU/F1 at thresholds tuned on the validation event
2026-09-27T10:16:45+00:00,2e7b230,model2,xgboost,persistence,test,macro,+4d,all,ece,0.0165,0.0121,-0.3658,1,5286018,dem=glo30-2021;ecmwf=open-0p25;generator=synthetic-1;gfm=V0M2R2;glofas=4.5;imerg=V07;sentinel1=synthetic,IoU/F1 at thresholds tuned on the validation event
2026-09-27T10:16:45+00:00,2e7b230,model2,xgboost,persistence,test,macro,+4d,all,f1,0.1208,0.5777,-1.082,1,5286018,dem=glo30-2021;ecmwf=open-0p25;generator=synthetic-1;gfm=V0M2R2;glofas=4.5;imerg=V07;sentinel1=synthetic,IoU/F1 at thresholds tuned on the validation event
2026-09-27T10:16:45+00:00,2e7b230,model2,xgboost,persistence,test,macro,+4d,all,iou,0.0643,0.4062,-0.5758,1,5286018,dem=glo30-2021;ecmwf=open-0p25;generator=synthetic-1;gfm=V0M2R2;glofas=4.5;imerg=V07;sentinel1=synthetic,IoU/F1 at thresholds tuned on the validation event
2026-09-27T10:16:45+00:00,2e7b230,model2,xgboost,persistence,test,macro,+4d,all,precision,0.5881,0.5671,0.0484,1,5286018,dem=glo30-2021;ecmwf=open-0p25;generator=synthetic-1;gfm=V0M2R2;glofas=4.5;imerg=V07;sentinel1=synthetic,IoU/F1 at thresholds tuned on the validation event
2026-09-27T10:16:45+00:00,2e7b230,model2,xgboost,persistence,test,macro,+4d,all,recall,0.0673,0.5887,-1.2675,1,5286018,dem=glo30-2021;ecmwf=open-0p25;generator=synthetic-1;gfm=V0M2R2;glofas=4.5;imerg=V07;sentinel1=synthetic,IoU/F1 at thresholds tuned on the validation event
2026-09-27T10:16:45+00:00,2e7b230,model2,xgboost,persistence,test,macro,+4d,drained,brier,0.5066,0.4159,-0.2179,1,142342,dem=glo30-2021;ecmwf=open-0p25;generator=synthetic-1;gfm=V0M2R2;glofas=4.5;imerg=V07;sentinel1=synthetic,IoU/F1 at thresholds tuned on the validation event
2026-09-27T10:16:45+00:00,2e7b230,model2,xgboost,persistence,test,macro,+4d,drained,ece,0.5223,0.4129,-0.2651,1,142342,dem=glo30-2021;ecmwf=open-0p25;generator=synthetic-1;gfm=V0M2R2;glofas=4.5;imerg=V07;sentinel1=synthetic,IoU/F1 at thresholds tuned on the validation event
2026-09-27T10:16:45+00:00,2e7b230,model2,xgboost,persistence,test,macro,+4d,drained,f1,0.6042,0.0,0.6042,1,142342,dem=glo30-2021;ecmwf=open-0p25;generator=synthetic-1;gfm=V0M2R2;glofas=4.5;imerg=V07;sentinel1=synthetic,IoU/F1 at thresholds tuned on the validation event
2026-09-27T10:16:45+00:00,2e7b230,model2,xgboost,persistence,test,macro,+4d,drained,iou,0.4329,0.0,0.4329,1,142342,dem=glo30-2021;ecmwf=open-0p25;generator=synthetic-1;gfm=V0M2R2;glofas=4.5;imerg=V07;sentinel1=synthetic,IoU/F1 at thresholds tuned on the validation event
2026-09-27T10:16:45+00:00,2e7b230,model2,xgboost,persistence,test,macro,+4d,drained,precision,0.4329,,,1,142342,dem=glo30-2021;ecmwf=open-0p25;generator=synthetic-1;gfm=V0M2R2;glofas=4.5;imerg=V07;sentinel1=synthetic,IoU/F1 at thresholds tuned on the validation event
2026-09-27T10:16:45+00:00,2e7b230,model2,xgboost,persistence,test,macro,+4d,drained,recall,1.0,0.0,1.0,1,142342,dem=glo30-2021;ecmwf=open-0p25;generator=synthetic-1;gfm=V0M2R2;glofas=4.5;imerg=V07;sentinel1=synthetic,IoU/F1 at thresholds tuned on the validation event
2026-09-27T10:16:45+00:00,2e7b230,model2,xgboost,persistence,test,macro,+4d,near_breach,brier,0.2915,0.2801,-0.0407,1,10832,dem=glo30-2021;ecmwf=open-0p25;generator=synthetic-1;gfm=V0M2R2;glofas=4.5;imerg=V07;sentinel1=synthetic,IoU/F1 at thresholds tuned on the validation event
2026-09-27T10:16:45+00:00,2e7b230,model2,xgboost,persistence,test,macro,+4d,near_breach,ece,0.2861,0.2756,-0.0379,1,10832,dem=glo30-2021;ecmwf=open-0p25;generator=synthetic-1;gfm=V0M2R2;glofas=4.5;imerg=V07;sentinel1=synthetic,IoU/F1 at thresholds tuned on the validation event
2026-09-27T10:16:45+00:00,2e7b230,model2,xgboost,persistence,test,macro,+4d,near_breach,f1,0.0019,0.5818,-1.3866,1,10832,dem=glo30-2021;ecmwf=open-0p25;generator=synthetic-1;gfm=V0M2R2;glofas=4.5;imerg=V07;sentinel1=synthetic,IoU/F1 at thresholds tuned on the validation event
2026-09-27T10:16:45+00:00,2e7b230,model2,xgboost,persistence,test,macro,+4d,near_breach,iou,0.0009,0.4102,-0.694,1,10832,dem=glo30-2021;ecmwf=open-0p25;generator=synthetic-1;gfm=V0M2R2;glofas=4.5;imerg=V07;sentinel1=synthetic,IoU/F1 at thresholds tuned on the validation event
2026-09-27T10:16:45+00:00,2e7b230,model2,xgboost,persistence,test,macro,+4d,near_breach,precision,1.0,0.5053,1.0,1,10832,dem=glo30-2021;ecmwf=open-0p25;generator=synthetic-1;gfm=V0M2R2;glofas=4.5;imerg=V07;sentinel1=synthetic,IoU/F1 at thresholds tuned on the validation event
2026-09-27T10:16:45+00:00,2e7b230,model2,xgboost,persistence,test,macro,+4d,near_breach,recall,0.0009,0.6855,-2.1768,1,10832,dem=glo30-2021;ecmwf=open-0p25;generator=synthetic-1;gfm=V0M2R2;glofas=4.5;imerg=V07;sentinel1=synthetic,IoU/F1 at thresholds tuned on the validation event
2026-09-27T10:16:45+00:00,2e7b230,model2,xgboost,persistence,test,macro,+4d,newly_flooded,brier,0.0133,0.0108,-0.2238,1,5143676,dem=glo30-2021;ecmwf=open-0p25;generator=synthetic-1;gfm=V0M2R2;glofas=4.5;imerg=V07;sentinel1=synthetic,IoU/F1 at thresholds tuned on the validation event
2026-09-27T10:16:45+00:00,2e7b230,model2,xgboost,persistence,test,macro,+4d,newly_flooded,ece,0.0144,0.001,-13.8781,1,5143676,dem=glo30-2021;ecmwf=open-0p25;generator=synthetic-1;gfm=V0M2R2;glofas=4.5;imerg=V07;sentinel1=synthetic,IoU/F1 at thresholds tuned on the validation event
2026-09-27T10:16:45+00:00,2e7b230,model2,xgboost,persistence,test,macro,+4d,newly_flooded,f1,0.256,0.0,0.256,1,5143676,dem=glo30-2021;ecmwf=open-0p25;generator=synthetic-1;gfm=V0M2R2;glofas=4.5;imerg=V07;sentinel1=synthetic,IoU/F1 at thresholds tuned on the validation event
2026-09-27T10:16:45+00:00,2e7b230,model2,xgboost,persistence,test,macro,+4d,newly_flooded,iou,0.1468,0.0,0.1468,1,5143676,dem=glo30-2021;ecmwf=open-0p25;generator=synthetic-1;gfm=V0M2R2;glofas=4.5;imerg=V07;sentinel1=synthetic,IoU/F1 at thresholds tuned on the validation event
2026-09-27T10:16:45+00:00,2e7b230,model2,xgboost,persistence,test,macro,+4d,newly_flooded,precision,0.5881,,,1,5143676,dem=glo30-2021;ecmwf=open-0p25;generator=synthetic-1;gfm=V0M2R2;glofas=4.5;imerg=V07;sentinel1=synthetic,IoU/F1 at thresholds tuned on the validation event
2026-09-27T10:16:45+00:00,2e7b230,model2,xgboost,persistence,test,macro,+4d,newly_flooded,recall,0.1636,0.0,0.1636,1,5143676,dem=glo30-2021;ecmwf=open-0p25;generator=synthetic-1;gfm=V0M2R2;glofas=4.5;imerg=V07;sentinel1=synthetic,IoU/F1 at thresholds tuned on the validation event
2026-09-27T10:16:45+00:00,2e7b230,model2,xgboost,persistence,test,macro,+5d,all,brier,0.0255,0.0273,0.0651,1,5286018,dem=glo30-2021;ecmwf=open-0p25;generator=synthetic-1;gfm=V0M2R2;glofas=4.5;imerg=V07;sentinel1=synthetic,IoU/F1 at thresholds tuned on the validation event
2026-09-27T10:16:45+00:00,2e7b230,model2,xgboost,persistence,test,macro,+5d,all,ece,0.0164,0.0178,0.0764,1,5286018,dem=glo30-2021;ecmwf=open-0p25;generator=synthetic-1;gfm=V0M2R2;glofas=4.5;imerg=V07;sentinel1=synthetic,IoU/F1 at thresholds tuned on the validation event
2026-09-27T10:16:45+00:00,2e7b230,model2,xgboost,persistence,test,macro,+5d,all,f1,0.2349,0.4659,-0.4326,1,5286018,dem=glo30-2021;ecmwf=open-0p25;generator=synthetic-1;gfm=V0M2R2;glofas=4.5;imerg=V07;sentinel1=synthetic,IoU/F1 at thresholds tuned on the validation event
2026-09-27T10:16:45+00:00,2e7b230,model2,xgboost,persistence,test,macro,+5d,all,iou,0.1331,0.3037,-0.2451,1,5286018,dem=glo30-2021;ecmwf=open-0p25;generator=synthetic-1;gfm=V0M2R2;glofas=4.5;imerg=V07;sentinel1=synthetic,IoU/F1 at thresholds tuned on the validation event
2026-09-27T10:16:45+00:00,2e7b230,model2,xgboost,persistence,test,macro,+5d,all,precision,0.5075,0.4608,0.0866,1,5286018,dem=glo30-2021;ecmwf=open-0p25;generator=synthetic-1;gfm=V0M2R2;glofas=4.5;imerg=V07;sentinel1=synthetic,IoU/F1 at thresholds tuned on the validation event
2026-09-27T10:16:45+00:00,2e7b230,model2,xgboost,persistence,test,macro,+5d,all,recall,0.1528,0.4712,-0.6021,1,5286018,dem=glo30-2021;ecmwf=open-0p25;generator=synthetic-1;gfm=V0M2R2;glofas=4.5;imerg=V07;sentinel1=synthetic,IoU/F1 at thresholds tuned on the validation event
2026-09-27T10:16:45+00:00,2e7b230,model2,xgboost,persistence,test,macro,+5d,drained,brier,0.44,0.5181,0.1506,1,140243,dem=glo30-2021;ecmwf=open-0p25;generator=synthetic-1;gfm=V0M2R2;glofas=4.5;imerg=V07;sentinel1=synthetic,IoU/F1 at thresholds tuned on the validation event
2026-09-27T10:16:45+00:00,2e7b230,model2,xgboost,persistence,test,macro,+5d,drained,ece,0.4462,0.5192,0.1406,1,140243,dem=glo30-2021;ecmwf=open-0p25;generator=synthetic-1;gfm=V0M2R2;glofas=4.5;imerg=V07;sentinel1=synthetic,IoU/F1 at thresholds tuned on the validation event
2026-09-27T10:16:45+00:00,2e7b230,model2,xgboost,persistence,test,macro,+5d,drained,f1,0.7009,0.0,0.7009,1,140243,dem=glo30-2021;ecmwf=open-0p25;generator=synthetic-1;gfm=V0M2R2;glofas=4.5;imerg=V07;sentinel1=synthetic,IoU/F1 at thresholds tuned on the validation event
2026-09-27T10:16:45+00:00,2e7b230,model2,xgboost,persistence,test,macro,+5d,drained,iou,0.5395,0.0,0.5395,1,140243,dem=glo30-2021;ecmwf=open-0p25;generator=synthetic-1;gfm=V0M2R2;glofas=4.5;imerg=V07;sentinel1=synthetic,IoU/F1 at thresholds tuned on the validation event
2026-09-27T10:16:45+00:00,2e7b230,model2,xgboost,persistence,test,macro,+5d,drained,precision,0.5395,,,1,140243,dem=glo30-2021;ecmwf=open-0p25;generator=synthetic-1;gfm=V0M2R2;glofas=4.5;imerg=V07;sentinel1=synthetic,IoU/F1 at thresholds tuned on the validation event
2026-09-27T10:16:45+00:00,2e7b230,model2,xgboost,persistence,test,macro,+5d,drained,recall,1.0,0.0,1.0,1,140243,dem=glo30-2021;ecmwf=open-0p25;generator=synthetic-1;gfm=V0M2R2;glofas=4.5;imerg=V07;sentinel1=synthetic,IoU/F1 at thresholds tuned on the validation event
2026-09-27T10:16:45+00:00,2e7b230,model2,xgboost,persistence,test,macro,+5d,near_breach,brier,0.2391,0.3029,0.2108,1,8101,dem=glo30-2021;ecmwf=open-0p25;generator=synthetic-1;gfm=V0M2R2;glofas=4.5;imerg=V07;sentinel1=synthetic,IoU/F1 at thresholds tuned on the validation event
2026-09-27T10:16:45+00:00,2e7b230,model2,xgboost,persistence,test,macro,+5d,near_breach,ece,0.2324,0.2997,0.2246,1,8101,dem=glo30-2021;ecmwf=open-0p25;generator=synthetic-1;gfm=V0M2R2;glofas=4.5;imerg=V07;sentinel1=synthetic,IoU/F1 at thresholds tuned on the validation event
2026-09-27T10:16:45+00:00,2e7b230,model2,xgboost,persistence,test,macro,+5d,near_breach,f1,0.0,0.5979,-1.4869,1,8101,dem=glo30-2021;ecmwf=open-0p25;generator=synthetic-1;gfm=V0M2R2;glofas=4.5;imerg=V07;sentinel1=synthetic,IoU/F1 at thresholds tuned on the validation event
2026-09-27T10:16:45+00:00,2e7b230,model2,xgboost,persistence,test,macro,+5d,near_breach,iou,0.0,0.4264,-0.7434,1,8101,dem=glo30-2021;ecmwf=open-0p25;generator=synthetic-1;gfm=V0M2R2;glofas=4.5;imerg=V07;sentinel1=synthetic,IoU/F1 at thresholds tuned on the validation event
2026-09-27T10:16:45+00:00,2e7b230,model2,xgboost,persistence,test,macro,+5d,near_breach,precision,,0.4305,,0,8101,dem=glo30-2021;ecmwf=open-0p25;generator=synthetic-1;gfm=V0M2R2;glofas=4.5;imerg=V07;sentinel1=synthetic,IoU/F1 at thresholds tuned on the validation event
2026-09-27T10:16:45+00:00,2e7b230,model2,xgboost,persistence,test,macro,+5d,near_breach,recall,0.0,0.9784,-45.1905,1,8101,dem=glo30-2021;ecmwf=open-0p25;generator=synthetic-1;gfm=V0M2R2;glofas=4.5;imerg=V07;sentinel1=synthetic,IoU/F1 at thresholds tuned on the validation event
2026-09-27T10:16:45+00:00,2e7b230,model2,xgboost,persistence,test,macro,+5d,newly_flooded,brier,0.0142,0.0139,-0.0217,1,5145775,dem=glo30-2021;ecmwf=open-0p25;generator=synthetic-1;gfm=V0M2R2;glofas=4.5;imerg=V07;sentinel1=synthetic,IoU/F1 at thresholds tuned on the validation event
2026-09-27T10:16:45+00:00,2e7b230,model2,xgboost,persistence,test,macro,+5d,newly_flooded,ece,0.0105,0.0041,-1.5639,1,5145775,dem=glo30-2021;ecmwf=open-0p25;generator=synthetic-1;gfm=V0M2R2;glofas=4.5;imerg=V07;sentinel1=synthetic,IoU/F1 at thresholds tuned on the validation event
2026-09-27T10:16:45+00:00,2e7b230,model2,xgboost,persistence,test,macro,+5d,newly_flooded,f1,0.3672,0.0,0.3672,1,5145775,dem=glo30-2021;ecmwf=open-0p25;generator=synthetic-1;gfm=V0M2R2;glofas=4.5;imerg=V07;sentinel1=synthetic,IoU/F1 at thresholds tuned on the validation event
2026-09-27T10:16:45+00:00,2e7b230,model2,xgboost,persistence,test,macro,+5d,newly_flooded,iou,0.2249,0.0,0.2249,1,5145775,dem=glo30-2021;ecmwf=open-0p25;generator=synthetic-1;gfm=V0M2R2;glofas=4.5;imerg=V07;sentinel1=synthetic,IoU/F1 at thresholds tuned on the validation event
2026-09-27T10:16:45+00:00,2e7b230,model2,xgboost,persistence,test,macro,+5d,newly_flooded,precision,0.5066,,,1,5145775,dem=glo30-2021;ecmwf=open-0p25;generator=synthetic-1;gfm=V0M2R2;glofas=4.5;imerg=V07;sentinel1=synthetic,IoU/F1 at thresholds tuned on the validation event
2026-09-27T10:16:45+00:00,2e7b230,model2,xgboost,persistence,test,macro,+5d,newly_flooded,recall,0.288,0.0,0.288,1,5145775,dem=glo30-2021;ecmwf=open-0p25;generator=synthetic-1;gfm=V0M2R2;glofas=4.5;imerg=V07;sentinel1=synthetic,IoU/F1 at thresholds tuned on the validation event
2026-09-27T10:16:45+00:00,2e7b230,model2,xgboost,persistence,test,macro,+6d,all,brier,0.0241,0.0284,0.1537,1,5286018,dem=glo30-2021;ecmwf=open-0p25;generator=synthetic-1;gfm=V0M2R2;glofas=4.5;imerg=V07;sentinel1=synthetic,IoU/F1 at thresholds tuned on the validation event
2026-09-27T10:16:45+00:00,2e7b230,model2,xgboost,persistence,test,macro,+6d,all,ece,0.0159,0.0189,0.162,1,5286018,dem=glo30-2021;ecmwf=open-0p25;generator=synthetic-1;gfm=V0M2R2;glofas=4.5;imerg=V07;sentinel1=synthetic,IoU/F1 at thresholds tuned on the validation event
2026-09-27T10:16:45+00:00,2e7b230,model2,xgboost,persistence,test,macro,+6d,all,f1,0.2017,0.4566,-0.4689,1,5286018,dem=glo30-2021;ecmwf=open-0p25;generator=synthetic-1;gfm=V0M2R2;glofas=4.5;imerg=V07;sentinel1=synthetic,IoU/F1 at thresholds tuned on the validation event
2026-09-27T10:16:45+00:00,2e7b230,model2,xgboost,persistence,test,macro,+6d,all,iou,0.1122,0.2958,-0.2608,1,5286018,dem=glo30-2021;ecmwf=open-0p25;generator=synthetic-1;gfm=V0M2R2;glofas=4.5;imerg=V07;sentinel1=synthetic,IoU/F1 at thresholds tuned on the validation event
2026-09-27T10:16:45+00:00,2e7b230,model2,xgboost,persistence,test,macro,+6d,all,precision,0.8427,0.441,0.7185,1,5286018,dem=glo30-2021;ecmwf=open-0p25;generator=synthetic-1;gfm=V0M2R2;glofas=4.5;imerg=V07;sentinel1=synthetic,IoU/F1 at thresholds tuned on the validation event
2026-09-27T10:16:45+00:00,2e7b230,model2,xgboost,persistence,test,macro,+6d,all,recall,0.1146,0.4732,-0.6808,1,5286018,dem=glo30-2021;ecmwf=open-0p25;generator=synthetic-1;gfm=V0M2R2;glofas=4.5;imerg=V07;sentinel1=synthetic,IoU/F1 at thresholds tuned on the validation event
2026-09-27T10:16:45+00:00,2e7b230,model2,xgboost,persistence,test,macro,+6d,drained,brier,0.4171,0.537,0.2233,1,147146,dem=glo30-2021;ecmwf=open-0p25;generator=synthetic-1;gfm=V0M2R2;glofas=4.5;imerg=V07;sentinel1=synthetic,IoU/F1 at thresholds tuned on the validation event
2026-09-27T10:16:45+00:00,2e7b230,model2,xgboost,persistence,test,macro,+6d,drained,ece,0.4234,0.539,0.2144,1,147146,dem=glo30-2021;ecmwf=open-0p25;generator=synthetic-1;gfm=V0M2R2;glofas=4.5;imerg=V07;sentinel1=synthetic,IoU/F1 at thresholds tuned on the validation event
2026-09-27T10:16:45+00:00,2e7b230,model2,xgboost,persistence,test,macro,+6d,drained,f1,0.7174,0.0,0.7174,1,147146,dem=glo30-2021;ecmwf=open-0p25;generator=synthetic-1;gfm=V0M2R2;glofas=4.5;imerg=V07;sentinel1=synthetic,IoU/F1 at thresholds tuned on the validation event
2026-09-27T10:16:45+00:00,2e7b230,model2,xgboost,persistence,test,macro,+6d,drained,iou,0.5593,0.0,0.5593,1,147146,dem=glo30-2021;ecmwf=open-0p25;generator=synthetic-1;gfm=V0M2R2;glofas=4.5;imerg=V07;sentinel1=synthetic,IoU/F1 at thresholds tuned on the validation event
2026-09-27T10:16:45+00:00,2e7b230,model2,xgboost,persistence,test,macro,+6d,drained,precision,0.5593,,,1,147146,dem=glo30-2021;ecmwf=open-0p25;generator=synthetic-1;gfm=V0M2R2;glofas=4.5;imerg=V07;sentinel1=synthetic,IoU/F1 at thresholds tuned on the validation event
2026-09-27T10:16:45+00:00,2e7b230,model2,xgboost,persistence,test,macro,+6d,drained,recall,1.0,0.0,1.0,1,147146,dem=glo30-2021;ecmwf=open-0p25;generator=synthetic-1;gfm=V0M2R2;glofas=4.5;imerg=V07;sentinel1=synthetic,IoU/F1 at thresholds tuned on the validation event
2026-09-27T10:16:45+00:00,2e7b230,model2,xgboost,persistence,test,macro,+6d,near_breach,brier,0.2124,0.3748,0.4333,1,10706,dem=glo30-2021;ecmwf=open-0p25;generator=synthetic-1;gfm=V0M2R2;glofas=4.5;imerg=V07;sentinel1=synthetic,IoU/F1 at thresholds tuned on the validation event
2026-09-27T10:16:45+00:00,2e7b230,model2,xgboost,persistence,test,macro,+6d,near_breach,ece,0.2056,0.3741,0.4506,1,10706,dem=glo30-2021;ecmwf=open-0p25;generator=synthetic-1;gfm=V0M2R2;glofas=4.5;imerg=V07;sentinel1=synthetic,IoU/F1 at thresholds tuned on the validation event
2026-09-27T10:16:45+00:00,2e7b230,model2,xgboost,persistence,test,macro,+6d,near_breach,f1,0.0035,0.5145,-1.0527,1,10706,dem=glo30-2021;ecmwf=open-0p25;generator=synthetic-1;gfm=V0M2R2;glofas=4.5;imerg=V07;sentinel1=synthetic,IoU/F1 at thresholds tuned on the validation event
2026-09-27T10:16:45+00:00,2e7b230,model2,xgboost,persistence,test,macro,+6d,near_breach,iou,0.0017,0.3464,-0.5273,1,10706,dem=glo30-2021;ecmwf=open-0p25;generator=synthetic-1;gfm=V0M2R2;glofas=4.5;imerg=V07;sentinel1=synthetic,IoU/F1 at thresholds tuned on the validation event
2026-09-27T10:16:45+00:00,2e7b230,model2,xgboost,persistence,test,macro,+6d,near_breach,precision,0.1818,0.3494,-0.2577,1,10706,dem=glo30-2021;ecmwf=open-0p25;generator=synthetic-1;gfm=V0M2R2;glofas=4.5;imerg=V07;sentinel1=synthetic,IoU/F1 at thresholds tuned on the validation event
2026-09-27T10:16:45+00:00,2e7b230,model2,xgboost,persistence,test,macro,+6d,near_breach,recall,0.0018,0.9753,-39.4464,1,10706,dem=glo30-2021;ecmwf=open-0p25;generator=synthetic-1;gfm=V0M2R2;glofas=4.5;imerg=V07;sentinel1=synthetic,IoU/F1 at thresholds tuned on the validation event
2026-09-27T10:16:45+00:00,2e7b230,model2,xgboost,persistence,test,macro,+6d,newly_flooded,brier,0.0128,0.0139,0.0766,1,5138872,dem=glo30-2021;ecmwf=open-0p25;generator=synthetic-1;gfm=V0M2R2;glofas=4.5;imerg=V07;sentinel1=synthetic,IoU/F1 at thresholds tuned on the validation event
2026-09-27T10:16:45+00:00,2e7b230,model2,xgboost,persistence,test,macro,+6d,newly_flooded,ece,0.0076,0.0041,-0.8776,1,5138872,dem=glo30-2021;ecmwf=open-0p25;generator=synthetic-1;gfm=V0M2R2;glofas=4.5;imerg=V07;sentinel1=synthetic,IoU/F1 at thresholds tuned on the validation event
2026-09-27T10:16:45+00:00,2e7b230,model2,xgboost,persistence,test,macro,+6d,newly_flooded,f1,0.3442,0.0,0.3442,1,5138872,dem=glo30-2021;ecmwf=open-0p25;generator=synthetic-1;gfm=V0M2R2;glofas=4.5;imerg=V07;sentinel1=synthetic,IoU/F1 at thresholds tuned on the validation event
2026-09-27T10:16:45+00:00,2e7b230,model2,xgboost,persistence,test,macro,+6d,newly_flooded,iou,0.2079,0.0,0.2079,1,5138872,dem=glo30-2021;ecmwf=open-0p25;generator=synthetic-1;gfm=V0M2R2;glofas=4.5;imerg=V07;sentinel1=synthetic,IoU/F1 at thresholds tuned on the validation event
2026-09-27T10:16:45+00:00,2e7b230,model2,xgboost,persistence,test,macro,+6d,newly_flooded,precision,0.8419,,,1,5138872,dem=glo30-2021;ecmwf=open-0p25;generator=synthetic-1;gfm=V0M2R2;glofas=4.5;imerg=V07;sentinel1=synthetic,IoU/F1 at thresholds tuned on the validation event
2026-09-27T10:16:45+00:00,2e7b230,model2,xgboost,persistence,test,macro,+6d,newly_flooded,recall,0.2163,0.0,0.2163,1,5138872,dem=glo30-2021;ecmwf=open-0p25;generator=synthetic-1;gfm=V0M2R2;glofas=4.5;imerg=V07;sentinel1=synthetic,IoU/F1 at thresholds tuned on the validation event
2026-09-27T10:16:45+00:00,2e7b230,model2,xgboost,persistence,test,macro,+7d,all,brier,0.0246,0.0291,0.1565,1,5286018,dem=glo30-2021;ecmwf=open-0p25;generator=synthetic-1;gfm=V0M2R2;glofas=4.5;imerg=V07;sentinel1=synthetic,IoU/F1 at thresholds tuned on the validation event
2026-09-27T10:16:45+00:00,2e7b230,model2,xgboost,persistence,test,macro,+7d,all,ece,0.0186,0.0197,0.0535,1,5286018,dem=glo30-2021;ecmwf=open-0p25;generator=synthetic-1;gfm=V0M2R2;glofas=4.5;imerg=V07;sentinel1=synthetic,IoU/F1 at thresholds tuned on the validation event
2026-09-27T10:16:45+00:00,2e7b230,model2,xgboost,persistence,test,macro,+7d,all,f1,0.2641,0.4247,-0.279,1,5286018,dem=glo30-2021;ecmwf=open-0p25;generator=synthetic-1;gfm=V0M2R2;glofas=4.5;imerg=V07;sentinel1=synthetic,IoU/F1 at thresholds tuned on the validation event
2026-09-27T10:16:45+00:00,2e7b230,model2,xgboost,persistence,test,macro,+7d,all,iou,0.1522,0.2696,-0.1607,1,5286018,dem=glo30-2021;ecmwf=open-0p25;generator=synthetic-1;gfm=V0M2R2;glofas=4.5;imerg=V07;sentinel1=synthetic,IoU/F1 at thresholds tuned on the validation event
2026-09-27T10:16:45+00:00,2e7b230,model2,xgboost,persistence,test,macro,+7d,all,precision,0.6348,0.4235,0.3665,1,5286018,dem=glo30-2021;ecmwf=open-0p25;generator=synthetic-1;gfm=V0M2R2;glofas=4.5;imerg=V07;sentinel1=synthetic,IoU/F1 at thresholds tuned on the validation event
2026-09-27T10:16:45+00:00,2e7b230,model2,xgboost,persistence,test,macro,+7d,all,recall,0.1668,0.4258,-0.4511,1,5286018,dem=glo30-2021;ecmwf=open-0p25;generator=synthetic-1;gfm=V0M2R2;glofas=4.5;imerg=V07;sentinel1=synthetic,IoU/F1 at thresholds tuned on the validation event
2026-09-27T10:16:45+00:00,2e7b230,model2,xgboost,persistence,test,macro,+7d,drained,brier,0.3952,0.5538,0.2863,1,137866,dem=glo30-2021;ecmwf=open-0p25;generator=synthetic-1;gfm=V0M2R2;glofas=4.5;imerg=V07;sentinel1=synthetic,IoU/F1 at thresholds tuned on the validation event
2026-09-27T10:16:45+00:00,2e7b230,model2,xgboost,persistence,test,macro,+7d,drained,ece,0.4037,0.5565,0.2746,1,137866,dem=glo30-2021;ecmwf=open-0p25;generator=synthetic-1;gfm=V0M2R2;glofas=4.5;imerg=V07;sentinel1=synthetic,IoU/F1 at thresholds tuned on the validation event
2026-09-27T10:16:45+00:00,2e7b230,model2,xgboost,persistence,test,macro,+7d,drained,f1,0.7323,0.0,0.7323,1,137866,dem=glo30-2021;ecmwf=open-0p25;generator=synthetic-1;gfm=V0M2R2;glofas=4.5;imerg=V07;sentinel1=synthetic,IoU/F1 at thresholds tuned on the validation event
2026-09-27T10:16:45+00:00,2e7b230,model2,xgboost,persistence,test,macro,+7d,drained,iou,0.5777,0.0,0.5777,1,137866,dem=glo30-2021;ecmwf=open-0p25;generator=synthetic-1;gfm=V0M2R2;glofas=4.5;imerg=V07;sentinel1=synthetic,IoU/F1 at thresholds tuned on the validation event
2026-09-27T10:16:45+00:00,2e7b230,model2,xgboost,persistence,test,macro,+7d,drained,precision,0.5777,,,1,137866,dem=glo30-2021;ecmwf=open-0p25;generator=synthetic-1;gfm=V0M2R2;glofas=4.5;imerg=V07;sentinel1=synthetic,IoU/F1 at thresholds tuned on the validation event
2026-09-27T10:16:45+00:00,2e7b230,model2,xgboost,persistence,test,macro,+7d,drained,recall,1.0,0.0,1.0,1,137866,dem=glo30-2021;ecmwf=open-0p25;generator=synthetic-1;gfm=V0M2R2;glofas=4.5;imerg=V07;sentinel1=synthetic,IoU/F1 at thresholds tuned on the validation event
2026-09-27T10:16:45+00:00,2e7b230,model2,xgboost,persistence,test,macro,+7d,near_breach,brier,0.1757,0.3523,0.5014,1,13437,dem=glo30-2021;ecmwf=open-0p25;generator=synthetic-1;gfm=V0M2R2;glofas=4.5;imerg=V07;sentinel1=synthetic,IoU/F1 at thresholds tuned on the validation event
2026-09-27T10:16:45+00:00,2e7b230,model2,xgboost,persistence,test,macro,+7d,near_breach,ece,0.1761,0.3516,0.4991,1,13437,dem=glo30-2021;ecmwf=open-0p25;generator=synthetic-1;gfm=V0M2R2;glofas=4.5;imerg=V07;sentinel1=synthetic,IoU/F1 at thresholds tuned on the validation event
2026-09-27T10:16:45+00:00,2e7b230,model2,xgboost,persistence,test,macro,+7d,near_breach,f1,0.0058,0.4853,-0.9314,1,13437,dem=glo30-2021;ecmwf=open-0p25;generator=synthetic-1;gfm=V0M2R2;glofas=4.5;imerg=V07;sentinel1=synthetic,IoU/F1 at thresholds tuned on the validation event
2026-09-27T10:16:45+00:00,2e7b230,model2,xgboost,persistence,test,macro,+7d,near_breach,iou,0.0029,0.3204,-0.4671,1,13437,dem=glo30-2021;ecmwf=open-0p25;generator=synthetic-1;gfm=V0M2R2;glofas=4.5;imerg=V07;sentinel1=synthetic,IoU/F1 at thresholds tuned on the validation event
2026-09-27T10:16:45+00:00,2e7b230,model2,xgboost,persistence,test,macro,+7d,near_breach,precision,0.35,0.323,0.0398,1,13437,dem=glo30-2021;ecmwf=open-0p25;generator=synthetic-1;gfm=V0M2R2;glofas=4.5;imerg=V07;sentinel1=synthetic,IoU/F1 at thresholds tuned on the validation event
2026-09-27T10:16:45+00:00,2e7b230,model2,xgboost,persistence,test,macro,+7d,near_breach,recall,0.0029,0.9748,-38.5833,1,13437,dem=glo30-2021;ecmwf=open-0p25;generator=synthetic-1;gfm=V0M2R2;glofas=4.5;imerg=V07;sentinel1=synthetic,IoU/F1 at thresholds tuned on the validation event
2026-09-27T10:16:45+00:00,2e7b230,model2,xgboost,persistence,test,macro,+7d,newly_flooded,brier,0.0147,0.0151,0.0289,1,5148152,dem=glo30-2021;ecmwf=open-0p25;generator=synthetic-1;gfm=V0M2R2;glofas=4.5;imerg=V07;sentinel1=synthetic,IoU/F1 at thresholds tuned on the validation event
2026-09-27T10:16:45+00:00,2e7b230,model2,xgboost,persistence,test,macro,+7d,newly_flooded,ece,0.01,0.0053,-0.8852,1,5148152,dem=glo30-2021;ecmwf=open-0p25;generator=synthetic-1;gfm=V0M2R2;glofas=4.5;imerg=V07;sentinel1=synthetic,IoU/F1 at thresholds tuned on the validation event
2026-09-27T10:16:45+00:00,2e7b230,model2,xgboost,persistence,test,macro,+7d,newly_flooded,f1,0.3944,0.0,0.3944,1,5148152,dem=glo30-2021;ecmwf=open-0p25;generator=synthetic-1;gfm=V0M2R2;glofas=4.5;imerg=V07;sentinel1=synthetic,IoU/F1 at thresholds tuned on the validation event
2026-09-27T10:16:45+00:00,2e7b230,model2,xgboost,persistence,test,macro,+7d,newly_flooded,iou,0.2456,0.0,0.2456,1,5148152,dem=glo30-2021;ecmwf=open-0p25;generator=synthetic-1;gfm=V0M2R2;glofas=4.5;imerg=V07;sentinel1=synthetic,IoU/F1 at thresholds tuned on the validation event
2026-09-27T10:16:45+00:00,2e7b230,model2,xgboost,persistence,test,macro,+7d,newly_flooded,precision,0.6318,,,1,5148152,dem=glo30-2021;ecmwf=open-0p25;generator=synthetic-1;gfm=V0M2R2;glofas=4.5;imerg=V07;sentinel1=synthetic,IoU/F1 at thresholds tuned on the validation event
2026-09-27T10:16:45+00:00,2e7b230,model2,xgboost,persistence,test,macro,+7d,newly_flooded,recall,0.2867,0.0,0.2867,1,5148152,dem=glo30-2021;ecmwf=open-0p25;generator=synthetic-1;gfm=V0M2R2;glofas=4.5;imerg=V07;sentinel1=synthetic,IoU/F1 at thresholds tuned on the validation event
2026-09-27T10:16:45+00:00,2e7b230,model2,unet_tt,persistence,test,macro,+1d,all,brier,0.0406,0.0159,-1.5592,1,7905002,dem=glo30-2021;ecmwf=open-0p25;generator=synthetic-1;gfm=V0M2R2;glofas=4.5;imerg=V07;sentinel1=synthetic,IoU/F1 at thresholds tuned on the validation event
2026-09-27T10:16:45+00:00,2e7b230,model2,unet_tt,persistence,test,macro,+1d,all,ece,0.0457,0.0092,-3.9759,1,7905002,dem=glo30-2021;ecmwf=open-0p25;generator=synthetic-1;gfm=V0M2R2;glofas=4.5;imerg=V07;sentinel1=synthetic,IoU/F1 at thresholds tuned on the validation event
2026-09-27T10:16:45+00:00,2e7b230,model2,unet_tt,persistence,test,macro,+1d,all,f1,0.283,0.6836,-1.2665,1,7905002,dem=glo30-2021;ecmwf=open-0p25;generator=synthetic-1;gfm=V0M2R2;glofas=4.5;imerg=V07;sentinel1=synthetic,IoU/F1 at thresholds tuned on the validation event
2026-09-27T10:16:45+00:00,2e7b230,model2,unet_tt,persistence,test,macro,+1d,all,iou,0.1648,0.5193,-0.7376,1,7905002,dem=glo30-2021;ecmwf=open-0p25;generator=synthetic-1;gfm=V0M2R2;glofas=4.5;imerg=V07;sentinel1=synthetic,IoU/F1 at thresholds tuned on the validation event
2026-09-27T10:16:45+00:00,2e7b230,model2,unet_tt,persistence,test,macro,+1d,all,precision,0.1852,0.6844,-1.5815,1,7905002,dem=glo30-2021;ecmwf=open-0p25;generator=synthetic-1;gfm=V0M2R2;glofas=4.5;imerg=V07;sentinel1=synthetic,IoU/F1 at thresholds tuned on the validation event
2026-09-27T10:16:45+00:00,2e7b230,model2,unet_tt,persistence,test,macro,+1d,all,recall,0.5989,0.6829,-0.265,1,7905002,dem=glo30-2021;ecmwf=open-0p25;generator=synthetic-1;gfm=V0M2R2;glofas=4.5;imerg=V07;sentinel1=synthetic,IoU/F1 at thresholds tuned on the validation event
2026-09-27T10:16:45+00:00,2e7b230,model2,unet_tt,persistence,test,macro,+1d,drained,brier,0.4765,0.3034,-0.5707,1,202742,dem=glo30-2021;ecmwf=open-0p25;generator=synthetic-1;gfm=V0M2R2;glofas=4.5;imerg=V07;sentinel1=synthetic,IoU/F1 at thresholds tuned on the validation event
2026-09-27T10:16:45+00:00,2e7b230,model2,unet_tt,persistence,test,macro,+1d,drained,ece,0.5293,0.2956,-0.7905,1,202742,dem=glo30-2021;ecmwf=open-0p25;generator=synthetic-1;gfm=V0M2R2;glofas=4.5;imerg=V07;sentinel1=synthetic,IoU/F1 at thresholds tuned on the validation event
2026-09-27T10:16:45+00:00,2e7b230,model2,unet_tt,persistence,test,macro,+1d,drained,f1,0.5729,0.0,0.5729,1,202742,dem=glo30-2021;ecmwf=open-0p25;generator=synthetic-1;gfm=V0M2R2;glofas=4.5;imerg=V07;sentinel1=synthetic,IoU/F1 at thresholds tuned on the validation event
2026-09-27T10:16:45+00:00,2e7b230,model2,unet_tt,persistence,test,macro,+1d,drained,iou,0.4014,0.0,0.4014,1,202742,dem=glo30-2021;ecmwf=open-0p25;generator=synthetic-1;gfm=V0M2R2;glofas=4.5;imerg=V07;sentinel1=synthetic,IoU/F1 at thresholds tuned on the validation event
2026-09-27T10:16:45+00:00,2e7b230,model2,unet_tt,persistence,test,macro,+1d,drained,precision,0.4931,,,1,202742,dem=glo30-2021;ecmwf=open-0p25;generator=synthetic-1;gfm=V0M2R2;glofas=4.5;imerg=V07;sentinel1=synthetic,IoU/F1 at thresholds tuned on the validation event
2026-09-27T10:16:45+00:00,2e7b230,model2,unet_tt,persistence,test,macro,+1d,drained,recall,0.6833,0.0,0.6833,1,202742,dem=glo30-2021;ecmwf=open-0p25;generator=synthetic-1;gfm=V0M2R2;glofas=4.5;imerg=V07;sentinel1=synthetic,IoU/F1 at thresholds tuned on the validation event
2026-09-27T10:16:45+00:00,2e7b230,model2,unet_tt,persistence,test,macro,+1d,near_breach,brier,0.327,0.1749,-0.8693,1,16202,dem=glo30-2021;ecmwf=open-0p25;generator=synthetic-1;gfm=V0M2R2;glofas=4.5;imerg=V07;sentinel1=synthetic,IoU/F1 at thresholds tuned on the validation event
2026-09-27T10:16:45+00:00,2e7b230,model2,unet_tt,persistence,test,macro,+1d,near_breach,ece,0.3549,0.1652,-1.1483,1,16202,dem=glo30-2021;ecmwf=open-0p25;generator=synthetic-1;gfm=V0M2R2;glofas=4.5;imerg=V07;sentinel1=synthetic,IoU/F1 at thresholds tuned on the validation event
2026-09-27T10:16:45+00:00,2e7b230,model2,unet_tt,persistence,test,macro,+1d,near_breach,f1,0.6187,0.7931,-0.8429,1,16202,dem=glo30-2021;ecmwf=open-0p25;generator=synthetic-1;gfm=V0M2R2;glofas=4.5;imerg=V07;sentinel1=synthetic,IoU/F1 at thresholds tuned on the validation event
2026-09-27T10:16:45+00:00,2e7b230,model2,unet_tt,persistence,test,macro,+1d,near_breach,iou,0.4479,0.6572,-0.6103,1,16202,dem=glo30-2021;ecmwf=open-0p25;generator=synthetic-1;gfm=V0M2R2;glofas=4.5;imerg=V07;sentinel1=synthetic,IoU/F1 at thresholds tuned on the validation event
2026-09-27T10:16:45+00:00,2e7b230,model2,unet_tt,persistence,test,macro,+1d,near_breach,precision,0.8803,0.9175,-0.45,1,16202,dem=glo30-2021;ecmwf=open-0p25;generator=synthetic-1;gfm=V0M2R2;glofas=4.5;imerg=V07;sentinel1=synthetic,IoU/F1 at thresholds tuned on the validation event
2026-09-27T10:16:45+00:00,2e7b230,model2,unet_tt,persistence,test,macro,+1d,near_breach,recall,0.477,0.6985,-0.7345,1,16202,dem=glo30-2021;ecmwf=open-0p25;generator=synthetic-1;gfm=V0M2R2;glofas=4.5;imerg=V07;sentinel1=synthetic,IoU/F1 at thresholds tuned on the validation event
2026-09-27T10:16:45+00:00,2e7b230,model2,unet_tt,persistence,test,macro,+1d,newly_flooded,brier,0.0291,0.0083,-2.5105,1,7702260,dem=glo30-2021;ecmwf=open-0p25;generator=synthetic-1;gfm=V0M2R2;glofas=4.5;imerg=V07;sentinel1=synthetic,IoU/F1 at thresholds tuned on the validation event
2026-09-27T10:16:45+00:00,2e7b230,model2,unet_tt,persistence,test,macro,+1d,newly_flooded,ece,0.0381,0.0016,-22.3215,1,7702260,dem=glo30-2021;ecmwf=open-0p25;generator=synthetic-1;gfm=V0M2R2;glofas=4.5;imerg=V07;sentinel1=synthetic,IoU/F1 at thresholds tuned on the validation event
2026-09-27T10:16:45+00:00,2e7b230,model2,unet_tt,persistence,test,macro,+1d,newly_flooded,f1,0.0918,0.0,0.0918,1,7702260,dem=glo30-2021;ecmwf=open-0p25;generator=synthetic-1;gfm=V0M2R2;glofas=4.5;imerg=V07;sentinel1=synthetic,IoU/F1 at thresholds tuned on the validation event
2026-09-27T10:16:45+00:00,2e7b230,model2,unet_tt,persistence,test,macro,+1d,newly_flooded,iou,0.0481,0.0,0.0481,1,7702260,dem=glo30-2021;ecmwf=open-0p25;generator=synthetic-1;gfm=V0M2R2;glofas=4.5;imerg=V07;sentinel1=synthetic,IoU/F1 at thresholds tuned on the validation event
2026-09-27T10:16:45+00:00,2e7b230,model2,unet_tt,persistence,test,macro,+1d,newly_flooded,precision,0.0513,,,1,7702260,dem=glo30-2021;ecmwf=open-0p25;generator=synthetic-1;gfm=V0M2R2;glofas=4.5;imerg=V07;sentinel1=synthetic,IoU/F1 at thresholds tuned on the validation event
2026-09-27T10:16:45+00:00,2e7b230,model2,unet_tt,persistence,test,macro,+1d,newly_flooded,recall,0.4325,0.0,0.4325,1,7702260,dem=glo30-2021;ecmwf=open-0p25;generator=synthetic-1;gfm=V0M2R2;glofas=4.5;imerg=V07;sentinel1=synthetic,IoU/F1 at thresholds tuned on the validation event
2026-09-27T10:16:45+00:00,2e7b230,model2,unet_tt,persistence,test,macro,+2d,all,brier,0.0365,0.016,-1.2772,1,5286018,dem=glo30-2021;ecmwf=open-0p25;generator=synthetic-1;gfm=V0M2R2;glofas=4.5;imerg=V07;sentinel1=synthetic,IoU/F1 at thresholds tuned on the validation event
2026-09-27T10:16:45+00:00,2e7b230,model2,unet_tt,persistence,test,macro,+2d,all,ece,0.0401,0.0094,-3.2831,1,5286018,dem=glo30-2021;ecmwf=open-0p25;generator=synthetic-1;gfm=V0M2R2;glofas=4.5;imerg=V07;sentinel1=synthetic,IoU/F1 at thresholds tuned on the validation event
2026-09-27T10:16:45+00:00,2e7b230,model2,unet_tt,persistence,test,macro,+2d,all,f1,0.2572,0.6849,-1.3572,1,5286018,dem=glo30-2021;ecmwf=open-0p25;generator=synthetic-1;gfm=V0M2R2;glofas=4.5;imerg=V07;sentinel1=synthetic,IoU/F1 at thresholds tuned on the validation event
2026-09-27T10:16:45+00:00,2e7b230,model2,unet_tt,persistence,test,macro,+2d,all,iou,0.1476,0.5208,-0.7788,1,5286018,dem=glo30-2021;ecmwf=open-0p25;generator=synthetic-1;gfm=V0M2R2;glofas=4.5;imerg=V07;sentinel1=synthetic,IoU/F1 at thresholds tuned on the validation event
2026-09-27T10:16:45+00:00,2e7b230,model2,unet_tt,persistence,test,macro,+2d,all,precision,0.1643,0.6831,-1.6375,1,5286018,dem=glo30-2021;ecmwf=open-0p25;generator=synthetic-1;gfm=V0M2R2;glofas=4.5;imerg=V07;sentinel1=synthetic,IoU/F1 at thresholds tuned on the validation event
2026-09-27T10:16:45+00:00,2e7b230,model2,unet_tt,persistence,test,macro,+2d,all,recall,0.5927,0.6867,-0.3,1,5286018,dem=glo30-2021;ecmwf=open-0p25;generator=synthetic-1;gfm=V0M2R2;glofas=4.5;imerg=V07;sentinel1=synthetic,IoU/F1 at thresholds tuned on the validation event
2026-09-27T10:16:45+00:00,2e7b230,model2,unet_tt,persistence,test,macro,+2d,drained,brier,0.4537,0.3046,-0.4896,1,137851,dem=glo30-2021;ecmwf=open-0p25;generator=synthetic-1;gfm=V0M2R2;glofas=4.5;imerg=V07;sentinel1=synthetic,IoU/F1 at thresholds tuned on the validation event
2026-09-27T10:16:45+00:00,2e7b230,model2,unet_tt,persistence,test,macro,+2d,drained,ece,0.5073,0.2969,-0.7087,1,137851,dem=glo30-2021;ecmwf=open-0p25;generator=synthetic-1;gfm=V0M2R2;glofas=4.5;imerg=V07;sentinel1=synthetic,IoU/F1 at thresholds tuned on the validation event
2026-09-27T10:16:45+00:00,2e7b230,model2,unet_tt,persistence,test,macro,+2d,drained,f1,0.5577,0.0,0.5577,1,137851,dem=glo30-2021;ecmwf=open-0p25;generator=synthetic-1;gfm=V0M2R2;glofas=4.5;imerg=V07;sentinel1=synthetic,IoU/F1 at thresholds tuned on the validation event
2026-09-27T10:16:45+00:00,2e7b230,model2,unet_tt,persistence,test,macro,+2d,drained,iou,0.3867,0.0,0.3867,1,137851,dem=glo30-2021;ecmwf=open-0p25;generator=synthetic-1;gfm=V0M2R2;glofas=4.5;imerg=V07;sentinel1=synthetic,IoU/F1 at thresholds tuned on the validation event
2026-09-27T10:16:45+00:00,2e7b230,model2,unet_tt,persistence,test,macro,+2d,drained,precision,0.467,,,1,137851,dem=glo30-2021;ecmwf=open-0p25;generator=synthetic-1;gfm=V0M2R2;glofas=4.5;imerg=V07;sentinel1=synthetic,IoU/F1 at thresholds tuned on the validation event
2026-09-27T10:16:45+00:00,2e7b230,model2,unet_tt,persistence,test,macro,+2d,drained,recall,0.6922,0.0,0.6922,1,137851,dem=glo30-2021;ecmwf=open-0p25;generator=synthetic-1;gfm=V0M2R2;glofas=4.5;imerg=V07;sentinel1=synthetic,IoU/F1 at thresholds tuned on the validation event
2026-09-27T10:16:45+00:00,2e7b230,model2,unet_tt,persistence,test,macro,+2d,near_breach,brier,0.296,0.2006,-0.4754,1,10706,dem=glo30-2021;ecmwf=open-0p25;generator=synthetic-1;gfm=V0M2R2;glofas=4.5;imerg=V07;sentinel1=synthetic,IoU/F1 at thresholds tuned on the validation event
2026-09-27T10:16:45+00:00,2e7b230,model2,unet_tt,persistence,test,macro,+2d,near_breach,ece,0.3157,0.1921,-0.644,1,10706,dem=glo30-2021;ecmwf=open-0p25;generator=synthetic-1;gfm=V0M2R2;glofas=4.5;imerg=V07;sentinel1=synthetic,IoU/F1 at thresholds tuned on the validation event
2026-09-27T10:16:45+00:00,2e7b230,model2,unet_tt,persistence,test,macro,+2d,near_breach,f1,0.6733,0.7906,-0.5607,1,10706,dem=glo30-2021;ecmwf=open-0p25;generator=synthetic-1;gfm=V0M2R2;glofas=4.5;imerg=V07;sentinel1=synthetic,IoU/F1 at thresholds tuned on the validation event
2026-09-27T10:16:45+00:00,2e7b230,model2,unet_tt,persistence,test,macro,+2d,near_breach,iou,0.5075,0.6538,-0.4226,1,10706,dem=glo30-2021;ecmwf=open-0p25;generator=synthetic-1;gfm=V0M2R2;glofas=4.5;imerg=V07;sentinel1=synthetic,IoU/F1 at thresholds tuned on the validation event
2026-09-27T10:16:45+00:00,2e7b230,model2,unet_tt,persistence,test,macro,+2d,near_breach,precision,0.7795,0.7254,0.1972,1,10706,dem=glo30-2021;ecmwf=open-0p25;generator=synthetic-1;gfm=V0M2R2;glofas=4.5;imerg=V07;sentinel1=synthetic,IoU/F1 at thresholds tuned on the validation event
2026-09-27T10:16:45+00:00,2e7b230,model2,unet_tt,persistence,test,macro,+2d,near_breach,recall,0.5925,0.8689,-2.1074,1,10706,dem=glo30-2021;ecmwf=open-0p25;generator=synthetic-1;gfm=V0M2R2;glofas=4.5;imerg=V07;sentinel1=synthetic,IoU/F1 at thresholds tuned on the validation event
2026-09-27T10:16:45+00:00,2e7b230,model2,unet_tt,persistence,test,macro,+2d,newly_flooded,brier,0.0253,0.0083,-2.053,1,5148167,dem=glo30-2021;ecmwf=open-0p25;generator=synthetic-1;gfm=V0M2R2;glofas=4.5;imerg=V07;sentinel1=synthetic,IoU/F1 at thresholds tuned on the validation event
2026-09-27T10:16:45+00:00,2e7b230,model2,unet_tt,persistence,test,macro,+2d,newly_flooded,ece,0.0354,0.0017,-20.3813,1,5148167,dem=glo30-2021;ecmwf=open-0p25;generator=synthetic-1;gfm=V0M2R2;glofas=4.5;imerg=V07;sentinel1=synthetic,IoU/F1 at thresholds tuned on the validation event
2026-09-27T10:16:45+00:00,2e7b230,model2,unet_tt,persistence,test,macro,+2d,newly_flooded,f1,0.0931,0.0,0.0931,1,5148167,dem=glo30-2021;ecmwf=open-0p25;generator=synthetic-1;gfm=V0M2R2;glofas=4.5;imerg=V07;sentinel1=synthetic,IoU/F1 at thresholds tuned on the validation event
2026-09-27T10:16:45+00:00,2e7b230,model2,unet_tt,persistence,test,macro,+2d,newly_flooded,iou,0.0488,0.0,0.0488,1,5148167,dem=glo30-2021;ecmwf=open-0p25;generator=synthetic-1;gfm=V0M2R2;glofas=4.5;imerg=V07;sentinel1=synthetic,IoU/F1 at thresholds tuned on the validation event
2026-09-27T10:16:45+00:00,2e7b230,model2,unet_tt,persistence,test,macro,+2d,newly_flooded,precision,0.0513,,,1,5148167,dem=glo30-2021;ecmwf=open-0p25;generator=synthetic-1;gfm=V0M2R2;glofas=4.5;imerg=V07;sentinel1=synthetic,IoU/F1 at thresholds tuned on the validation event
2026-09-27T10:16:45+00:00,2e7b230,model2,unet_tt,persistence,test,macro,+2d,newly_flooded,recall,0.5032,0.0,0.5032,1,5148167,dem=glo30-2021;ecmwf=open-0p25;generator=synthetic-1;gfm=V0M2R2;glofas=4.5;imerg=V07;sentinel1=synthetic,IoU/F1 at thresholds tuned on the validation event
2026-09-27T10:16:45+00:00,2e7b230,model2,unet_tt,persistence,test,macro,+3d,all,brier,0.0393,0.0197,-0.9953,1,5286018,dem=glo30-2021;ecmwf=open-0p25;generator=synthetic-1;gfm=V0M2R2;glofas=4.5;imerg=V07;sentinel1=synthetic,IoU/F1 at thresholds tuned on the validation event
2026-09-27T10:16:45+00:00,2e7b230,model2,unet_tt,persistence,test,macro,+3d,all,ece,0.0457,0.0099,-3.6089,1,5286018,dem=glo30-2021;ecmwf=open-0p25;generator=synthetic-1;gfm=V0M2R2;glofas=4.5;imerg=V07;sentinel1=synthetic,IoU/F1 at thresholds tuned on the validation event
2026-09-27T10:16:45+00:00,2e7b230,model2,unet_tt,persistence,test,macro,+3d,all,f1,0.2427,0.605,-0.9172,1,5286018,dem=glo30-2021;ecmwf=open-0p25;generator=synthetic-1;gfm=V0M2R2;glofas=4.5;imerg=V07;sentinel1=synthetic,IoU/F1 at thresholds tuned on the validation event
2026-09-27T10:16:45+00:00,2e7b230,model2,unet_tt,persistence,test,macro,+3d,all,iou,0.1381,0.4337,-0.5219,1,5286018,dem=glo30-2021;ecmwf=open-0p25;generator=synthetic-1;gfm=V0M2R2;glofas=4.5;imerg=V07;sentinel1=synthetic,IoU/F1 at thresholds tuned on the validation event
2026-09-27T10:16:45+00:00,2e7b230,model2,unet_tt,persistence,test,macro,+3d,all,precision,0.1532,0.6151,-1.2,1,5286018,dem=glo30-2021;ecmwf=open-0p25;generator=synthetic-1;gfm=V0M2R2;glofas=4.5;imerg=V07;sentinel1=synthetic,IoU/F1 at thresholds tuned on the validation event
2026-09-27T10:16:45+00:00,2e7b230,model2,unet_tt,persistence,test,macro,+3d,all,recall,0.5834,0.5952,-0.0291,1,5286018,dem=glo30-2021;ecmwf=open-0p25;generator=synthetic-1;gfm=V0M2R2;glofas=4.5;imerg=V07;sentinel1=synthetic,IoU/F1 at thresholds tuned on the validation event
2026-09-27T10:16:45+00:00,2e7b230,model2,unet_tt,persistence,test,macro,+3d,drained,brier,0.4077,0.3699,-0.1021,1,132706,dem=glo30-2021;ecmwf=open-0p25;generator=synthetic-1;gfm=V0M2R2;glofas=4.5;imerg=V07;sentinel1=synthetic,IoU/F1 at thresholds tuned on the validation event
2026-09-27T10:16:45+00:00,2e7b230,model2,unet_tt,persistence,test,macro,+3d,drained,ece,0.4449,0.3649,-0.2193,1,132706,dem=glo30-2021;ecmwf=open-0p25;generator=synthetic-1;gfm=V0M2R2;glofas=4.5;imerg=V07;sentinel1=synthetic,IoU/F1 at thresholds tuned on the validation event
2026-09-27T10:16:45+00:00,2e7b230,model2,unet_tt,persistence,test,macro,+3d,drained,f1,0.5864,0.0,0.5864,1,132706,dem=glo30-2021;ecmwf=open-0p25;generator=synthetic-1;gfm=V0M2R2;glofas=4.5;imerg=V07;sentinel1=synthetic,IoU/F1 at thresholds tuned on the validation event
2026-09-27T10:16:45+00:00,2e7b230,model2,unet_tt,persistence,test,macro,+3d,drained,iou,0.4148,0.0,0.4148,1,132706,dem=glo30-2021;ecmwf=open-0p25;generator=synthetic-1;gfm=V0M2R2;glofas=4.5;imerg=V07;sentinel1=synthetic,IoU/F1 at thresholds tuned on the validation event
2026-09-27T10:16:45+00:00,2e7b230,model2,unet_tt,persistence,test,macro,+3d,drained,precision,0.5383,,,1,132706,dem=glo30-2021;ecmwf=open-0p25;generator=synthetic-1;gfm=V0M2R2;glofas=4.5;imerg=V07;sentinel1=synthetic,IoU/F1 at thresholds tuned on the validation event
2026-09-27T10:16:45+00:00,2e7b230,model2,unet_tt,persistence,test,macro,+3d,drained,recall,0.644,0.0,0.644,1,132706,dem=glo30-2021;ecmwf=open-0p25;generator=synthetic-1;gfm=V0M2R2;glofas=4.5;imerg=V07;sentinel1=synthetic,IoU/F1 at thresholds tuned on the validation event
2026-09-27T10:16:45+00:00,2e7b230,model2,unet_tt,persistence,test,macro,+3d,near_breach,brier,0.3026,0.2592,-0.1675,1,10706,dem=glo30-2021;ecmwf=open-0p25;generator=synthetic-1;gfm=V0M2R2;glofas=4.5;imerg=V07;sentinel1=synthetic,IoU/F1 at thresholds tuned on the validation event
2026-09-27T10:16:45+00:00,2e7b230,model2,unet_tt,persistence,test,macro,+3d,near_breach,ece,0.3193,0.2525,-0.2647,1,10706,dem=glo30-2021;ecmwf=open-0p25;generator=synthetic-1;gfm=V0M2R2;glofas=4.5;imerg=V07;sentinel1=synthetic,IoU/F1 at thresholds tuned on the validation event
2026-09-27T10:16:45+00:00,2e7b230,model2,unet_tt,persistence,test,macro,+3d,near_breach,f1,0.6301,0.711,-0.2798,1,10706,dem=glo30-2021;ecmwf=open-0p25;generator=synthetic-1;gfm=V0M2R2;glofas=4.5;imerg=V07;sentinel1=synthetic,IoU/F1 at thresholds tuned on the validation event
2026-09-27T10:16:45+00:00,2e7b230,model2,unet_tt,persistence,test,macro,+3d,near_breach,iou,0.46,0.5516,-0.2043,1,10706,dem=glo30-2021;ecmwf=open-0p25;generator=synthetic-1;gfm=V0M2R2;glofas=4.5;imerg=V07;sentinel1=synthetic,IoU/F1 at thresholds tuned on the validation event
2026-09-27T10:16:45+00:00,2e7b230,model2,unet_tt,persistence,test,macro,+3d,near_breach,precision,0.7678,0.6938,0.2416,1,10706,dem=glo30-2021;ecmwf=open-0p25;generator=synthetic-1;gfm=V0M2R2;glofas=4.5;imerg=V07;sentinel1=synthetic,IoU/F1 at thresholds tuned on the validation event
2026-09-27T10:16:45+00:00,2e7b230,model2,unet_tt,persistence,test,macro,+3d,near_breach,recall,0.5343,0.729,-0.7187,1,10706,dem=glo30-2021;ecmwf=open-0p25;generator=synthetic-1;gfm=V0M2R2;glofas=4.5;imerg=V07;sentinel1=synthetic,IoU/F1 at thresholds tuned on the validation event
2026-09-27T10:16:45+00:00,2e7b230,model2,unet_tt,persistence,test,macro,+3d,newly_flooded,brier,0.0298,0.0107,-1.7938,1,5153312,dem=glo30-2021;ecmwf=open-0p25;generator=synthetic-1;gfm=V0M2R2;glofas=4.5;imerg=V07;sentinel1=synthetic,IoU/F1 at thresholds tuned on the validation event
2026-09-27T10:16:45+00:00,2e7b230,model2,unet_tt,persistence,test,macro,+3d,newly_flooded,ece,0.0413,0.0008,-52.5084,1,5153312,dem=glo30-2021;ecmwf=open-0p25;generator=synthetic-1;gfm=V0M2R2;glofas=4.5;imerg=V07;sentinel1=synthetic,IoU/F1 at thresholds tuned on the validation event
2026-09-27T10:16:45+00:00,2e7b230,model2,unet_tt,persistence,test,macro,+3d,newly_flooded,f1,0.1051,0.0,0.1051,1,5153312,dem=glo30-2021;ecmwf=open-0p25;generator=synthetic-1;gfm=V0M2R2;glofas=4.5;imerg=V07;sentinel1=synthetic,IoU/F1 at thresholds tuned on the validation event
2026-09-27T10:16:45+00:00,2e7b230,model2,unet_tt,persistence,test,macro,+3d,newly_flooded,iou,0.0555,0.0,0.0555,1,5153312,dem=glo30-2021;ecmwf=open-0p25;generator=synthetic-1;gfm=V0M2R2;glofas=4.5;imerg=V07;sentinel1=synthetic,IoU/F1 at thresholds tuned on the validation event
2026-09-27T10:16:45+00:00,2e7b230,model2,unet_tt,persistence,test,macro,+3d,newly_flooded,precision,0.059,,,1,5153312,dem=glo30-2021;ecmwf=open-0p25;generator=synthetic-1;gfm=V0M2R2;glofas=4.5;imerg=V07;sentinel1=synthetic,IoU/F1 at thresholds tuned on the validation event
2026-09-27T10:16:45+00:00,2e7b230,model2,unet_tt,persistence,test,macro,+3d,newly_flooded,recall,0.4792,0.0,0.4792,1,5153312,dem=glo30-2021;ecmwf=open-0p25;generator=synthetic-1;gfm=V0M2R2;glofas=4.5;imerg=V07;sentinel1=synthetic,IoU/F1 at thresholds tuned on the validation event
2026-09-27T10:16:45+00:00,2e7b230,model2,unet_tt,persistence,test,macro,+4d,all,brier,0.0389,0.0218,-0.7892,1,5286018,dem=glo30-2021;ecmwf=open-0p25;generator=synthetic-1;gfm=V0M2R2;glofas=4.5;imerg=V07;sentinel1=synthetic,IoU/F1 at thresholds tuned on the validation event
2026-09-27T10:16:45+00:00,2e7b230,model2,unet_tt,persistence,test,macro,+4d,all,ece,0.0437,0.0121,-2.6207,1,5286018,dem=glo30-2021;ecmwf=open-0p25;generator=synthetic-1;gfm=V0M2R2;glofas=4.5;imerg=V07;sentinel1=synthetic,IoU/F1 at thresholds tuned on the validation event
2026-09-27T10:16:45+00:00,2e7b230,model2,unet_tt,persistence,test,macro,+4d,all,f1,0.2556,0.5777,-0.7627,1,5286018,dem=glo30-2021;ecmwf=open-0p25;generator=synthetic-1;gfm=V0M2R2;glofas=4.5;imerg=V07;sentinel1=synthetic,IoU/F1 at thresholds tuned on the validation event
2026-09-27T10:16:45+00:00,2e7b230,model2,unet_tt,persistence,test,macro,+4d,all,iou,0.1465,0.4062,-0.4372,1,5286018,dem=glo30-2021;ecmwf=open-0p25;generator=synthetic-1;gfm=V0M2R2;glofas=4.5;imerg=V07;sentinel1=synthetic,IoU/F1 at thresholds tuned on the validation event
2026-09-27T10:16:45+00:00,2e7b230,model2,unet_tt,persistence,test,macro,+4d,all,precision,0.1607,0.5671,-0.939,1,5286018,dem=glo30-2021;ecmwf=open-0p25;generator=synthetic-1;gfm=V0M2R2;glofas=4.5;imerg=V07;sentinel1=synthetic,IoU/F1 at thresholds tuned on the validation event
2026-09-27T10:16:45+00:00,2e7b230,model2,unet_tt,persistence,test,macro,+4d,all,recall,0.6249,0.5887,0.0882,1,5286018,dem=glo30-2021;ecmwf=open-0p25;generator=synthetic-1;gfm=V0M2R2;glofas=4.5;imerg=V07;sentinel1=synthetic,IoU/F1 at thresholds tuned on the validation event
2026-09-27T10:16:45+00:00,2e7b230,model2,unet_tt,persistence,test,macro,+4d,drained,brier,0.3643,0.4159,0.1242,1,142342,dem=glo30-2021;ecmwf=open-0p25;generator=synthetic-1;gfm=V0M2R2;glofas=4.5;imerg=V07;sentinel1=synthetic,IoU/F1 at thresholds tuned on the validation event
2026-09-27T10:16:45+00:00,2e7b230,model2,unet_tt,persistence,test,macro,+4d,drained,ece,0.3898,0.4129,0.056,1,142342,dem=glo30-2021;ecmwf=open-0p25;generator=synthetic-1;gfm=V0M2R2;glofas=4.5;imerg=V07;sentinel1=synthetic,IoU/F1 at thresholds tuned on the validation event
2026-09-27T10:16:45+00:00,2e7b230,model2,unet_tt,persistence,test,macro,+4d,drained,f1,0.6035,0.0,0.6035,1,142342,dem=glo30-2021;ecmwf=open-0p25;generator=synthetic-1;gfm=V0M2R2;glofas=4.5;imerg=V07;sentinel1=synthetic,IoU/F1 at thresholds tuned on the validation event
2026-09-27T10:16:45+00:00,2e7b230,model2,unet_tt,persistence,test,macro,+4d,drained,iou,0.4321,0.0,0.4321,1,142342,dem=glo30-2021;ecmwf=open-0p25;generator=synthetic-1;gfm=V0M2R2;glofas=4.5;imerg=V07;sentinel1=synthetic,IoU/F1 at thresholds tuned on the validation event
2026-09-27T10:16:45+00:00,2e7b230,model2,unet_tt,persistence,test,macro,+4d,drained,precision,0.6039,,,1,142342,dem=glo30-2021;ecmwf=open-0p25;generator=synthetic-1;gfm=V0M2R2;glofas=4.5;imerg=V07;sentinel1=synthetic,IoU/F1 at thresholds tuned on the validation event
2026-09-27T10:16:45+00:00,2e7b230,model2,unet_tt,persistence,test,macro,+4d,drained,recall,0.603,0.0,0.603,1,142342,dem=glo30-2021;ecmwf=open-0p25;generator=synthetic-1;gfm=V0M2R2;glofas=4.5;imerg=V07;sentinel1=synthetic,IoU/F1 at thresholds tuned on the validation event
2026-09-27T10:16:45+00:00,2e7b230,model2,unet_tt,persistence,test,macro,+4d,near_breach,brier,0.2486,0.2801,0.1125,1,10832,dem=glo30-2021;ecmwf=open-0p25;generator=synthetic-1;gfm=V0M2R2;glofas=4.5;imerg=V07;sentinel1=synthetic,IoU/F1 at thresholds tuned on the validation event
2026-09-27T10:16:45+00:00,2e7b230,model2,unet_tt,persistence,test,macro,+4d,near_breach,ece,0.2345,0.2756,0.1493,1,10832,dem=glo30-2021;ecmwf=open-0p25;generator=synthetic-1;gfm=V0M2R2;glofas=4.5;imerg=V07;sentinel1=synthetic,IoU/F1 at thresholds tuned on the validation event
2026-09-27T10:16:45+00:00,2e7b230,model2,unet_tt,persistence,test,macro,+4d,near_breach,f1,0.4457,0.5818,-0.3254,1,10832,dem=glo30-2021;ecmwf=open-0p25;generator=synthetic-1;gfm=V0M2R2;glofas=4.5;imerg=V07;sentinel1=synthetic,IoU/F1 at thresholds tuned on the validation event
2026-09-27T10:16:45+00:00,2e7b230,model2,unet_tt,persistence,test,macro,+4d,near_breach,iou,0.2868,0.4102,-0.2093,1,10832,dem=glo30-2021;ecmwf=open-0p25;generator=synthetic-1;gfm=V0M2R2;glofas=4.5;imerg=V07;sentinel1=synthetic,IoU/F1 at thresholds tuned on the validation event
2026-09-27T10:16:45+00:00,2e7b230,model2,unet_tt,persistence,test,macro,+4d,near_breach,precision,0.4975,0.5053,-0.0159,1,10832,dem=glo30-2021;ecmwf=open-0p25;generator=synthetic-1;gfm=V0M2R2;glofas=4.5;imerg=V07;sentinel1=synthetic,IoU/F1 at thresholds tuned on the validation event
2026-09-27T10:16:45+00:00,2e7b230,model2,unet_tt,persistence,test,macro,+4d,near_breach,recall,0.4037,0.6855,-0.8961,1,10832,dem=glo30-2021;ecmwf=open-0p25;generator=synthetic-1;gfm=V0M2R2;glofas=4.5;imerg=V07;sentinel1=synthetic,IoU/F1 at thresholds tuned on the validation event
2026-09-27T10:16:45+00:00,2e7b230,model2,unet_tt,persistence,test,macro,+4d,newly_flooded,brier,0.0299,0.0108,-1.7583,1,5143676,dem=glo30-2021;ecmwf=open-0p25;generator=synthetic-1;gfm=V0M2R2;glofas=4.5;imerg=V07;sentinel1=synthetic,IoU/F1 at thresholds tuned on the validation event
2026-09-27T10:16:45+00:00,2e7b230,model2,unet_tt,persistence,test,macro,+4d,newly_flooded,ece,0.0404,0.001,-40.7688,1,5143676,dem=glo30-2021;ecmwf=open-0p25;generator=synthetic-1;gfm=V0M2R2;glofas=4.5;imerg=V07;sentinel1=synthetic,IoU/F1 at thresholds tuned on the validation event
2026-09-27T10:16:45+00:00,2e7b230,model2,unet_tt,persistence,test,macro,+4d,newly_flooded,f1,0.1153,0.0,0.1153,1,5143676,dem=glo30-2021;ecmwf=open-0p25;generator=synthetic-1;gfm=V0M2R2;glofas=4.5;imerg=V07;sentinel1=synthetic,IoU/F1 at thresholds tuned on the validation event
2026-09-27T10:16:45+00:00,2e7b230,model2,unet_tt,persistence,test,macro,+4d,newly_flooded,iou,0.0612,0.0,0.0612,1,5143676,dem=glo30-2021;ecmwf=open-0p25;generator=synthetic-1;gfm=V0M2R2;glofas=4.5;imerg=V07;sentinel1=synthetic,IoU/F1 at thresholds tuned on the validation event
2026-09-27T10:16:45+00:00,2e7b230,model2,unet_tt,persistence,test,macro,+4d,newly_flooded,precision,0.0648,,,1,5143676,dem=glo30-2021;ecmwf=open-0p25;generator=synthetic-1;gfm=V0M2R2;glofas=4.5;imerg=V07;sentinel1=synthetic,IoU/F1 at thresholds tuned on the validation event
2026-09-27T10:16:45+00:00,2e7b230,model2,unet_tt,persistence,test,macro,+4d,newly_flooded,recall,0.5201,0.0,0.5201,1,5143676,dem=glo30-2021;ecmwf=open-0p25;generator=synthetic-1;gfm=V0M2R2;glofas=4.5;imerg=V07;sentinel1=synthetic,IoU/F1 at thresholds tuned on the validation event
2026-09-27T10:16:45+00:00,2e7b230,model2,unet_tt,persistence,test,macro,+5d,all,brier,0.0317,0.0273,-0.1612,1,5286018,dem=glo30-2021;ecmwf=open-0p25;generator=synthetic-1;gfm=V0M2R2;glofas=4.5;imerg=V07;sentinel1=synthetic,IoU/F1 at thresholds tuned on the validation event
2026-09-27T10:16:45+00:00,2e7b230,model2,unet_tt,persistence,test,macro,+5d,all,ece,0.0309,0.0178,-0.7414,1,5286018,dem=glo30-2021;ecmwf=open-0p25;generator=synthetic-1;gfm=V0M2R2;glofas=4.5;imerg=V07;sentinel1=synthetic,IoU/F1 at thresholds tuned on the validation event
2026-09-27T10:16:45+00:00,2e7b230,model2,unet_tt,persistence,test,macro,+5d,all,f1,0.2809,0.4659,-0.3465,1,5286018,dem=glo30-2021;ecmwf=open-0p25;generator=synthetic-1;gfm=V0M2R2;glofas=4.5;imerg=V07;sentinel1=synthetic,IoU/F1 at thresholds tuned on the validation event
2026-09-27T10:16:45+00:00,2e7b230,model2,unet_tt,persistence,test,macro,+5d,all,iou,0.1634,0.3037,-0.2016,1,5286018,dem=glo30-2021;ecmwf=open-0p25;generator=synthetic-1;gfm=V0M2R2;glofas=4.5;imerg=V07;sentinel1=synthetic,IoU/F1 at thresholds tuned on the validation event
2026-09-27T10:16:45+00:00,2e7b230,model2,unet_tt,persistence,test,macro,+5d,all,precision,0.1796,0.4608,-0.5213,1,5286018,dem=glo30-2021;ecmwf=open-0p25;generator=synthetic-1;gfm=V0M2R2;glofas=4.5;imerg=V07;sentinel1=synthetic,IoU/F1 at thresholds tuned on the validation event
2026-09-27T10:16:45+00:00,2e7b230,model2,unet_tt,persistence,test,macro,+5d,all,recall,0.6432,0.4712,0.3253,1,5286018,dem=glo30-2021;ecmwf=open-0p25;generator=synthetic-1;gfm=V0M2R2;glofas=4.5;imerg=V07;sentinel1=synthetic,IoU/F1 at thresholds tuned on the validation event
2026-09-27T10:16:45+00:00,2e7b230,model2,unet_tt,persistence,test,macro,+5d,drained,brier,0.3183,0.5181,0.3856,1,140243,dem=glo30-2021;ecmwf=open-0p25;generator=synthetic-1;gfm=V0M2R2;glofas=4.5;imerg=V07;sentinel1=synthetic,IoU/F1 at thresholds tuned on the validation event
2026-09-27T10:16:45+00:00,2e7b230,model2,unet_tt,persistence,test,macro,+5d,drained,ece,0.313,0.5192,0.3972,1,140243,dem=glo30-2021;ecmwf=open-0p25;generator=synthetic-1;gfm=V0M2R2;glofas=4.5;imerg=V07;sentinel1=synthetic,IoU/F1 at thresholds tuned on the validation event
2026-09-27T10:16:45+00:00,2e7b230,model2,unet_tt,persistence,test,macro,+5d,drained,f1,0.6194,0.0,0.6194,1,140243,dem=glo30-2021;ecmwf=open-0p25;generator=synthetic-1;gfm=V0M2R2;glofas=4.5;imerg=V07;sentinel1=synthetic,IoU/F1 at thresholds tuned on the validation event
2026-09-27T10:16:45+00:00,2e7b230,model2,unet_tt,persistence,test,macro,+5d,drained,iou,0.4486,0.0,0.4486,1,140243,dem=glo30-2021;ecmwf=open-0p25;generator=synthetic-1;gfm=V0M2R2;glofas=4.5;imerg=V07;sentinel1=synthetic,IoU/F1 at thresholds tuned on the validation event
2026-09-27T10:16:45+00:00,2e7b230,model2,unet_tt,persistence,test,macro,+5d,drained,precision,0.6746,,,1,140243,dem=glo30-2021;ecmwf=open-0p25;generator=synthetic-1;gfm=V0M2R2;glofas=4.5;imerg=V07;sentinel1=synthetic,IoU/F1 at thresholds tuned on the validation event
2026-09-27T10:16:45+00:00,2e7b230,model2,unet_tt,persistence,test,macro,+5d,drained,recall,0.5726,0.0,0.5726,1,140243,dem=glo30-2021;ecmwf=open-0p25;generator=synthetic-1;gfm=V0M2R2;glofas=4.5;imerg=V07;sentinel1=synthetic,IoU/F1 at thresholds tuned on the validation event
2026-09-27T10:16:45+00:00,2e7b230,model2,unet_tt,persistence,test,macro,+5d,near_breach,brier,0.1774,0.3029,0.4145,1,8101,dem=glo30-2021;ecmwf=open-0p25;generator=synthetic-1;gfm=V0M2R2;glofas=4.5;imerg=V07;sentinel1=synthetic,IoU/F1 at thresholds tuned on the validation event
2026-09-27T10:16:45+00:00,2e7b230,model2,unet_tt,persistence,test,macro,+5d,near_breach,ece,0.1586,0.2997,0.4707,1,8101,dem=glo30-2021;ecmwf=open-0p25;generator=synthetic-1;gfm=V0M2R2;glofas=4.5;imerg=V07;sentinel1=synthetic,IoU/F1 at thresholds tuned on the validation event
2026-09-27T10:16:45+00:00,2e7b230,model2,unet_tt,persistence,test,macro,+5d,near_breach,f1,0.559,0.5979,-0.0968,1,8101,dem=glo30-2021;ecmwf=open-0p25;generator=synthetic-1;gfm=V0M2R2;glofas=4.5;imerg=V07;sentinel1=synthetic,IoU/F1 at thresholds tuned on the validation event
2026-09-27T10:16:45+00:00,2e7b230,model2,unet_tt,persistence,test,macro,+5d,near_breach,iou,0.3879,0.4264,-0.0671,1,8101,dem=glo30-2021;ecmwf=open-0p25;generator=synthetic-1;gfm=V0M2R2;glofas=4.5;imerg=V07;sentinel1=synthetic,IoU/F1 at thresholds tuned on the validation event
2026-09-27T10:16:45+00:00,2e7b230,model2,unet_tt,persistence,test,macro,+5d,near_breach,precision,0.4805,0.4305,0.0879,1,8101,dem=glo30-2021;ecmwf=open-0p25;generator=synthetic-1;gfm=V0M2R2;glofas=4.5;imerg=V07;sentinel1=synthetic,IoU/F1 at thresholds tuned on the validation event
2026-09-27T10:16:45+00:00,2e7b230,model2,unet_tt,persistence,test,macro,+5d,near_breach,recall,0.668,0.9784,-14.3333,1,8101,dem=glo30-2021;ecmwf=open-0p25;generator=synthetic-1;gfm=V0M2R2;glofas=4.5;imerg=V07;sentinel1=synthetic,IoU/F1 at thresholds tuned on the validation event
2026-09-27T10:16:45+00:00,2e7b230,model2,unet_tt,persistence,test,macro,+5d,newly_flooded,brier,0.0239,0.0139,-0.7163,1,5145775,dem=glo30-2021;ecmwf=open-0p25;generator=synthetic-1;gfm=V0M2R2;glofas=4.5;imerg=V07;sentinel1=synthetic,IoU/F1 at thresholds tuned on the validation event
2026-09-27T10:16:45+00:00,2e7b230,model2,unet_tt,persistence,test,macro,+5d,newly_flooded,ece,0.0282,0.0041,-5.8795,1,5145775,dem=glo30-2021;ecmwf=open-0p25;generator=synthetic-1;gfm=V0M2R2;glofas=4.5;imerg=V07;sentinel1=synthetic,IoU/F1 at thresholds tuned on the validation event
2026-09-27T10:16:45+00:00,2e7b230,model2,unet_tt,persistence,test,macro,+5d,newly_flooded,f1,0.1825,0.0,0.1825,1,5145775,dem=glo30-2021;ecmwf=open-0p25;generator=synthetic-1;gfm=V0M2R2;glofas=4.5;imerg=V07;sentinel1=synthetic,IoU/F1 at thresholds tuned on the validation event
2026-09-27T10:16:45+00:00,2e7b230,model2,unet_tt,persistence,test,macro,+5d,newly_flooded,iou,0.1004,0.0,0.1004,1,5145775,dem=glo30-2021;ecmwf=open-0p25;generator=synthetic-1;gfm=V0M2R2;glofas=4.5;imerg=V07;sentinel1=synthetic,IoU/F1 at thresholds tuned on the validation event
2026-09-27T10:16:45+00:00,2e7b230,model2,unet_tt,persistence,test,macro,+5d,newly_flooded,precision,0.1072,,,1,5145775,dem=glo30-2021;ecmwf=open-0p25;generator=synthetic-1;gfm=V0M2R2;glofas=4.5;imerg=V07;sentinel1=synthetic,IoU/F1 at thresholds tuned on the validation event
2026-09-27T10:16:45+00:00,2e7b230,model2,unet_tt,persistence,test,macro,+5d,newly_flooded,recall,0.6133,0.0,0.6133,1,5145775,dem=glo30-2021;ecmwf=open-0p25;generator=synthetic-1;gfm=V0M2R2;glofas=4.5;imerg=V07;sentinel1=synthetic,IoU/F1 at thresholds tuned on the validation event
2026-09-27T10:16:45+00:00,2e7b230,model2,unet_tt,persistence,test,macro,+6d,all,brier,0.0286,0.0284,-0.0049,1,5286018,dem=glo30-2021;ecmwf=open-0p25;generator=synthetic-1;gfm=V0M2R2;glofas=4.5;imerg=V07;sentinel1=synthetic,IoU/F1 at thresholds tuned on the validation event
2026-09-27T10:16:45+00:00,2e7b230,model2,unet_tt,persistence,test,macro,+6d,all,ece,0.0245,0.0189,-0.2909,1,5286018,dem=glo30-2021;ecmwf=open-0p25;generator=synthetic-1;gfm=V0M2R2;glofas=4.5;imerg=V07;sentinel1=synthetic,IoU/F1 at thresholds tuned on the validation event
2026-09-27T10:16:45+00:00,2e7b230,model2,unet_tt,persistence,test,macro,+6d,all,f1,0.2942,0.4566,-0.2988,1,5286018,dem=glo30-2021;ecmwf=open-0p25;generator=synthetic-1;gfm=V0M2R2;glofas=4.5;imerg=V07;sentinel1=synthetic,IoU/F1 at thresholds tuned on the validation event
2026-09-27T10:16:45+00:00,2e7b230,model2,unet_tt,persistence,test,macro,+6d,all,iou,0.1725,0.2958,-0.1752,1,5286018,dem=glo30-2021;ecmwf=open-0p25;generator=synthetic-1;gfm=V0M2R2;glofas=4.5;imerg=V07;sentinel1=synthetic,IoU/F1 at thresholds tuned on the validation event
2026-09-27T10:16:45+00:00,2e7b230,model2,unet_tt,persistence,test,macro,+6d,all,precision,0.1877,0.441,-0.4532,1,5286018,dem=glo30-2021;ecmwf=open-0p25;generator=synthetic-1;gfm=V0M2R2;glofas=4.5;imerg=V07;sentinel1=synthetic,IoU/F1 at thresholds tuned on the validation event
2026-09-27T10:16:45+00:00,2e7b230,model2,unet_tt,persistence,test,macro,+6d,all,recall,0.6798,0.4732,0.3922,1,5286018,dem=glo30-2021;ecmwf=open-0p25;generator=synthetic-1;gfm=V0M2R2;glofas=4.5;imerg=V07;sentinel1=synthetic,IoU/F1 at thresholds tuned on the validation event
2026-09-27T10:16:45+00:00,2e7b230,model2,unet_tt,persistence,test,macro,+6d,drained,brier,0.2976,0.537,0.4457,1,147146,dem=glo30-2021;ecmwf=open-0p25;generator=synthetic-1;gfm=V0M2R2;glofas=4.5;imerg=V07;sentinel1=synthetic,IoU/F1 at thresholds tuned on the validation event
2026-09-27T10:16:45+00:00,2e7b230,model2,unet_tt,persistence,test,macro,+6d,drained,ece,0.2798,0.539,0.4808,1,147146,dem=glo30-2021;ecmwf=open-0p25;generator=synthetic-1;gfm=V0M2R2;glofas=4.5;imerg=V07;sentinel1=synthetic,IoU/F1 at thresholds tuned on the validation event
2026-09-27T10:16:45+00:00,2e7b230,model2,unet_tt,persistence,test,macro,+6d,drained,f1,0.6043,0.0,0.6043,1,147146,dem=glo30-2021;ecmwf=open-0p25;generator=synthetic-1;gfm=V0M2R2;glofas=4.5;imerg=V07;sentinel1=synthetic,IoU/F1 at thresholds tuned on the validation event
2026-09-27T10:16:45+00:00,2e7b230,model2,unet_tt,persistence,test,macro,+6d,drained,iou,0.433,0.0,0.433,1,147146,dem=glo30-2021;ecmwf=open-0p25;generator=synthetic-1;gfm=V0M2R2;glofas=4.5;imerg=V07;sentinel1=synthetic,IoU/F1 at thresholds tuned on the validation event
2026-09-27T10:16:45+00:00,2e7b230,model2,unet_tt,persistence,test,macro,+6d,drained,precision,0.6895,,,1,147146,dem=glo30-2021;ecmwf=open-0p25;generator=synthetic-1;gfm=V0M2R2;glofas=4.5;imerg=V07;sentinel1=synthetic,IoU/F1 at thresholds tuned on the validation event
2026-09-27T10:16:45+00:00,2e7b230,model2,unet_tt,persistence,test,macro,+6d,drained,recall,0.5379,0.0,0.5379,1,147146,dem=glo30-2021;ecmwf=open-0p25;generator=synthetic-1;gfm=V0M2R2;glofas=4.5;imerg=V07;sentinel1=synthetic,IoU/F1 at thresholds tuned on the validation event
2026-09-27T10:16:45+00:00,2e7b230,model2,unet_tt,persistence,test,macro,+6d,near_breach,brier,0.1485,0.3748,0.6038,1,10706,dem=glo30-2021;ecmwf=open-0p25;generator=synthetic-1;gfm=V0M2R2;glofas=4.5;imerg=V07;sentinel1=synthetic,IoU/F1 at thresholds tuned on the validation event
2026-09-27T10:16:45+00:00,2e7b230,model2,unet_tt,persistence,test,macro,+6d,near_breach,ece,0.112,0.3741,0.7005,1,10706,dem=glo30-2021;ecmwf=open-0p25;generator=synthetic-1;gfm=V0M2R2;glofas=4.5;imerg=V07;sentinel1=synthetic,IoU/F1 at thresholds tuned on the validation event
2026-09-27T10:16:45+00:00,2e7b230,model2,unet_tt,persistence,test,macro,+6d,near_breach,f1,0.477,0.5145,-0.0772,1,10706,dem=glo30-2021;ecmwf=open-0p25;generator=synthetic-1;gfm=V0M2R2;glofas=4.5;imerg=V07;sentinel1=synthetic,IoU/F1 at thresholds tuned on the validation event
2026-09-27T10:16:45+00:00,2e7b230,model2,unet_tt,persistence,test,macro,+6d,near_breach,iou,0.3132,0.3464,-0.0507,1,10706,dem=glo30-2021;ecmwf=open-0p25;generator=synthetic-1;gfm=V0M2R2;glofas=4.5;imerg=V07;sentinel1=synthetic,IoU/F1 at thresholds tuned on the validation event
2026-09-27T10:16:45+00:00,2e7b230,model2,unet_tt,persistence,test,macro,+6d,near_breach,precision,0.3576,0.3494,0.0126,1,10706,dem=glo30-2021;ecmwf=open-0p25;generator=synthetic-1;gfm=V0M2R2;glofas=4.5;imerg=V07;sentinel1=synthetic,IoU/F1 at thresholds tuned on the validation event
2026-09-27T10:16:45+00:00,2e7b230,model2,unet_tt,persistence,test,macro,+6d,near_breach,recall,0.7162,0.9753,-10.5,1,10706,dem=glo30-2021;ecmwf=open-0p25;generator=synthetic-1;gfm=V0M2R2;glofas=4.5;imerg=V07;sentinel1=synthetic,IoU/F1 at thresholds tuned on the validation event
2026-09-27T10:16:45+00:00,2e7b230,model2,unet_tt,persistence,test,macro,+6d,newly_flooded,brier,0.0209,0.0139,-0.5043,1,5138872,dem=glo30-2021;ecmwf=open-0p25;generator=synthetic-1;gfm=V0M2R2;glofas=4.5;imerg=V07;sentinel1=synthetic,IoU/F1 at thresholds tuned on the validation event
2026-09-27T10:16:45+00:00,2e7b230,model2,unet_tt,persistence,test,macro,+6d,newly_flooded,ece,0.0239,0.0041,-4.8997,1,5138872,dem=glo30-2021;ecmwf=open-0p25;generator=synthetic-1;gfm=V0M2R2;glofas=4.5;imerg=V07;sentinel1=synthetic,IoU/F1 at thresholds tuned on the validation event
2026-09-27T10:16:45+00:00,2e7b230,model2,unet_tt,persistence,test,macro,+6d,newly_flooded,f1,0.1986,0.0,0.1986,1,5138872,dem=glo30-2021;ecmwf=open-0p25;generator=synthetic-1;gfm=V0M2R2;glofas=4.5;imerg=V07;sentinel1=synthetic,IoU/F1 at thresholds tuned on the validation event
2026-09-27T10:16:45+00:00,2e7b230,model2,unet_tt,persistence,test,macro,+6d,newly_flooded,iou,0.1103,0.0,0.1103,1,5138872,dem=glo30-2021;ecmwf=open-0p25;generator=synthetic-1;gfm=V0M2R2;glofas=4.5;imerg=V07;sentinel1=synthetic,IoU/F1 at thresholds tuned on the validation event
2026-09-27T10:16:45+00:00,2e7b230,model2,unet_tt,persistence,test,macro,+6d,newly_flooded,precision,0.1167,,,1,5138872,dem=glo30-2021;ecmwf=open-0p25;generator=synthetic-1;gfm=V0M2R2;glofas=4.5;imerg=V07;sentinel1=synthetic,IoU/F1 at thresholds tuned on the validation event
2026-09-27T10:16:45+00:00,2e7b230,model2,unet_tt,persistence,test,macro,+6d,newly_flooded,recall,0.6679,0.0,0.6679,1,5138872,dem=glo30-2021;ecmwf=open-0p25;generator=synthetic-1;gfm=V0M2R2;glofas=4.5;imerg=V07;sentinel1=synthetic,IoU/F1 at thresholds tuned on the validation event
2026-09-27T10:16:45+00:00,2e7b230,model2,unet_tt,persistence,test,macro,+7d,all,brier,0.0338,0.0291,-0.1593,1,5286018,dem=glo30-2021;ecmwf=open-0p25;generator=synthetic-1;gfm=V0M2R2;glofas=4.5;imerg=V07;sentinel1=synthetic,IoU/F1 at thresholds tuned on the validation event
2026-09-27T10:16:45+00:00,2e7b230,model2,unet_tt,persistence,test,macro,+7d,all,ece,0.0334,0.0197,-0.6994,1,5286018,dem=glo30-2021;ecmwf=open-0p25;generator=synthetic-1;gfm=V0M2R2;glofas=4.5;imerg=V07;sentinel1=synthetic,IoU/F1 at thresholds tuned on the validation event
2026-09-27T10:16:45+00:00,2e7b230,model2,unet_tt,persistence,test,macro,+7d,all,f1,0.2417,0.4247,-0.3181,1,5286018,dem=glo30-2021;ecmwf=open-0p25;generator=synthetic-1;gfm=V0M2R2;glofas=4.5;imerg=V07;sentinel1=synthetic,IoU/F1 at thresholds tuned on the validation event
2026-09-27T10:16:45+00:00,2e7b230,model2,unet_tt,persistence,test,macro,+7d,all,iou,0.1374,0.2696,-0.1809,1,5286018,dem=glo30-2021;ecmwf=open-0p25;generator=synthetic-1;gfm=V0M2R2;glofas=4.5;imerg=V07;sentinel1=synthetic,IoU/F1 at thresholds tuned on the validation event
2026-09-27T10:16:45+00:00,2e7b230,model2,unet_tt,persistence,test,macro,+7d,all,precision,0.1579,0.4235,-0.4608,1,5286018,dem=glo30-2021;ecmwf=open-0p25;generator=synthetic-1;gfm=V0M2R2;glofas=4.5;imerg=V07;sentinel1=synthetic,IoU/F1 at thresholds tuned on the validation event
2026-09-27T10:16:45+00:00,2e7b230,model2,unet_tt,persistence,test,macro,+7d,all,recall,0.5143,0.4258,0.1542,1,5286018,dem=glo30-2021;ecmwf=open-0p25;generator=synthetic-1;gfm=V0M2R2;glofas=4.5;imerg=V07;sentinel1=synthetic,IoU/F1 at thresholds tuned on the validation event
2026-09-27T10:16:45+00:00,2e7b230,model2,unet_tt,persistence,test,macro,+7d,drained,brier,0.2774,0.5538,0.499,1,137866,dem=glo30-2021;ecmwf=open-0p25;generator=synthetic-1;gfm=V0M2R2;glofas=4.5;imerg=V07;sentinel1=synthetic,IoU/F1 at thresholds tuned on the validation event
2026-09-27T10:16:45+00:00,2e7b230,model2,unet_tt,persistence,test,macro,+7d,drained,ece,0.2635,0.5565,0.5265,1,137866,dem=glo30-2021;ecmwf=open-0p25;generator=synthetic-1;gfm=V0M2R2;glofas=4.5;imerg=V07;sentinel1=synthetic,IoU/F1 at thresholds tuned on the validation event
2026-09-27T10:16:45+00:00,2e7b230,model2,unet_tt,persistence,test,macro,+7d,drained,f1,0.7608,0.0,0.7608,1,137866,dem=glo30-2021;ecmwf=open-0p25;generator=synthetic-1;gfm=V0M2R2;glofas=4.5;imerg=V07;sentinel1=synthetic,IoU/F1 at thresholds tuned on the validation event
2026-09-27T10:16:45+00:00,2e7b230,model2,unet_tt,persistence,test,macro,+7d,drained,iou,0.6139,0.0,0.6139,1,137866,dem=glo30-2021;ecmwf=open-0p25;generator=synthetic-1;gfm=V0M2R2;glofas=4.5;imerg=V07;sentinel1=synthetic,IoU/F1 at thresholds tuned on the validation event
2026-09-27T10:16:45+00:00,2e7b230,model2,unet_tt,persistence,test,macro,+7d,drained,precision,0.6634,,,1,137866,dem=glo30-2021;ecmwf=open-0p25;generator=synthetic-1;gfm=V0M2R2;glofas=4.5;imerg=V07;sentinel1=synthetic,IoU/F1 at thresholds tuned on the validation event
2026-09-27T10:16:45+00:00,2e7b230,model2,unet_tt,persistence,test,macro,+7d,drained,recall,0.8916,0.0,0.8916,1,137866,dem=glo30-2021;ecmwf=open-0p25;generator=synthetic-1;gfm=V0M2R2;glofas=4.5;imerg=V07;sentinel1=synthetic,IoU/F1 at thresholds tuned on the validation event
2026-09-27T10:16:45+00:00,2e7b230,model2,unet_tt,persistence,test,macro,+7d,near_breach,brier,0.1199,0.3523,0.6596,1,13437,dem=glo30-2021;ecmwf=open-0p25;generator=synthetic-1;gfm=V0M2R2;glofas=4.5;imerg=V07;sentinel1=synthetic,IoU/F1 at thresholds tuned on the validation event
2026-09-27T10:16:45+00:00,2e7b230,model2,unet_tt,persistence,test,macro,+7d,near_breach,ece,0.0826,0.3516,0.765,1,13437,dem=glo30-2021;ecmwf=open-0p25;generator=synthetic-1;gfm=V0M2R2;glofas=4.5;imerg=V07;sentinel1=synthetic,IoU/F1 at thresholds tuned on the validation event
2026-09-27T10:16:45+00:00,2e7b230,model2,unet_tt,persistence,test,macro,+7d,near_breach,f1,0.5386,0.4853,0.1036,1,13437,dem=glo30-2021;ecmwf=open-0p25;generator=synthetic-1;gfm=V0M2R2;glofas=4.5;imerg=V07;sentinel1=synthetic,IoU/F1 at thresholds tuned on the validation event
2026-09-27T10:16:45+00:00,2e7b230,model2,unet_tt,persistence,test,macro,+7d,near_breach,iou,0.3685,0.3204,0.0709,1,13437,dem=glo30-2021;ecmwf=open-0p25;generator=synthetic-1;gfm=V0M2R2;glofas=4.5;imerg=V07;sentinel1=synthetic,IoU/F1 at thresholds tuned on the validation event
2026-09-27T10:16:45+00:00,2e7b230,model2,unet_tt,persistence,test,macro,+7d,near_breach,precision,0.6379,0.323,0.4652,1,13437,dem=glo30-2021;ecmwf=open-0p25;generator=synthetic-1;gfm=V0M2R2;glofas=4.5;imerg=V07;sentinel1=synthetic,IoU/F1 at thresholds tuned on the validation event
2026-09-27T10:16:45+00:00,2e7b230,model2,unet_tt,persistence,test,macro,+7d,near_breach,recall,0.466,0.9748,-20.2,1,13437,dem=glo30-2021;ecmwf=open-0p25;generator=synthetic-1;gfm=V0M2R2;glofas=4.5;imerg=V07;sentinel1=synthetic,IoU/F1 at thresholds tuned on the validation event
2026-09-27T10:16:45+00:00,2e7b230,model2,unet_tt,persistence,test,macro,+7d,newly_flooded,brier,0.0273,0.0151,-0.8063,1,5148152,dem=glo30-2021;ecmwf=open-0p25;generator=synthetic-1;gfm=V0M2R2;glofas=4.5;imerg=V07;sentinel1=synthetic,IoU/F1 at thresholds tuned on the validation event
2026-09-27T10:16:45+00:00,2e7b230,model2,unet_tt,persistence,test,macro,+7d,newly_flooded,ece,0.0332,0.0053,-5.2754,1,5148152,dem=glo30-2021;ecmwf=open-0p25;generator=synthetic-1;gfm=V0M2R2;glofas=4.5;imerg=V07;sentinel1=synthetic,IoU/F1 at thresholds tuned on the validation event
2026-09-27T10:16:45+00:00,2e7b230,model2,unet_tt,persistence,test,macro,+7d,newly_flooded,f1,0.1946,0.0,0.1946,1,5148152,dem=glo30-2021;ecmwf=open-0p25;generator=synthetic-1;gfm=V0M2R2;glofas=4.5;imerg=V07;sentinel1=synthetic,IoU/F1 at thresholds tuned on the validation event
2026-09-27T10:16:45+00:00,2e7b230,model2,unet_tt,persistence,test,macro,+7d,newly_flooded,iou,0.1078,0.0,0.1078,1,5148152,dem=glo30-2021;ecmwf=open-0p25;generator=synthetic-1;gfm=V0M2R2;glofas=4.5;imerg=V07;sentinel1=synthetic,IoU/F1 at thresholds tuned on the validation event
2026-09-27T10:16:45+00:00,2e7b230,model2,unet_tt,persistence,test,macro,+7d,newly_flooded,precision,0.1157,,,1,5148152,dem=glo30-2021;ecmwf=open-0p25;generator=synthetic-1;gfm=V0M2R2;glofas=4.5;imerg=V07;sentinel1=synthetic,IoU/F1 at thresholds tuned on the validation event
2026-09-27T10:16:45+00:00,2e7b230,model2,unet_tt,persistence,test,macro,+7d,newly_flooded,recall,0.6107,0.0,0.6107,1,5148152,dem=glo30-2021;ecmwf=open-0p25;generator=synthetic-1;gfm=V0M2R2;glofas=4.5;imerg=V07;sentinel1=synthetic,IoU/F1 at thresholds tuned on the validation event
